driver_id,heart_rate_bpm,drowsiness_score,stress_level
873f0854-c9ae-4e3c-b04e-e59d9cf28c77,111,0.9507143064099162,0.7319939418114051
873f0854-c9ae-4e3c-b04e-e59d9cf28c77,120,0.596850157946487,0.44583275285359114
873f0854-c9ae-4e3c-b04e-e59d9cf28c77,83,0.6508884729488529,0.056411579027100256
873f0854-c9ae-4e3c-b04e-e59d9cf28c77,89,0.21233911067827616,0.18182496720710062
873f0854-c9ae-4e3c-b04e-e59d9cf28c77,80,0.6174815096277165,0.6116531604882809
95562c96-f0fe-4d18-b65e-7ab20d677443,108,0.5247746602583891,0.3998609717152555
95562c96-f0fe-4d18-b65e-7ab20d677443,119,0.3663618432936917,0.45606998421703593
95562c96-f0fe-4d18-b65e-7ab20d677443,106,0.6183860093330873,0.38246199126716274
95562c96-f0fe-4d18-b65e-7ab20d677443,123,0.4667628932479799,0.8599404067363206
95562c96-f0fe-4d18-b65e-7ab20d677443,66,0.17052412368729153,0.06505159298527952
6320210b-5a7d-429a-b3b2-6009ef316d64,63,0.9422017556848528,0.5632882178455393
6320210b-5a7d-429a-b3b2-6009ef316d64,68,0.015966252220214194,0.230893825622149
6320210b-5a7d-429a-b3b2-6009ef316d64,119,0.12203823484477883,0.4951769101112702
6320210b-5a7d-429a-b3b2-6009ef316d64,106,0.17336465350777208,0.3910606075732408
6320210b-5a7d-429a-b3b2-6009ef316d64,109,0.662522284353982,0.31171107608941095
0d668988-55bf-47f7-b92c-6f40ac2fa419,65,0.20794166286818883,0.5677003278199915
0d668988-55bf-47f7-b92c-6f40ac2fa419,122,0.8422847745949985,0.44975413336976566
0d668988-55bf-47f7-b92c-6f40ac2fa419,121,0.9266588657937942,0.7272719958564209
0d668988-55bf-47f7-b92c-6f40ac2fa419,74,0.0884925020519195,0.1959828624191452
0d668988-55bf-47f7-b92c-6f40ac2fa419,121,0.32533033076326434,0.388677289689482
226b8b91-7576-45ff-ad3b-e75f7be67236,112,0.5867511656638482,0.965255307264138
226b8b91-7576-45ff-ad3b-e75f7be67236,119,0.5426960831582485,0.14092422497476265
226b8b91-7576-45ff-ad3b-e75f7be67236,74,0.1652669390630025,0.01563640674119393
226b8b91-7576-45ff-ad3b-e75f7be67236,68,0.7722447692966574,0.1987156815341724
226b8b91-7576-45ff-ad3b-e75f7be67236,122,0.8154614284548342,0.7068573438476171
ee2ebdb6-4463-4c18-8563-361ad645ab85,94,0.7901755405312056,0.6059599747810114
ee2ebdb6-4463-4c18-8563-361ad645ab85,100,0.9149596755437808,0.8500385777897993
ee2ebdb6-4463-4c18-8563-361ad645ab85,71,0.3308980248526492,0.06355835028602363
ee2ebdb6-4463-4c18-8563-361ad645ab85,82,0.6688412526636073,0.6659223566174967
ee2ebdb6-4463-4c18-8563-361ad645ab85,103,0.6375574713552131,0.8872127425763265
1f92be92-d590-4867-bfaa-a6992aa4396d,124,0.38292687475378984,0.9717120953891037
1f92be92-d590-4867-bfaa-a6992aa4396d,62,0.7607850486168974,0.5612771975694962
1f92be92-d590-4867-bfaa-a6992aa4396d,73,0.49379559636439074,0.5227328293819941
1f92be92-d590-4867-bfaa-a6992aa4396d,74,0.11089082081183133,0.4393365018657701
1f92be92-d590-4867-bfaa-a6992aa4396d,110,0.03142918568673425,0.6364104112637804
b68ed926-34da-47e0-9078-4f1eb2336b91,111,0.5632755719763837,0.6955160864261275
b68ed926-34da-47e0-9078-4f1eb2336b91,82,0.6044173792778172,0.5398410913016731
b68ed926-34da-47e0-9078-4f1eb2336b91,88,0.22879816549162246,0.07697990982879299
b68ed926-34da-47e0-9078-4f1eb2336b91,118,0.6947849330397046,0.8804678390152577
b68ed926-34da-47e0-9078-4f1eb2336b91,101,0.808120379564417,0.6334037565104235
7fa981da-07c2-456c-a4a7-4fbfdb5522f1,65,0.45653457048291024,0.2184404372168336
7fa981da-07c2-456c-a4a7-4fbfdb5522f1,89,0.8832802589188683,0.32434502100527396
7fa981da-07c2-456c-a4a7-4fbfdb5522f1,121,0.11005192452767676,0.22793516254194168
7fa981da-07c2-456c-a4a7-4fbfdb5522f1,121,0.0005203769953158188,0.352568856334169
7fa981da-07c2-456c-a4a7-4fbfdb5522f1,62,0.006952130531190703,0.5107473025775657
f26713ae-917f-4a78-ae6e-b853afb6a84c,68,0.4848299713589832,0.6924360328902703
f26713ae-917f-4a78-ae6e-b853afb6a84c,103,0.24412552224777417,0.16829104217293056
f26713ae-917f-4a78-ae6e-b853afb6a84c,91,0.5187906217433661,0.7030189588951778
f26713ae-917f-4a78-ae6e-b853afb6a84c,121,0.9717820827209607,0.9624472949421112
f26713ae-917f-4a78-ae6e-b853afb6a84c,98,0.49724850589238545,0.30087830981676966
617530ae-f3bd-4823-9dad-d4718ad5e564,115,0.036886947354532795,0.6095643339798968
617530ae-f3bd-4823-9dad-d4718ad5e564,61,0.4110370133182313,0.033050732900548385
617530ae-f3bd-4823-9dad-d4718ad5e564,60,0.23956189066697242,0.1448948720912231
617530ae-f3bd-4823-9dad-d4718ad5e564,103,0.44778316457309164,0.552893089071328
617530ae-f3bd-4823-9dad-d4718ad5e564,127,0.08085332633271525,0.36965445606140446
62d8edb5-1521-4c96-abcc-d1039c6ce0d5,76,0.7282163486118596,0.3677831327192532
62d8edb5-1521-4c96-abcc-d1039c6ce0d5,129,0.39882444244455306,0.8164318732193839
62d8edb5-1521-4c96-abcc-d1039c6ce0d5,75,0.835302495589238,0.32078006497173583
62d8edb5-1521-4c96-abcc-d1039c6ce0d5,129,0.6958128067908819,0.8583588048137198
62d8edb5-1521-4c96-abcc-d1039c6ce0d5,118,0.2202410475655483,0.7111495324380178
ba098529-3f0a-4c8b-9f5a-960e892f884a,78,0.3486659872917294,0.09617655109142076
ba098529-3f0a-4c8b-9f5a-960e892f884a,92,0.3975720210875223,0.5177513505274801
ba098529-3f0a-4c8b-9f5a-960e892f884a,60,0.6756901170392807,0.7352161192407721
ba098529-3f0a-4c8b-9f5a-960e892f884a,109,0.9246936182785628,0.877339353380981
ba098529-3f0a-4c8b-9f5a-960e892f884a,66,0.659984046034179,0.8172222002012158
b6b842c9-6409-4da2-af8e-c32135882c69,119,0.260829174830409,0.9962536997579243
b6b842c9-6409-4da2-af8e-c32135882c69,71,0.5582934536070976,0.8826363431893397
b6b842c9-6409-4da2-af8e-c32135882c69,68,0.2788713525921819,0.7003578299727713
b6b842c9-6409-4da2-af8e-c32135882c69,62,0.8563242918780924,0.4045081271221901
b6b842c9-6409-4da2-af8e-c32135882c69,92,0.6420316461542878,0.08413996499504883
3ac54ba1-24ec-4c46-9ec8-3a3767908cb0,95,0.8985541885270792,0.6064290596595899
3ac54ba1-24ec-4c46-9ec8-3a3767908cb0,84,0.005061583846218687,0.16080805141749865
3ac54ba1-24ec-4c46-9ec8-3a3767908cb0,125,0.6918951976926933,0.6519612595026005
3ac54ba1-24ec-4c46-9ec8-3a3767908cb0,100,0.17592525267734538,0.018075363615520867
3ac54ba1-24ec-4c46-9ec8-3a3767908cb0,73,0.3253996981592677,0.7464914051180241
14f12100-d202-4943-9631-27801ac5e8b0,67,0.8492234104941779,0.6576128923003434
14f12100-d202-4943-9631-27801ac5e8b0,92,0.5425402305548993,0.50881407683876
14f12100-d202-4943-9631-27801ac5e8b0,81,0.24398964337908358,0.9730105547524456
14f12100-d202-4943-9631-27801ac5e8b0,110,0.8920465551771133,0.6311386259972629
14f12100-d202-4943-9631-27801ac5e8b0,80,0.5026370931051921,0.5769038846263591
b1004962-0ea3-4c60-ac32-41c76a1c09ed,123,0.8641675650719031,0.23018526824155527
b1004962-0ea3-4c60-ac32-41c76a1c09ed,107,0.2807723624408558,0.02431596643145384
b1004962-0ea3-4c60-ac32-41c76a1c09ed,108,0.04360377175443375,0.994550510797341
b1004962-0ea3-4c60-ac32-41c76a1c09ed,89,0.9539285770025874,0.9148643902204485
b1004962-0ea3-4c60-ac32-41c76a1c09ed,96,0.9283185625877254,0.42818414831731433
4f057204-cb17-480d-a4cc-531bed0d2773,112,0.5722924691708383,0.9803315837160457
4f057204-cb17-480d-a4cc-531bed0d2773,122,0.30569701928718185,0.19091103115034602
4f057204-cb17-480d-a4cc-531bed0d2773,92,0.31692200515627766,0.1694927466860925
4f057204-cb17-480d-a4cc-531bed0d2773,84,0.3946914668094722,0.8442131407263114
4f057204-cb17-480d-a4cc-531bed0d2773,126,0.570061170089365,0.09717649377076854
f6118f94-91ea-450d-92df-9eba9bfbbb04,91,0.6711435168240506,0.3586467812961639
f6118f94-91ea-450d-92df-9eba9bfbbb04,86,0.29529058841893874,0.3225507642386005
f6118f94-91ea-450d-92df-9eba9bfbbb04,92,0.13662133144202881,0.7089109969101186
f6118f94-91ea-450d-92df-9eba9bfbbb04,98,0.29359184426449336,0.8093611554785136
f6118f94-91ea-450d-92df-9eba9bfbbb04,109,0.8670723185801037,0.9132405525564713
a19777e9-aa8a-4988-9250-6f8753442ac2,66,0.5015162946871996,0.7982951789667752
a19777e9-aa8a-4988-9250-6f8753442ac2,124,0.07094091699992766,0.3967838272138884
a19777e9-aa8a-4988-9250-6f8753442ac2,73,0.8900053418175663,0.3379951568515358
a19777e9-aa8a-4988-9250-6f8753442ac2,125,0.43847412301808697,0.6720261352951994
a19777e9-aa8a-4988-9250-6f8753442ac2,110,0.46559801813246016,0.5426446347075766
9a4e68ce-f3d7-4547-ae27-a58e13df63da,81,0.5908332605690108,0.03050024993904943
9a4e68ce-f3d7-4547-ae27-a58e13df63da,111,0.0388347344294232,0.3032655146732228
9a4e68ce-f3d7-4547-ae27-a58e13df63da,119,0.3266512417960409,0.8278690037875887
9a4e68ce-f3d7-4547-ae27-a58e13df63da,119,0.21582102749684318,0.6228904758190003
9a4e68ce-f3d7-4547-ae27-a58e13df63da,127,0.8420230750119814,0.19438003399487302
c501ac66-440f-4a49-8dc2-1e7d9fadc22b,106,0.6995122107671938,0.13835309241780136
c501ac66-440f-4a49-8dc2-1e7d9fadc22b,75,0.9758520794625346,0.5163003483011953
c501ac66-440f-4a49-8dc2-1e7d9fadc22b,89,0.04106751676787579,0.39882090144479454
c501ac66-440f-4a49-8dc2-1e7d9fadc22b,78,0.4389714207056361,0.07845638134226596
c501ac66-440f-4a49-8dc2-1e7d9fadc22b,121,0.8359801205122058,0.695974206093698
04d73847-cf60-4f76-9c28-f8493f3efd17,60,0.17329432007084578,0.15643704267108605
04d73847-cf60-4f76-9c28-f8493f3efd17,93,0.23978735915740323,0.09387329008129175
04d73847-cf60-4f76-9c28-f8493f3efd17,60,0.9548652806631941,0.7378969166957685
04d73847-cf60-4f76-9c28-f8493f3efd17,122,0.43567289867789105,0.7300393165618185
04d73847-cf60-4f76-9c28-f8493f3efd17,126,0.24773098950115746,0.3559726786512616
6936490e-dc03-41f7-a0a0-2a675a88bf14,116,0.3418796667164016,0.09179906581344188
6936490e-dc03-41f7-a0a0-2a675a88bf14,106,0.040728802318970136,0.8554605840110072
6936490e-dc03-41f7-a0a0-2a675a88bf14,128,0.4741738290873252,0.09783416065100148
6936490e-dc03-41f7-a0a0-2a675a88bf14,107,0.8069129770507795,0.3463043210894008
6936490e-dc03-41f7-a0a0-2a675a88bf14,82,0.048058924197033726,0.9491457315913859
d8de7bf3-df50-4d81-a569-b93ddf294d50,93,0.26089362334171395,0.01530454029038475
d8de7bf3-df50-4d81-a569-b93ddf294d50,78,0.5031362585800877,0.8564898411883223
d8de7bf3-df50-4d81-a569-b93ddf294d50,128,0.6839637693981411,0.6158511643899138
d8de7bf3-df50-4d81-a569-b93ddf294d50,61,0.026511310541621813,0.5857755812734633
d8de7bf3-df50-4d81-a569-b93ddf294d50,83,0.6771683423829817,0.5733670416719333
752ee9d0-bb90-4020-9411-0ae44caebbff,92,0.45825289049151663,0.5456167893159349
752ee9d0-bb90-4020-9411-0ae44caebbff,71,0.38610263780077425,0.9611905638239142
752ee9d0-bb90-4020-9411-0ae44caebbff,102,0.19579113478929644,0.06936130087516545
752ee9d0-bb90-4020-9411-0ae44caebbff,105,0.018221825651549728,0.0944429607559284
752ee9d0-bb90-4020-9411-0ae44caebbff,94,0.3365542148887265,0.6557226353807422
9e145d2a-dbd7-4a17-97a1-a5c31d5e5b61,85,0.6816136689727897,0.34062456946424
9e145d2a-dbd7-4a17-97a1-a5c31d5e5b61,66,0.11816482762165625,0.6967371653641506
9e145d2a-dbd7-4a17-97a1-a5c31d5e5b61,88,0.039186326675646255,0.41794603171557876
9e145d2a-dbd7-4a17-97a1-a5c31d5e5b61,95,0.17743954377972282,0.7506147516408583
9e145d2a-dbd7-4a17-97a1-a5c31d5e5b61,123,0.5759245752580846,0.7316477552996402
c1fe397f-a5db-4059-b19d-021624598c79,95,0.37201808579278317,0.7764129607419968
c1fe397f-a5db-4059-b19d-021624598c79,83,0.8671166072097221,0.5618666921437736
c1fe397f-a5db-4059-b19d-021624598c79,71,0.42899402737501835,0.7508710677914974
c1fe397f-a5db-4059-b19d-021624598c79,89,0.9025529066795667,0.5052523724478571
c1fe397f-a5db-4059-b19d-021624598c79,72,0.8955232284962005,0.3892016787341631
faceec0e-a231-4367-879a-e08ef9c28a73,71,0.9585414968831983,0.8471431440955898
faceec0e-a231-4367-879a-e08ef9c28a73,68,0.31931363759041487,0.9500619670508049
faceec0e-a231-4367-879a-e08ef9c28a73,111,0.5734378881232861,0.6318372121697993
faceec0e-a231-4367-879a-e08ef9c28a73,128,0.29321077169806453,0.32866454536991596
faceec0e-a231-4367-879a-e08ef9c28a73,112,0.7915790437258485,0.7896181427945539
cf82dd0f-c696-4b53-820e-129a3ecf968b,112,0.49442030470258147,0.057558760016644284
cf82dd0f-c696-4b53-820e-129a3ecf968b,64,0.7370355567910089,0.5459157701649889
cf82dd0f-c696-4b53-820e-129a3ecf968b,77,0.9686519439741349,0.6880300101750391
cf82dd0f-c696-4b53-820e-129a3ecf968b,117,0.6182180633162611,0.10112267612279024
cf82dd0f-c696-4b53-820e-129a3ecf968b,66,0.4260914750469411,0.22257641757103053
5d8cd350-df75-4c4a-8e07-fba568487399,68,0.8218600592903562,0.7062422271564962
5d8cd350-df75-4c4a-8e07-fba568487399,64,0.5133261686923929,0.2332280724245278
5d8cd350-df75-4c4a-8e07-fba568487399,67,0.3742707957561203,0.3706421470668909
5d8cd350-df75-4c4a-8e07-fba568487399,76,0.9472485773838587,0.9860010638228709
5d8cd350-df75-4c4a-8e07-fba568487399,63,0.35021824670031354,0.7081811955831998
e372eee1-42e5-47a8-b821-9e288462dd87,78,0.7771469159274368,0.558404249735805
e372eee1-42e5-47a8-b821-9e288462dd87,78,0.11119748230615134,0.49262510429085915
e372eee1-42e5-47a8-b821-9e288462dd87,72,0.4052020867814171,0.5714730252050106
e372eee1-42e5-47a8-b821-9e288462dd87,79,0.11881791626807192,0.11752624677710488
e372eee1-42e5-47a8-b821-9e288462dd87,98,0.7460448792654233,0.5833687650971596
7014fe56-1c38-4f15-b434-1ae709d82274,121,0.40022289287202484,0.47771489088022767
7014fe56-1c38-4f15-b434-1ae709d82274,84,0.8685991281894603,0.22359583851945264
7014fe56-1c38-4f15-b434-1ae709d82274,65,0.8021092490267341,0.9779006687542708
7014fe56-1c38-4f15-b434-1ae709d82274,104,0.04315991195057611,0.8911431136980711
7014fe56-1c38-4f15-b434-1ae709d82274,95,0.5538542844013208,0.969302535619099
d2f91ecb-d36e-457a-be0c-607f828a6f31,77,0.16621543190925292,0.21680910658649122
d2f91ecb-d36e-457a-be0c-607f828a6f31,74,0.45454106476777323,0.6275580800840634
d2f91ecb-d36e-457a-be0c-607f828a6f31,62,0.901158010490989,0.04544638034145787
d2f91ecb-d36e-457a-be0c-607f828a6f31,71,0.9587024074078462,0.057863897757707394
d2f91ecb-d36e-457a-be0c-607f828a6f31,83,0.6201325978015367,0.2773811829811327
7359417b-9d17-417f-bea7-b6b0b6788017,95,0.46369840493998216,0.3533522280260528
7359417b-9d17-417f-bea7-b6b0b6788017,109,0.26593792496423896,0.36034509520526825
7359417b-9d17-417f-bea7-b6b0b6788017,123,0.45324084682883103,0.032315951109650465
7359417b-9d17-417f-bea7-b6b0b6788017,92,0.41120672087218624,0.6027818820232985
7359417b-9d17-417f-bea7-b6b0b6788017,88,0.1331851252237497,0.07620037959916315
3f185362-85e8-41ae-bf30-1b33ad1de847,65,0.949799913291924,0.72571950838836
3f185362-85e8-41ae-bf30-1b33ad1de847,106,0.9191765518355596,0.08274842003530614
3f185362-85e8-41ae-bf30-1b33ad1de847,89,0.8660638895004084,0.04521867010618941
3f185362-85e8-41ae-bf30-1b33ad1de847,92,0.7776022837352256,0.48037008186635466
3f185362-85e8-41ae-bf30-1b33ad1de847,108,0.37673896993794076,0.7495782999760721
3057145d-1557-4f50-a4bc-4b71260e13de,118,0.8421189231357087,0.8383287047111379
3057145d-1557-4f50-a4bc-4b71260e13de,60,0.013671964826997285,0.07535906035246231
3057145d-1557-4f50-a4bc-4b71260e13de,128,0.9997176732861306,0.9966368370739054
3057145d-1557-4f50-a4bc-4b71260e13de,112,0.585149532325472,0.7261208440718481
3057145d-1557-4f50-a4bc-4b71260e13de,76,0.24108483232963185,0.2050453285065249
0083fb0e-9c8d-466a-a31a-eec4a636e2b2,60,0.9540510272587224,0.60617463445088
0083fb0e-9c8d-466a-a31a-eec4a636e2b2,121,0.8782206674791923,0.7569991321722287
0083fb0e-9c8d-466a-a31a-eec4a636e2b2,93,0.3581627180328405,0.11355759219962902
0083fb0e-9c8d-466a-a31a-eec4a636e2b2,85,0.49816518664589293,0.4762106967890142
0083fb0e-9c8d-466a-a31a-eec4a636e2b2,62,0.5201635011119934,0.8521815003185401
bdcff929-e127-440d-b7f9-9d189a67062e,113,0.967973765439823,0.08840822336564658
bdcff929-e127-440d-b7f9-9d189a67062e,116,0.5899558971376361,0.48004596701847513
bdcff929-e127-440d-b7f9-9d189a67062e,82,0.755137255673619,0.6203095513534647
bdcff929-e127-440d-b7f9-9d189a67062e,125,0.8050446675193619,0.9031510586766263
bdcff929-e127-440d-b7f9-9d189a67062e,123,0.014544665667881929,0.350587558806597
2ccc082a-6cf7-4190-9cce-23de6cd7bb76,89,0.5548156085422257,0.09100209105133028
2ccc082a-6cf7-4190-9cce-23de6cd7bb76,111,0.5474463068991116,0.4509104474161044
2ccc082a-6cf7-4190-9cce-23de6cd7bb76,89,0.6220867002278735,0.8623637087467452
2ccc082a-6cf7-4190-9cce-23de6cd7bb76,64,0.7964717756738773,0.45934680794617244
2ccc082a-6cf7-4190-9cce-23de6cd7bb76,76,0.4921162930795382,0.25824438829895835
999e3e19-96cf-42df-b71d-46989007c4a5,128,0.980032575285477,0.4926180939928696
999e3e19-96cf-42df-b71d-46989007c4a5,102,0.24014561877819307,0.07586332810866392
999e3e19-96cf-42df-b71d-46989007c4a5,82,0.12804583895777244,0.15190269351229435
999e3e19-96cf-42df-b71d-46989007c4a5,75,0.6408747448032146,0.18188008439914483
999e3e19-96cf-42df-b71d-46989007c4a5,115,0.4116612143575281,0.8743176048544171
1d1813ec-3a2f-45b9-bc38-fb275ad68b37,86,0.6675577385210272,0.17231987120162984
1d1813ec-3a2f-45b9-bc38-fb275ad68b37,110,0.04086861626647886,0.16893506307216455
1d1813ec-3a2f-45b9-bc38-fb275ad68b37,101,0.17701048427674682,0.08870253375705561
1d1813ec-3a2f-45b9-bc38-fb275ad68b37,60,0.534423503732523,0.3559914842719861
1d1813ec-3a2f-45b9-bc38-fb275ad68b37,105,0.36426986104807546,0.5034172708548569
55d6e10c-ecb3-4055-9e4f-355535c275fe,104,0.321582764680029,0.09229058622874609
55d6e10c-ecb3-4055-9e4f-355535c275fe,106,0.6279003894909078,0.08175903194887191
55d6e10c-ecb3-4055-9e4f-355535c275fe,122,0.3772859652420726,0.0025950243836465603
55d6e10c-ecb3-4055-9e4f-355535c275fe,95,0.8062012797930613,0.7482596903836584
55d6e10c-ecb3-4055-9e4f-355535c275fe,111,0.2093493233367103,0.370472102791382
cfd12350-72ce-4f19-b483-007da7effddc,73,0.618254771530296,0.3689136395697724
cfd12350-72ce-4f19-b483-007da7effddc,61,0.7474709381337565,0.0366832028905979
cfd12350-72ce-4f19-b483-007da7effddc,115,0.13311692858747826,0.6871655054033311
cfd12350-72ce-4f19-b483-007da7effddc,82,0.5116774421156661,0.5321134852653157
cfd12350-72ce-4f19-b483-007da7effddc,77,0.44741236682345464,0.5326172664550232
6976de76-93d8-4c32-a079-edc46ebc3b8b,74,0.1048691665324809,0.7374052060938191
6976de76-93d8-4c32-a079-edc46ebc3b8b,87,0.02007119777772637,0.3220791655831783
6976de76-93d8-4c32-a079-edc46ebc3b8b,103,0.23321641154980122,0.34292686427826025
6976de76-93d8-4c32-a079-edc46ebc3b8b,84,0.6791023191444896,0.7891712386073383
6976de76-93d8-4c32-a079-edc46ebc3b8b,77,0.08692028808742369,0.5371065418185478
902bd80a-e711-4d8c-8692-788197976e1d,93,0.5577422659504374,0.5865354346607591
902bd80a-e711-4d8c-8692-788197976e1d,101,0.28377590579872447,0.3630822963986351
902bd80a-e711-4d8c-8692-788197976e1d,85,0.6075552222935728,0.24435315546465453
902bd80a-e711-4d8c-8692-788197976e1d,118,0.9865152487929797,0.6057748193568872
902bd80a-e711-4d8c-8692-788197976e1d,92,0.00753436313407474,0.22533279771252823
6e6b09ff-07fd-47f5-85b7-3bf944deb997,129,0.24595772838450813,0.16068137325955567
6e6b09ff-07fd-47f5-85b7-3bf944deb997,121,0.2850951686938471,0.17337359529475482
6e6b09ff-07fd-47f5-85b7-3bf944deb997,114,0.8423140352981816,0.051635477874512836
6e6b09ff-07fd-47f5-85b7-3bf944deb997,90,0.4103968269896615,0.9823786169086064
6e6b09ff-07fd-47f5-85b7-3bf944deb997,65,0.39785559904574164,0.9694704332753689
80c9d182-4fa1-4fd7-bb7b-90d40efbfa42,63,0.005300006397605417,0.9750671629451425
80c9d182-4fa1-4fd7-bb7b-90d40efbfa42,110,0.8208614731533526,0.7184572708365536
80c9d182-4fa1-4fd7-bb7b-90d40efbfa42,67,0.476619484126412,0.8385825587026248
80c9d182-4fa1-4fd7-bb7b-90d40efbfa42,64,0.18704374855752337,0.3236792364042437
80c9d182-4fa1-4fd7-bb7b-90d40efbfa42,78,0.19950692733831976,0.7362471836984882
e42b271e-0470-46e3-b463-2111d63bdf38,71,0.11483682473920354,0.6106200424416326
e42b271e-0470-46e3-b463-2111d63bdf38,123,0.08729017958967544,0.506103956359347
e42b271e-0470-46e3-b463-2111d63bdf38,62,0.05182353682242691,0.3366042781939206
e42b271e-0470-46e3-b463-2111d63bdf38,69,0.5486031179381532,0.5489219798889773
e42b271e-0470-46e3-b463-2111d63bdf38,61,0.32235384497472297,0.8098744458546349
bbf7a1e8-92d4-4825-89cf-fe0778583924,124,0.13882477344202038,0.0027108994143296705
bbf7a1e8-92d4-4825-89cf-fe0778583924,68,0.5956387406078443,0.47157618855015837
bbf7a1e8-92d4-4825-89cf-fe0778583924,94,0.3488682665429953,0.9295291442478258
bbf7a1e8-92d4-4825-89cf-fe0778583924,121,0.7459745255487181,0.4085182929359169
bbf7a1e8-92d4-4825-89cf-fe0778583924,68,0.20500181005323725,0.3792285849638004
77f2a331-aa2e-48e8-a7fa-504c6cd66041,60,0.741120649290059,0.5744731131799119
77f2a331-aa2e-48e8-a7fa-504c6cd66041,123,0.7815144817514149,0.8279408871774919
77f2a331-aa2e-48e8-a7fa-504c6cd66041,73,0.7995371309195156,0.8251326766927972
77f2a331-aa2e-48e8-a7fa-504c6cd66041,96,0.8145747202313821,0.6651972206962001
77f2a331-aa2e-48e8-a7fa-504c6cd66041,85,0.907866130462516,0.3161965822964946
0e8afccb-5a92-4c3b-8e2b-f46a17eef950,101,0.3924451074226354,0.8165994394715771
0e8afccb-5a92-4c3b-8e2b-f46a17eef950,98,0.713782454855326,0.8996674452921731
0e8afccb-5a92-4c3b-8e2b-f46a17eef950,97,0.539781061914633,0.43874467538833906
0e8afccb-5a92-4c3b-8e2b-f46a17eef950,84,0.3553624518183959,0.3914821102015019
0e8afccb-5a92-4c3b-8e2b-f46a17eef950,125,0.5435528611139886,0.9064721109645469
06558e1b-c28d-47ab-a54c-6bf9dc36746b,110,0.5428493106134089,0.4315281431364426
06558e1b-c28d-47ab-a54c-6bf9dc36746b,126,0.6277080530714179,0.3349056146570861
06558e1b-c28d-47ab-a54c-6bf9dc36746b,123,0.16673075999338316,0.8786291153734382
06558e1b-c28d-47ab-a54c-6bf9dc36746b,92,0.5334610919763215,0.8938925830509576
06558e1b-c28d-47ab-a54c-6bf9dc36746b,95,0.9976926159238433,0.7524031200388227
37074067-0bd7-4967-9db6-02c73951deab,86,0.743946292572677,0.03353243473577938
37074067-0bd7-4967-9db6-02c73951deab,125,0.7624586857406905,0.8767656367617495
37074067-0bd7-4967-9db6-02c73951deab,97,0.5364813514845947,0.3788215655569157
37074067-0bd7-4967-9db6-02c73951deab,111,0.39728729056036727,0.7972953657795536
37074067-0bd7-4967-9db6-02c73951deab,64,0.4863574819956078,0.4089551770854932
493cfb40-4f9e-42f3-8b5a-34d93d26042d,104,0.7200365365460744,0.6411476328852973
493cfb40-4f9e-42f3-8b5a-34d93d26042d,95,0.5427244433475962,0.25179905890695276
493cfb40-4f9e-42f3-8b5a-34d93d26042d,128,0.8267988278090783,0.9590747945640278
493cfb40-4f9e-42f3-8b5a-34d93d26042d,97,0.22735098302998702,0.4235968624204829
493cfb40-4f9e-42f3-8b5a-34d93d26042d,105,0.6149502631526544,0.9118524088429647
ebfa028a-ceca-48a0-aaaf-b11dd261bc42,121,0.1007946030158865,0.2560155318536622
ebfa028a-ceca-48a0-aaaf-b11dd261bc42,119,0.5929629052588216,0.10221266422519959
ebfa028a-ceca-48a0-aaaf-b11dd261bc42,127,0.7900846371240867,0.023022604787637513
ebfa028a-ceca-48a0-aaaf-b11dd261bc42,90,0.6067150463828559,0.424130671302386
ebfa028a-ceca-48a0-aaaf-b11dd261bc42,88,0.1042469660518095,0.8404396319804229
a147620b-82ef-40e8-b08a-966b3971a110,70,0.4508393714041321,0.11323804584075525
a147620b-82ef-40e8-b08a-966b3971a110,80,0.16552051036728976,0.18632087949412068
a147620b-82ef-40e8-b08a-966b3971a110,116,0.33214641265493894,0.3114442640456412
a147620b-82ef-40e8-b08a-966b3971a110,99,0.6078943937942587,0.37930569838554884
a147620b-82ef-40e8-b08a-966b3971a110,112,0.3351972416459009,0.8028534485980114
8be14f15-b6cb-4720-bd01-9799a2adc0fb,85,0.3334991716911442,0.3981686935909433
8be14f15-b6cb-4720-bd01-9799a2adc0fb,84,0.863518140612957,0.9229602317984849
8be14f15-b6cb-4720-bd01-9799a2adc0fb,66,0.3469532018962277,0.7375012481097484
8be14f15-b6cb-4720-bd01-9799a2adc0fb,76,0.5870682241365672,0.03284667024343835
8be14f15-b6cb-4720-bd01-9799a2adc0fb,110,0.2482264427571519,0.5776319540915472
4ec25da5-3707-4688-a984-996af0326468,111,0.4189254495045479,0.9148459010681
4ec25da5-3707-4688-a984-996af0326468,108,0.7804957075460877,0.2775871726294181
4ec25da5-3707-4688-a984-996af0326468,85,0.013094456588333636,0.6635373720167106
4ec25da5-3707-4688-a984-996af0326468,108,0.5573053688900479,0.860632017890734
4ec25da5-3707-4688-a984-996af0326468,122,0.9968742518459474,0.5021950103312426
f2672570-1002-4929-bf67-76997837b036,60,0.3099369262686109,0.3973181154575979
f2672570-1002-4929-bf67-76997837b036,110,0.20990559309558576,0.8980542894407137
f2672570-1002-4929-bf67-76997837b036,91,0.46823182844137934,0.6249759870510523
f2672570-1002-4929-bf67-76997837b036,89,0.8365648132923329,0.5874536042340743
f2672570-1002-4929-bf67-76997837b036,60,0.7755276166950106,0.4532888347480276
fabbb555-1915-4945-9d75-2c7d7e56afa8,125,0.5344558912572469,0.48108794838758595
fabbb555-1915-4945-9d75-2c7d7e56afa8,97,0.7653562810662407,0.10298147933131552
fabbb555-1915-4945-9d75-2c7d7e56afa8,67,0.8617856210135173,0.9461154621336327
fabbb555-1915-4945-9d75-2c7d7e56afa8,91,0.27230185472029944,0.8974304098188842
fabbb555-1915-4945-9d75-2c7d7e56afa8,93,0.4087341710980964,0.02538635566034486
fca4a08d-594e-484f-b8b7-b7e9d9aa61e1,91,0.7159722288473975,0.6589239419101514
fca4a08d-594e-484f-b8b7-b7e9d9aa61e1,124,0.5517225952593398,0.2538885640433043
fca4a08d-594e-484f-b8b7-b7e9d9aa61e1,118,0.5055078791060338,0.5950489797004206
fca4a08d-594e-484f-b8b7-b7e9d9aa61e1,126,0.887460482513503,0.5567215847833661
fca4a08d-594e-484f-b8b7-b7e9d9aa61e1,67,0.09944139275934516,0.24317219099945409
09c0d3e7-83a2-49e0-8355-24c103901880,91,0.8556964681062857,0.8302198645669916
09c0d3e7-83a2-49e0-8355-24c103901880,127,0.9444097255772734,0.14108184877771357
09c0d3e7-83a2-49e0-8355-24c103901880,73,0.29314773026101326,0.8963358185211198
09c0d3e7-83a2-49e0-8355-24c103901880,66,0.6332407749109605,0.7359046131960023
09c0d3e7-83a2-49e0-8355-24c103901880,78,0.1227768896627085,0.8764440758752938
0e795dfe-4e7e-4086-8d64-22e61d2642e3,88,0.42142455059249795,0.8926717110769748
0e795dfe-4e7e-4086-8d64-22e61d2642e3,106,0.6247612710432511,0.3358658571498351
0e795dfe-4e7e-4086-8d64-22e61d2642e3,61,0.3630592121950905,0.03422811082052912
0e795dfe-4e7e-4086-8d64-22e61d2642e3,79,0.624148907849134,0.4094116521912404
0e795dfe-4e7e-4086-8d64-22e61d2642e3,68,0.4361265291353167,0.29446575954191767
210ef1ec-e053-4f1a-b6d4-630c520d9c7e,83,0.11423792592039683,0.5657766199665605
210ef1ec-e053-4f1a-b6d4-630c520d9c7e,118,0.8945522268940914,0.7998552559473152
210ef1ec-e053-4f1a-b6d4-630c520d9c7e,73,0.7416869442286655,0.6988458531609044
210ef1ec-e053-4f1a-b6d4-630c520d9c7e,84,0.2578876854332023,0.13935607407282413
210ef1ec-e053-4f1a-b6d4-630c520d9c7e,63,0.1322762111253304,0.9005723012363857
951b6dfb-1515-4917-a883-aea2702e8635,96,0.018390676547466733,0.914298806560499
951b6dfb-1515-4917-a883-aea2702e8635,101,0.5765164755142536,0.274055220687206
951b6dfb-1515-4917-a883-aea2702e8635,76,0.40524808802768875,0.4974648939798906
951b6dfb-1515-4917-a883-aea2702e8635,86,0.9000186418481051,0.8738900775625152
951b6dfb-1515-4917-a883-aea2702e8635,99,0.25073066056159776,0.6330980633574476
32760059-f375-44f2-8b76-dd16cd2df8c7,112,0.1753712786234496,0.9144119459249598
32760059-f375-44f2-8b76-dd16cd2df8c7,85,0.4043815015490243,0.7709113770642705
32760059-f375-44f2-8b76-dd16cd2df8c7,105,0.046965966775055046,0.1662833687560794
32760059-f375-44f2-8b76-dd16cd2df8c7,124,0.08279866792512647,0.6031521094663882
32760059-f375-44f2-8b76-dd16cd2df8c7,85,0.06824970535409158,0.8370789907030294
c21d5215-76b0-4555-be17-51eeca4eedd2,70,0.35567271646494913,0.7190459051842455
c21d5215-76b0-4555-be17-51eeca4eedd2,98,0.6104046670079576,0.9493067970577657
c21d5215-76b0-4555-be17-51eeca4eedd2,114,0.6636711653626481,0.936829739324758
c21d5215-76b0-4555-be17-51eeca4eedd2,128,0.48375494193241275,0.2699112223921949
c21d5215-76b0-4555-be17-51eeca4eedd2,79,0.1620138778915846,0.8415296603100434
49284ef7-15f8-436b-88ba-e010af518326,121,0.955236312723479,0.15467214088323622
49284ef7-15f8-436b-88ba-e010af518326,85,0.4742373087003696,0.3443837320442332
49284ef7-15f8-436b-88ba-e010af518326,99,0.7281887562036033,0.49549131620619846
49284ef7-15f8-436b-88ba-e010af518326,102,0.5982860582681546,0.4596815127611311
49284ef7-15f8-436b-88ba-e010af518326,94,0.8191023176741997,0.7994158789689793
38fb6ffa-90c4-44d9-aea5-dbd92f4f3675,103,0.9676993882070865,0.005253818558384915
38fb6ffa-90c4-44d9-aea5-dbd92f4f3675,71,0.3609738969400268,0.09158207332663415
38fb6ffa-90c4-44d9-aea5-dbd92f4f3675,108,0.1368186309189614,0.9502373538208024
38fb6ffa-90c4-44d9-aea5-dbd92f4f3675,114,0.5213006674135694,0.0867052118621836
38fb6ffa-90c4-44d9-aea5-dbd92f4f3675,67,0.6389493853342618,0.7590358455388498
c99bef6b-b003-4f6c-88b5-da05f8c9e059,129,0.9805768001799882,0.9033638126360249
c99bef6b-b003-4f6c-88b5-da05f8c9e059,71,0.22120944181960223,0.987668007996647
c99bef6b-b003-4f6c-88b5-da05f8c9e059,85,0.0394268113685059,0.7055751725156885
c99bef6b-b003-4f6c-88b5-da05f8c9e059,76,0.18057534512733353,0.5679452305526295
c99bef6b-b003-4f6c-88b5-da05f8c9e059,66,0.03394597858579884,0.6974202672468399
2d4d57b2-5dc9-4cd4-b91a-dc0ee4bb6557,68,0.19259902778563043,0.11528202124728437
2d4d57b2-5dc9-4cd4-b91a-dc0ee4bb6557,118,0.9442664891134339,0.47421421665746377
2d4d57b2-5dc9-4cd4-b91a-dc0ee4bb6557,98,0.4551436850361561,0.5224345760711689
2d4d57b2-5dc9-4cd4-b91a-dc0ee4bb6557,76,0.6501673504432282,0.36469724945730586
2d4d57b2-5dc9-4cd4-b91a-dc0ee4bb6557,119,0.48106188384408644,0.8849983565232811
bb5a3eef-bdbc-4324-993b-69e846e79eec,102,0.33987496376806614,0.7247667715287615
bb5a3eef-bdbc-4324-993b-69e846e79eec,98,0.31529033783061033,0.5394912923753372
bb5a3eef-bdbc-4324-993b-69e846e79eec,84,0.737855766906525,0.5201681098787319
bb5a3eef-bdbc-4324-993b-69e846e79eec,101,0.8766653778624495,0.41750608402789213
bb5a3eef-bdbc-4324-993b-69e846e79eec,101,0.9903413133417771,0.0002375235758845795
7a0fabdd-8943-44c8-9fdc-128f8a5993e2,72,0.528937134027212,0.9390676985128962
7a0fabdd-8943-44c8-9fdc-128f8a5993e2,98,0.009485433628498074,0.05268383597722859
7a0fabdd-8943-44c8-9fdc-128f8a5993e2,121,0.47987562030390885,0.6275054632183701
7a0fabdd-8943-44c8-9fdc-128f8a5993e2,115,0.2716869710690041,0.39828738397563557
7a0fabdd-8943-44c8-9fdc-128f8a5993e2,89,0.41776678216733376,0.4213570022770702
5fb8316f-6987-453b-9be3-6036d66e9321,64,0.7322718071846451,0.003346362042979223
5fb8316f-6987-453b-9be3-6036d66e9321,104,0.35462215764077654,0.28723899165408173
5fb8316f-6987-453b-9be3-6036d66e9321,127,0.7155533152342419,0.5891085344708948
5fb8316f-6987-453b-9be3-6036d66e9321,107,0.01787393473341381,0.9877223897360315
5fb8316f-6987-453b-9be3-6036d66e9321,74,0.3843266471596817,0.6796472826930698
31a4e6b7-05ed-402a-952b-17d5aeb0c7a6,71,0.956415697559425,0.7979893221433834
31a4e6b7-05ed-402a-952b-17d5aeb0c7a6,102,0.5885542289732454,0.9823305150800816
31a4e6b7-05ed-402a-952b-17d5aeb0c7a6,122,0.9447320222914103,0.4674015112498697
31a4e6b7-05ed-402a-952b-17d5aeb0c7a6,84,0.7433528228936241,0.06498640948289403
31a4e6b7-05ed-402a-952b-17d5aeb0c7a6,79,0.8378257352832454,0.230569195805019
f5d9c3f8-9328-4006-91b3-521a8d1c833a,116,0.22048620907017535,0.18643826214425452
f5d9c3f8-9328-4006-91b3-521a8d1c833a,62,0.8262056957939659,0.8007696871298751
f5d9c3f8-9328-4006-91b3-521a8d1c833a,113,0.9691026301408113,0.8837858849634257
f5d9c3f8-9328-4006-91b3-521a8d1c833a,79,0.9949078226464353,0.1738952492194873
f5d9c3f8-9328-4006-91b3-521a8d1c833a,94,0.7582384757040913,0.6960206180537922
bf5ba9d2-a0c1-4fe1-b6de-3a8d1651d8ec,62,0.8158331249906178,0.22444057183666066
bf5ba9d2-a0c1-4fe1-b6de-3a8d1651d8ec,127,0.5800862078378112,0.09148683739775487
bf5ba9d2-a0c1-4fe1-b6de-3a8d1651d8ec,115,0.26560004258870606,0.12951492128280417
bf5ba9d2-a0c1-4fe1-b6de-3a8d1651d8ec,68,0.04437666353323677,0.8521935333470078
bf5ba9d2-a0c1-4fe1-b6de-3a8d1651d8ec,101,0.8095160747248781,0.6552419806390217
3c6f2338-6643-4503-bc2e-ff22f27bbdb4,64,0.7352126545234527,0.28139096057752677
3c6f2338-6643-4503-bc2e-ff22f27bbdb4,97,0.2597537837603262,0.7234201136885849
3c6f2338-6643-4503-bc2e-ff22f27bbdb4,77,0.08104621590764793,0.22018320194981134
3c6f2338-6643-4503-bc2e-ff22f27bbdb4,87,0.07613085949030018,0.8512069140487687
3c6f2338-6643-4503-bc2e-ff22f27bbdb4,99,0.8829062691374613,0.5160790204436166
f64a6ece-2a88-423b-8aa4-e3fda15d1dae,117,0.5713189419195741,0.6621120101065646
f64a6ece-2a88-423b-8aa4-e3fda15d1dae,99,0.5657319639957911,0.2670282701694213
f64a6ece-2a88-423b-8aa4-e3fda15d1dae,65,0.5212603121804149,0.8681608040515469
f64a6ece-2a88-423b-8aa4-e3fda15d1dae,118,0.8672942009598024,0.7083629767150348
f64a6ece-2a88-423b-8aa4-e3fda15d1dae,104,0.6974714616692836,0.6801407717603004
b91e6998-6a2b-4cef-882e-24b280e7d505,122,0.6989907380395877,0.1892215397850059
b91e6998-6a2b-4cef-882e-24b280e7d505,64,0.8808707591989284,0.871843527745232
b91e6998-6a2b-4cef-882e-24b280e7d505,90,0.8258167505647627,0.1288698674734452
b91e6998-6a2b-4cef-882e-24b280e7d505,112,0.7435082562916078,0.1607598960483082
b91e6998-6a2b-4cef-882e-24b280e7d505,61,0.8321341779577419,0.5074677337608362
6f10f124-ee28-425f-9ba4-99b65402d456,98,0.19313286458729306,0.08409822446798465
6f10f124-ee28-425f-9ba4-99b65402d456,86,0.9811861780274235,0.6318135270166684
6f10f124-ee28-425f-9ba4-99b65402d456,119,0.009072404652724964,0.8186794204998418
6f10f124-ee28-425f-9ba4-99b65402d456,129,0.2833429482655816,0.01842771873821747
6f10f124-ee28-425f-9ba4-99b65402d456,122,0.3921512114451966,0.1794973234238334
9599fa05-d72c-4aba-a374-9d60fff8d516,96,0.10250972799067926,0.9372284872364511
9599fa05-d72c-4aba-a374-9d60fff8d516,127,0.30096356694681625,0.7081720886452816
9599fa05-d72c-4aba-a374-9d60fff8d516,81,0.7085720046026294,0.4735738884350885
9599fa05-d72c-4aba-a374-9d60fff8d516,81,0.6209155177674771,0.04574203381251285
9599fa05-d72c-4aba-a374-9d60fff8d516,109,0.990148372750647,0.6760522571867544
c48d69d2-aee5-435a-a4ec-21e505d2106a,95,0.6475736434019076,0.5943958592285453
c48d69d2-aee5-435a-a4ec-21e505d2106a,66,0.06562614457401295,0.821512947407441
c48d69d2-aee5-435a-a4ec-21e505d2106a,91,0.7704074178077932,0.6832953766065052
c48d69d2-aee5-435a-a4ec-21e505d2106a,85,0.15893828327675652,0.46853941676858435
c48d69d2-aee5-435a-a4ec-21e505d2106a,63,0.42618130223597295,0.4513870243296755
8393dd3d-2ac9-4fa6-af9c-cbc8e85bf040,98,0.5270240962118621,0.8259207657998966
8393dd3d-2ac9-4fa6-af9c-cbc8e85bf040,91,0.0823810456158427,0.6804993020747131
8393dd3d-2ac9-4fa6-af9c-cbc8e85bf040,81,0.13133512640937806,0.8680543225322929
8393dd3d-2ac9-4fa6-af9c-cbc8e85bf040,115,0.4323348010426019,0.9436159201675989
8393dd3d-2ac9-4fa6-af9c-cbc8e85bf040,118,0.9645204722702085,0.7600940784380972
604621d4-70e3-4955-ba99-aaf5bedd0246,128,0.9839776479598282,0.409334006315043
604621d4-70e3-4955-ba99-aaf5bedd0246,97,0.22995460589108618,0.2131047040250833
604621d4-70e3-4955-ba99-aaf5bedd0246,123,0.868122813490531,0.7149240402022476
604621d4-70e3-4955-ba99-aaf5bedd0246,77,0.864358249839637,0.47320990669155716
604621d4-70e3-4955-ba99-aaf5bedd0246,119,0.18552551570312115,0.8686231679556108
02fd7a73-7543-41cd-9887-004fc74dff3f,112,0.15365803816111268,0.45369363460528267
02fd7a73-7543-41cd-9887-004fc74dff3f,109,0.7610239909429989,0.6262203216314154
02fd7a73-7543-41cd-9887-004fc74dff3f,123,0.2941679733434779,0.9118360349599111
02fd7a73-7543-41cd-9887-004fc74dff3f,62,0.18545887467665434,0.46209729076566064
02fd7a73-7543-41cd-9887-004fc74dff3f,76,0.6073064482626712,0.24753995560337516
c1597df6-9b76-4e42-b2b0-0399ad36e6c3,68,0.20052472670033672,0.4915945467414369
c1597df6-9b76-4e42-b2b0-0399ad36e6c3,122,0.6515194668022647,0.3259254639520749
c1597df6-9b76-4e42-b2b0-0399ad36e6c3,61,0.7975591006371882,0.31036195892357377
c1597df6-9b76-4e42-b2b0-0399ad36e6c3,80,0.07244688779455888,0.3924935564066848
c1597df6-9b76-4e42-b2b0-0399ad36e6c3,97,0.29166257870930323,0.6949818861265425
d6a0a56f-b6b6-4bf8-b38e-1405199502e3,92,0.952648638038717,0.9078186529846402
d6a0a56f-b6b6-4bf8-b38e-1405199502e3,70,0.48050694725782894,0.10493017841817487
d6a0a56f-b6b6-4bf8-b38e-1405199502e3,76,0.10279240449266569,0.5709045018441643
d6a0a56f-b6b6-4bf8-b38e-1405199502e3,113,0.6181557343181191,0.702464970544104
d6a0a56f-b6b6-4bf8-b38e-1405199502e3,99,0.00977084741918366,0.3264613082439919
025a84b9-8ffa-4118-b785-668967daff9e,61,0.5342422059764451,0.8825334858196
025a84b9-8ffa-4118-b785-668967daff9e,89,0.033203108791366565,0.07857849715502074
025a84b9-8ffa-4118-b785-668967daff9e,81,0.32209470221933534,0.9774663863147858
025a84b9-8ffa-4118-b785-668967daff9e,105,0.6931939408226809,0.8214407280098664
025a84b9-8ffa-4118-b785-668967daff9e,103,0.10456784033440025,0.6364302495436367
b79ad725-dc37-45bb-829a-1bc63dbb7021,126,0.8962213026850383,0.5947766373769361
b79ad725-dc37-45bb-829a-1bc63dbb7021,91,0.29883588633731384,0.9352018152994597
b79ad725-dc37-45bb-829a-1bc63dbb7021,109,0.6253046602139478,0.7834227259416147
b79ad725-dc37-45bb-829a-1bc63dbb7021,66,0.6608201182992507,0.5530014525919584
b79ad725-dc37-45bb-829a-1bc63dbb7021,65,0.8172977699624937,0.45231828451830014
f6f3b7f9-ebb8-4e86-831a-3c6cb9036e02,62,0.040754106092472764,0.16399948098949724
f6f3b7f9-ebb8-4e86-831a-3c6cb9036e02,73,0.08162998203058958,0.0603520839905638
f6f3b7f9-ebb8-4e86-831a-3c6cb9036e02,71,0.15954468011318834,0.8717835665922017
f6f3b7f9-ebb8-4e86-831a-3c6cb9036e02,78,0.9758652558191313,0.33689579177110685
f6f3b7f9-ebb8-4e86-831a-3c6cb9036e02,67,0.8718327789731212,0.4336553339563889
ff2932bb-8ce8-47a6-96f2-b6abecf5087d,91,0.498195716453139,0.5553635509376312
ff2932bb-8ce8-47a6-96f2-b6abecf5087d,77,0.6532630192373301,0.3323146253551089
ff2932bb-8ce8-47a6-96f2-b6abecf5087d,115,0.9747931621467831,0.6503256863469369
ff2932bb-8ce8-47a6-96f2-b6abecf5087d,94,0.22056112492232327,0.4183997886676527
ff2932bb-8ce8-47a6-96f2-b6abecf5087d,66,0.4626229567393163,0.8682725054083805
45803aaf-dce5-4d85-bacf-c1c99f44bb50,90,0.4159073661469408,0.8462452920190493
45803aaf-dce5-4d85-bacf-c1c99f44bb50,96,0.3459349925469629,0.3710387629846027
45803aaf-dce5-4d85-bacf-c1c99f44bb50,79,0.5048448818930178,0.5433005233632884
45803aaf-dce5-4d85-bacf-c1c99f44bb50,110,0.5786754085723934,0.43861541918959046
45803aaf-dce5-4d85-bacf-c1c99f44bb50,125,0.5977235652558643,0.7929560946056315
232981b4-8cd3-44b0-9cc7-c5c2552a3e4a,98,0.2768277972350516,0.5923503285933622
232981b4-8cd3-44b0-9cc7-c5c2552a3e4a,71,0.3838471518677963,0.4658128070202485
232981b4-8cd3-44b0-9cc7-c5c2552a3e4a,80,0.733113022415281,0.1315676851272598
232981b4-8cd3-44b0-9cc7-c5c2552a3e4a,67,0.4053101830857434,0.6018553836620085
232981b4-8cd3-44b0-9cc7-c5c2552a3e4a,101,0.23754332492387764,0.9713950940416396
f9397723-9482-4ccc-b92c-43b4d5ec06b1,96,0.8543850933695791,0.4922778564480348
f9397723-9482-4ccc-b92c-43b4d5ec06b1,121,0.09739339255355217,0.4050207990803215
f9397723-9482-4ccc-b92c-43b4d5ec06b1,73,0.5148173539296902,0.3592333693997657
f9397723-9482-4ccc-b92c-43b4d5ec06b1,61,0.09526150795462629,0.6521232455304379
f9397723-9482-4ccc-b92c-43b4d5ec06b1,87,0.25813343270112754,0.6567366645412922
ce3a2717-136f-4dc7-868b-e1f69a5adc78,124,0.7734731256866006,0.13087366071834983
ce3a2717-136f-4dc7-868b-e1f69a5adc78,104,0.23702785710833618,0.2346740382615511
ce3a2717-136f-4dc7-868b-e1f69a5adc78,69,0.07349674733001266,0.16975790508754074
ce3a2717-136f-4dc7-868b-e1f69a5adc78,69,0.6693904014593614,0.1457565682447517
ce3a2717-136f-4dc7-868b-e1f69a5adc78,64,0.2487142725876299,0.61714498660403
8d4a011c-353d-4972-b2b1-6dfca18db048,60,0.25252778207541926,0.35925074791624556
8d4a011c-353d-4972-b2b1-6dfca18db048,87,0.03667142693354297,0.7364020150656405
8d4a011c-353d-4972-b2b1-6dfca18db048,96,0.7817903298450294,0.7053855941122036
8d4a011c-353d-4972-b2b1-6dfca18db048,115,0.5853543643967521,0.8682712805132586
8d4a011c-353d-4972-b2b1-6dfca18db048,120,0.03418776593915818,0.9866929803571616
cb52d799-473d-4c95-a5c6-3b2f7af0e439,96,0.9366056922949615,0.03934354066850965
cb52d799-473d-4c95-a5c6-3b2f7af0e439,94,0.4521990282834353,0.9338750175279049
cb52d799-473d-4c95-a5c6-3b2f7af0e439,128,0.10330895712401567,0.5846707004425887
cb52d799-473d-4c95-a5c6-3b2f7af0e439,71,0.14834320096208886,0.9866301229588469
cb52d799-473d-4c95-a5c6-3b2f7af0e439,102,0.017379790185479638,0.32313065707027855
e39887dd-ee77-46a1-a9a0-056016da709f,88,0.8679182945200221,0.4547398556338591
e39887dd-ee77-46a1-a9a0-056016da709f,102,0.4888465802569202,0.6668642575461043
e39887dd-ee77-46a1-a9a0-056016da709f,82,0.029973589872677953,0.3079299415911909
e39887dd-ee77-46a1-a9a0-056016da709f,109,0.20185345212294836,0.6734324333249173
e39887dd-ee77-46a1-a9a0-056016da709f,60,0.7308294748708763,0.15616384479217393
366013ed-9cd2-4ef5-8a3d-89e20ae760cc,64,0.963346832820399,0.25530652472843185
366013ed-9cd2-4ef5-8a3d-89e20ae760cc,124,0.8381152896481102,0.9446142194740232
366013ed-9cd2-4ef5-8a3d-89e20ae760cc,89,0.4971747640084273,0.6178472402012138
366013ed-9cd2-4ef5-8a3d-89e20ae760cc,67,0.8646088359550367,0.7685193645237912
366013ed-9cd2-4ef5-8a3d-89e20ae760cc,105,0.9186777969935043,0.6006095425462361
cf8f4de1-6eb6-4e40-990d-b1ad7323d34c,90,0.6588854702326572,0.3938644056541585
cf8f4de1-6eb6-4e40-990d-b1ad7323d34c,128,0.5771852367117482,0.3485736672419705
cf8f4de1-6eb6-4e40-990d-b1ad7323d34c,125,0.9994137257706666,0.04821203886055603
cf8f4de1-6eb6-4e40-990d-b1ad7323d34c,92,0.4069079607228706,0.8707534503372591
cf8f4de1-6eb6-4e40-990d-b1ad7323d34c,90,0.7384492092513265,0.8785155613013479
6d8ef278-4be6-4798-a391-cc9fadf380ee,63,0.6675933855635847,0.8078459419412586
6d8ef278-4be6-4798-a391-cc9fadf380ee,72,0.7978136488586345,0.435583314812933
6d8ef278-4be6-4798-a391-cc9fadf380ee,60,0.12020905537060844,0.5444890979608495
6d8ef278-4be6-4798-a391-cc9fadf380ee,74,0.6302087483291442,0.6098318054986945
6d8ef278-4be6-4798-a391-cc9fadf380ee,74,0.6954672066898622,0.38855810127034573
4707595c-c633-48be-a4db-173c5cfbcb26,92,0.23754413087432746,0.3732517916293401
4707595c-c633-48be-a4db-173c5cfbcb26,103,0.01466705704626381,0.587061707701151
4707595c-c633-48be-a4db-173c5cfbcb26,125,0.46349404380057235,0.3797857801792298
4707595c-c633-48be-a4db-173c5cfbcb26,85,0.9514785596659912,0.8471673613725742
4707595c-c633-48be-a4db-173c5cfbcb26,87,0.025642065806435688,0.34124782762615635
4db8ff6e-4840-4cef-abe1-bfc7809d9731,71,0.1489918559701947,0.5266237972689596
4db8ff6e-4840-4cef-abe1-bfc7809d9731,103,0.47669547504115917,0.3943653238183502
4db8ff6e-4840-4cef-abe1-bfc7809d9731,129,0.7468757161358227,0.7154909070992744
4db8ff6e-4840-4cef-abe1-bfc7809d9731,102,0.01823258267636163,0.1957779856835461
4db8ff6e-4840-4cef-abe1-bfc7809d9731,106,0.07128027005516391,0.9546600300333075
dd08a99d-5e4b-47c4-9723-b2344dfaa341,95,0.9270345447963066,0.06026739028956085
dd08a99d-5e4b-47c4-9723-b2344dfaa341,80,0.4791832294435999,0.19455832318530097
dd08a99d-5e4b-47c4-9723-b2344dfaa341,127,0.25677656772050794,0.28487290196192283
dd08a99d-5e4b-47c4-9723-b2344dfaa341,86,0.9296058774219892,0.5322602133390402
dd08a99d-5e4b-47c4-9723-b2344dfaa341,67,0.31130769915600365,0.6103337833109184
9dd62653-5c36-47f7-a2fa-7510746c370f,77,0.3999052068041562,0.9767252386625789
9dd62653-5c36-47f7-a2fa-7510746c370f,66,0.6811178539649828,0.18143834769562694
9dd62653-5c36-47f7-a2fa-7510746c370f,72,0.184585129537033,0.2952782892203101
9dd62653-5c36-47f7-a2fa-7510746c370f,101,0.18522844654740966,0.9177524891713773
9dd62653-5c36-47f7-a2fa-7510746c370f,127,0.08703896258765864,0.8157486435042809
57642a95-46b6-44b0-8940-719cee9e0e22,103,0.043412532854819164,0.6331513755940223
57642a95-46b6-44b0-8940-719cee9e0e22,72,0.6016118201463312,0.8191888594267902
57642a95-46b6-44b0-8940-719cee9e0e22,68,0.7937438503805163,0.6466059134228601
57642a95-46b6-44b0-8940-719cee9e0e22,101,0.9000231233980112,0.3534213793027181
57642a95-46b6-44b0-8940-719cee9e0e22,85,0.2556449978092723,0.30206050183479505
7619aa69-b45f-4c22-8edb-36f6277211fc,83,0.8226143185136784,0.42373825364876283
7619aa69-b45f-4c22-8edb-36f6277211fc,77,0.766656135200406,0.14970396795695773
7619aa69-b45f-4c22-8edb-36f6277211fc,114,0.5866084631754741,0.16801420774486342
7619aa69-b45f-4c22-8edb-36f6277211fc,92,0.21673980009077565,0.09571455552016173
7619aa69-b45f-4c22-8edb-36f6277211fc,107,0.312271786048796,0.23024616842786993
8ee14e8e-e3c5-4ddd-8a39-0728056ca43b,91,0.6379607933159701,0.2568838476457148
8ee14e8e-e3c5-4ddd-8a39-0728056ca43b,116,0.4967668588591694,0.9877855202148873
8ee14e8e-e3c5-4ddd-8a39-0728056ca43b,94,0.5970469168956917,0.675841245087376
8ee14e8e-e3c5-4ddd-8a39-0728056ca43b,101,0.42819961492561476,0.7175977656581762
8ee14e8e-e3c5-4ddd-8a39-0728056ca43b,83,0.12839428945412523,0.10410964938416634
a1026f68-fe8d-4749-ac8a-18d61ab60629,101,0.9055247923296739,0.7726227274493825
a1026f68-fe8d-4749-ac8a-18d61ab60629,95,0.08565824959643054,0.8941908746641183
a1026f68-fe8d-4749-ac8a-18d61ab60629,62,0.4011879140389827,0.36695607920480067
a1026f68-fe8d-4749-ac8a-18d61ab60629,129,0.3549963058319373,0.06942384274609337
a1026f68-fe8d-4749-ac8a-18d61ab60629,108,0.831863113251422,0.6696026161339619
967cb014-a46b-4d6e-b8fd-490c9c31bebe,103,0.23371208191043302,0.5400119146045106
967cb014-a46b-4d6e-b8fd-490c9c31bebe,109,0.6801319311034514,0.23082918915401207
967cb014-a46b-4d6e-b8fd-490c9c31bebe,117,0.33300191305819793,0.6694869551981901
967cb014-a46b-4d6e-b8fd-490c9c31bebe,103,0.6618391898493786,0.5577834173700249
967cb014-a46b-4d6e-b8fd-490c9c31bebe,89,0.3335695494722004,0.5804750067166746
93b6d01d-1985-4d2d-ba5d-3919d7cbc54f,117,0.9576252845053802,0.17530294235765964
93b6d01d-1985-4d2d-ba5d-3919d7cbc54f,90,0.7548378199408478,0.17047793817391754
93b6d01d-1985-4d2d-ba5d-3919d7cbc54f,121,0.42268911339618953,0.8218064439010868
93b6d01d-1985-4d2d-ba5d-3919d7cbc54f,71,0.3475715242389821,0.664911724487218
93b6d01d-1985-4d2d-ba5d-3919d7cbc54f,62,0.9271778194794527,0.23464208185545354
b341f968-e7a6-490d-aa3a-5c289dd29753,64,0.7371802250072431,0.7685998047885084
b341f968-e7a6-490d-aa3a-5c289dd29753,124,0.8420332943764213,0.5209579772720422
b341f968-e7a6-490d-aa3a-5c289dd29753,129,0.25704726643207987,0.787901988292265
b341f968-e7a6-490d-aa3a-5c289dd29753,91,0.12771348363523483,0.8260676302525284
b341f968-e7a6-490d-aa3a-5c289dd29753,97,0.1593040206189803,0.06310903307915017
8ae25e23-5170-4d48-95b4-0d34f3b443cd,95,0.3031283559453286,0.26311256991084286
8ae25e23-5170-4d48-95b4-0d34f3b443cd,125,0.3809095255109872,0.34632176858900354
8ae25e23-5170-4d48-95b4-0d34f3b443cd,124,0.30552431065802355,0.3969815170742834
8ae25e23-5170-4d48-95b4-0d34f3b443cd,82,0.9423870191022331,0.8733366617238478
8ae25e23-5170-4d48-95b4-0d34f3b443cd,65,0.9193919732144173,0.49696348290583026
c212e540-221a-433f-9a30-d2ae2a1f7d6e,119,0.8514249577450957,0.2085105143573358
c212e540-221a-433f-9a30-d2ae2a1f7d6e,108,0.11636639788547609,0.8174497084911916
c212e540-221a-433f-9a30-d2ae2a1f7d6e,94,0.6743038064090484,0.5324811925594262
c212e540-221a-433f-9a30-d2ae2a1f7d6e,65,0.1412780492755058,0.21198249090223853
c212e540-221a-433f-9a30-d2ae2a1f7d6e,73,0.08091928305125218,0.40298017876516146
37e6e7de-f0b6-4d17-8126-4a1f20fa5750,125,0.1537911496680311,0.22361443449631124
37e6e7de-f0b6-4d17-8126-4a1f20fa5750,79,0.5730414289308493,0.9327307404762548
37e6e7de-f0b6-4d17-8126-4a1f20fa5750,125,0.13252467274184843,0.8620144822726226
37e6e7de-f0b6-4d17-8126-4a1f20fa5750,95,0.6063709444333756,0.13919802461752984
37e6e7de-f0b6-4d17-8126-4a1f20fa5750,113,0.8293324051412837,0.31753144787673704
2fa87d5c-583f-4607-a85f-7a53974591c9,100,0.8252007674155681,0.6663068858350397
2fa87d5c-583f-4607-a85f-7a53974591c9,67,0.4782340230480723,0.5061075548467509
2fa87d5c-583f-4607-a85f-7a53974591c9,127,0.07996539435930194,0.7767236304716927
2fa87d5c-583f-4607-a85f-7a53974591c9,72,0.9364491738836606,0.8761051925980425
2fa87d5c-583f-4607-a85f-7a53974591c9,119,0.8514486375512653,0.0003325061204894064
ad9ff66b-dbc0-442f-ae8d-2e16fb0cd7d7,102,0.6195879548978296,0.6502010923981534
ad9ff66b-dbc0-442f-ae8d-2e16fb0cd7d7,90,0.06134962711066816,0.7807615860684398
ad9ff66b-dbc0-442f-ae8d-2e16fb0cd7d7,69,0.21175535066547835,0.4846015870188647
ad9ff66b-dbc0-442f-ae8d-2e16fb0cd7d7,109,0.05778056099636664,0.6950352288585532
ad9ff66b-dbc0-442f-ae8d-2e16fb0cd7d7,68,0.14224936868719618,0.1213849394224289
c99f2f38-1c51-46c6-937a-ce911ed9c337,121,0.2653874091881946,0.1777663878512482
c99f2f38-1c51-46c6-937a-ce911ed9c337,75,0.06229179813006269,0.5094221281497897
c99f2f38-1c51-46c6-937a-ce911ed9c337,99,0.8139702695060188,0.6152194382310109
c99f2f38-1c51-46c6-937a-ce911ed9c337,111,0.1737525956622945,0.6557236725616563
c99f2f38-1c51-46c6-937a-ce911ed9c337,97,0.4260833838903715,0.13071037674019947
7bb9c05f-1dc5-4afb-86f6-1e81755cc244,122,0.4497846488213225,0.19462251182076507
7bb9c05f-1dc5-4afb-86f6-1e81755cc244,66,0.52550462196864,0.4816348465348623
7bb9c05f-1dc5-4afb-86f6-1e81755cc244,64,0.011031264428647214,0.4161539981797615
7bb9c05f-1dc5-4afb-86f6-1e81755cc244,80,0.019192276823056686,0.2598132087450342
7bb9c05f-1dc5-4afb-86f6-1e81755cc244,69,0.6809748272382445,0.1896948481746772
8d40f1c8-35a6-483f-9c3b-530f08654653,64,0.2152018720172375,0.012120774643893273
8d40f1c8-35a6-483f-9c3b-530f08654653,112,0.8015371118829896,0.9595766443210334
8d40f1c8-35a6-483f-9c3b-530f08654653,95,0.37140856765014074,0.2658511366543135
8d40f1c8-35a6-483f-9c3b-530f08654653,70,0.4543773345599609,0.844357082739616
8d40f1c8-35a6-483f-9c3b-530f08654653,114,0.14923777795017612,0.1271997626874496
d8c4d22e-5f4f-4a1b-b7db-6d869032a31e,93,0.32467592689006,0.7373570773877997
d8c4d22e-5f4f-4a1b-b7db-6d869032a31e,111,0.8595652316469458,0.3923937215284745
d8c4d22e-5f4f-4a1b-b7db-6d869032a31e,101,0.8920846889402344,0.9553346865039283
d8c4d22e-5f4f-4a1b-b7db-6d869032a31e,76,0.6586921462074435,0.9428311414132617
d8c4d22e-5f4f-4a1b-b7db-6d869032a31e,61,0.4376031240553919,0.2546706220460512
4aa88b8f-2d30-4cd7-8ab8-7c89c78edf59,69,0.9303188848378237,0.25305843280078455
4aa88b8f-2d30-4cd7-8ab8-7c89c78edf59,80,0.8251321959287038,0.4954521034609818
4aa88b8f-2d30-4cd7-8ab8-7c89c78edf59,67,0.8951177407065364,0.6366696821672073
4aa88b8f-2d30-4cd7-8ab8-7c89c78edf59,76,0.06665204056068996,0.5184080219452041
4aa88b8f-2d30-4cd7-8ab8-7c89c78edf59,128,0.7374337687214856,0.5122219208126745
e75c70a2-002c-4f4a-835e-2b71c3fef6aa,67,0.041672900602384266,0.08479201604580322
e75c70a2-002c-4f4a-835e-2b71c3fef6aa,102,0.6590355342036808,0.8021305581275875
e75c70a2-002c-4f4a-835e-2b71c3fef6aa,83,0.03557086703554835,0.5085792894475785
e75c70a2-002c-4f4a-835e-2b71c3fef6aa,117,0.46194693667095577,0.991588408870274
e75c70a2-002c-4f4a-835e-2b71c3fef6aa,111,0.7746535311811819,0.6613706110704144
9dcdb1dd-8df9-40f2-8704-0be4b4ea53bd,87,0.3548413602568904,0.4121309302627716
9dcdb1dd-8df9-40f2-8704-0be4b4ea53bd,64,0.6603027197013381,0.7643726622217359
9dcdb1dd-8df9-40f2-8704-0be4b4ea53bd,123,0.4242968858848881,0.08261766345926869
9dcdb1dd-8df9-40f2-8704-0be4b4ea53bd,67,0.7692231478381336,0.6246635688542638
9dcdb1dd-8df9-40f2-8704-0be4b4ea53bd,125,0.6673503980464284,0.010427699397403067
1c7122c8-f14e-4069-bdb6-484f887c1638,95,0.6150129680388666,0.774633780637788
1c7122c8-f14e-4069-bdb6-484f887c1638,100,0.959826518075929,0.47825529457592375
1c7122c8-f14e-4069-bdb6-484f887c1638,69,0.7987141916545746,0.29282203670096474
1c7122c8-f14e-4069-bdb6-484f887c1638,61,0.6018815896363221,0.5824226582072465
1c7122c8-f14e-4069-bdb6-484f887c1638,75,0.8117697880901376,0.6564786073315027
d9e82448-cdde-4579-9642-81fb190babee,70,0.043735625879969486,0.11080796217980704
d9e82448-cdde-4579-9642-81fb190babee,77,0.22461561184385193,0.3721670238375133
d9e82448-cdde-4579-9642-81fb190babee,118,0.550091940458156,0.38865279862984703
d9e82448-cdde-4579-9642-81fb190babee,81,0.2737913075141065,0.928317532848577
d9e82448-cdde-4579-9642-81fb190babee,103,0.19747048985993731,0.8869249002092695
82f4ac24-c5c8-4722-9cae-428258b4a498,80,0.28590678923916013,0.8159469389686173
82f4ac24-c5c8-4722-9cae-428258b4a498,98,0.846514338690278,0.9189265336395545
82f4ac24-c5c8-4722-9cae-428258b4a498,77,0.6360707637298251,0.22106337145372845
82f4ac24-c5c8-4722-9cae-428258b4a498,67,0.7481919059789975,0.5578132255110699
82f4ac24-c5c8-4722-9cae-428258b4a498,82,0.6561618376810715,0.17742876946970687
a20f9639-0c5a-46e7-860c-6b18e0a74994,81,0.9846697395245082,0.9373880664971189
a20f9639-0c5a-46e7-860c-6b18e0a74994,88,0.7279471767307432,0.10794371464646435
a20f9639-0c5a-46e7-860c-6b18e0a74994,111,0.8177853298569451,0.2135113663106719
a20f9639-0c5a-46e7-860c-6b18e0a74994,82,0.8407030280112,0.7328015447662506
a20f9639-0c5a-46e7-860c-6b18e0a74994,102,0.7581850110765374,0.7434237860766093
906b3762-f86a-47e7-8230-efce258ecb4f,62,0.2975484513188206,0.5650219928590161
906b3762-f86a-47e7-8230-efce258ecb4f,88,0.09375692064555663,0.5771727832875501
906b3762-f86a-47e7-8230-efce258ecb4f,84,0.761121537043158,0.160071634954573
906b3762-f86a-47e7-8230-efce258ecb4f,117,0.009331619827093296,0.24667886452162302
906b3762-f86a-47e7-8230-efce258ecb4f,64,0.8814507796750214,0.27790209724886783
c27a9130-76df-47e7-ae07-6bc7342488f8,123,0.8000709686991595,0.20403563462889884
c27a9130-76df-47e7-ae07-6bc7342488f8,69,0.7423480505725092,0.8151183844803679
c27a9130-76df-47e7-ae07-6bc7342488f8,86,0.6878841098799151,0.3752599044426663
c27a9130-76df-47e7-ae07-6bc7342488f8,68,0.5542265141320166,0.005229613542912737
c27a9130-76df-47e7-ae07-6bc7342488f8,117,0.03531135494023907,0.7457337827312321
6ebabeed-4ade-4c04-bb7b-41030559e877,73,0.7495454844688882,0.7586763901110049
6ebabeed-4ade-4c04-bb7b-41030559e877,79,0.3269316163380791,0.14888805033244468
6ebabeed-4ade-4c04-bb7b-41030559e877,129,0.8766507618282006,0.9963343376272473
6ebabeed-4ade-4c04-bb7b-41030559e877,63,0.3853758830473618,0.6433651799117843
6ebabeed-4ade-4c04-bb7b-41030559e877,69,0.8861957804650745,0.5930443341867842
6769ff4f-6ce0-4c79-91de-8e57de44494f,96,0.6630420045004922,0.0018798835249106416
6769ff4f-6ce0-4c79-91de-8e57de44494f,80,0.029071380343953734,0.16688511785487092
6769ff4f-6ce0-4c79-91de-8e57de44494f,119,0.7941973312770843,0.09299063982313216
6769ff4f-6ce0-4c79-91de-8e57de44494f,63,0.5101097124988252,0.7234047656122863
6769ff4f-6ce0-4c79-91de-8e57de44494f,117,0.5614845879595237,0.5606600944161709
2794f854-87df-4431-b57b-82b38b4590b6,83,0.6764679372263622,0.8049889996807698
2794f854-87df-4431-b57b-82b38b4590b6,90,0.02293281126804203,0.3221080042291855
2794f854-87df-4431-b57b-82b38b4590b6,122,0.07705827913433116,0.0585509292439792
2794f854-87df-4431-b57b-82b38b4590b6,89,0.9819691904461453,0.20984199485640942
2794f854-87df-4431-b57b-82b38b4590b6,123,0.520296576918654,0.37346259614417343
b04eab5e-077a-4835-8482-5e8f709acdc1,114,0.7355056064875376,0.2358575991436871
b04eab5e-077a-4835-8482-5e8f709acdc1,122,0.22061195271121126,0.5982252940637388
b04eab5e-077a-4835-8482-5e8f709acdc1,106,0.9983475113929496,0.9331133313435577
b04eab5e-077a-4835-8482-5e8f709acdc1,104,0.17348007426595724,0.6375532644702298
b04eab5e-077a-4835-8482-5e8f709acdc1,79,0.785651618080232,0.11833619092338732
b3d8706b-ad54-40b6-a02e-6ad4f089d3c4,129,0.9911264318213037,0.7472195877420377
b3d8706b-ad54-40b6-a02e-6ad4f089d3c4,68,0.9503127529305917,0.2029363675749022
b3d8706b-ad54-40b6-a02e-6ad4f089d3c4,120,0.9796467150338835,0.16529411097017455
b3d8706b-ad54-40b6-a02e-6ad4f089d3c4,129,0.5180787662388154,0.29872557358877305
b3d8706b-ad54-40b6-a02e-6ad4f089d3c4,78,0.25929675886577375,0.4296568127389351
20c865f5-9d66-40a7-9018-aad08e67b6cb,128,0.8419335667918086,0.18610141784627732
20c865f5-9d66-40a7-9018-aad08e67b6cb,108,0.4351803992553568,0.9373532942158644
20c865f5-9d66-40a7-9018-aad08e67b6cb,129,0.6311706459567064,0.049842027782941556
20c865f5-9d66-40a7-9018-aad08e67b6cb,98,0.49646115235529975,0.43685070261517955
20c865f5-9d66-40a7-9018-aad08e67b6cb,116,0.007029203813619156,0.057280251077623356
c98e0fa1-55d8-4cf8-93dc-66945300e08c,105,0.6102251494776413,0.13535408227768553
c98e0fa1-55d8-4cf8-93dc-66945300e08c,90,0.9226230580877897,0.4720604341969983
c98e0fa1-55d8-4cf8-93dc-66945300e08c,89,0.282745689578762,0.04459490837296154
c98e0fa1-55d8-4cf8-93dc-66945300e08c,66,0.24697879907199982,0.9062545805210367
c98e0fa1-55d8-4cf8-93dc-66945300e08c,69,0.271949726128631,0.7593982624179637
680a9527-37f8-4302-a9bf-50eb8269797b,129,0.06536615756438524,0.4875711936733843
680a9527-37f8-4302-a9bf-50eb8269797b,115,0.046500586440065494,0.6196994401994157
680a9527-37f8-4302-a9bf-50eb8269797b,116,0.34592044750169426,0.315189521097359
680a9527-37f8-4302-a9bf-50eb8269797b,66,0.08642461076254648,0.2367843093113854
680a9527-37f8-4302-a9bf-50eb8269797b,91,0.6637896861755891,0.9633944342135504
4539ce36-3af4-4057-9899-c846ba4369f5,74,0.8821356142820601,0.39344784656359155
4539ce36-3af4-4057-9899-c846ba4369f5,85,0.4187933190741614,0.26015779096205116
4539ce36-3af4-4057-9899-c846ba4369f5,116,0.49448113129509297,0.9795508403817569
4539ce36-3af4-4057-9899-c846ba4369f5,128,0.6541746014740745,0.19809763275974013
4539ce36-3af4-4057-9899-c846ba4369f5,108,0.4639324866883362,0.9720053296315371
7dba6d2e-1dee-4afa-84fc-d354499b8426,71,0.3495063720868188,0.11409578488793337
7dba6d2e-1dee-4afa-84fc-d354499b8426,109,0.7200080396631131,0.41798993387048433
7dba6d2e-1dee-4afa-84fc-d354499b8426,92,0.5233909113743664,0.11476887186921747
7dba6d2e-1dee-4afa-84fc-d354499b8426,87,0.7228143032084837,0.06766836190000158
7dba6d2e-1dee-4afa-84fc-d354499b8426,108,0.5435382173426461,0.08172534574677826
8a5e7f35-8e1e-4c3b-93d6-996c1a0ebc28,129,0.8469187280885598,0.42863054697047576
8a5e7f35-8e1e-4c3b-93d6-996c1a0ebc28,64,0.9456981470002823,0.8499753714806619
8a5e7f35-8e1e-4c3b-93d6-996c1a0ebc28,125,0.09756251023929974,0.8619869084042723
8a5e7f35-8e1e-4c3b-93d6-996c1a0ebc28,110,0.6509734671509542,0.5454318694069055
8a5e7f35-8e1e-4c3b-93d6-996c1a0ebc28,99,0.11193592702153032,0.3559733737948527
788b0cc5-7c02-4e95-a4b6-d900b31f9563,123,0.7939897163680061,0.4972559303146882
788b0cc5-7c02-4e95-a4b6-d900b31f9563,91,0.2586208348880388,0.1647063534322959
788b0cc5-7c02-4e95-a4b6-d900b31f9563,127,0.756751505688635,0.5193858595039373
788b0cc5-7c02-4e95-a4b6-d900b31f9563,73,0.23879621138153928,0.4512393441809881
788b0cc5-7c02-4e95-a4b6-d900b31f9563,117,0.7507295069993472,0.5579807387826399
73d21d25-0fcc-4b25-9bfc-286483460395,125,0.06520459126049205,0.46393137681233276
73d21d25-0fcc-4b25-9bfc-286483460395,103,0.5387017979527142,0.4978125080342902
73d21d25-0fcc-4b25-9bfc-286483460395,65,0.37193266791686486,0.4516968192316827
73d21d25-0fcc-4b25-9bfc-286483460395,109,0.0934079719752956,0.4410721582507837
73d21d25-0fcc-4b25-9bfc-286483460395,70,0.2037664591276891,0.5233296311947413
1778c0b4-5783-43f0-8b74-9592e44e8093,83,0.35667097414176474,0.7574818847894174
1778c0b4-5783-43f0-8b74-9592e44e8093,114,0.6426746576724236,0.19584081258691888
1778c0b4-5783-43f0-8b74-9592e44e8093,101,0.44760294032021697,0.5578201919292014
1778c0b4-5783-43f0-8b74-9592e44e8093,61,0.31676167706752667,0.857179256998753
1778c0b4-5783-43f0-8b74-9592e44e8093,62,0.8971863409646189,0.16885420667768614
b1cf81dc-7ba9-4c49-8b97-412105d6d63f,92,0.598112629369018,0.03338360178638122
b1cf81dc-7ba9-4c49-8b97-412105d6d63f,67,0.8939897100078704,0.6542925523249619
b1cf81dc-7ba9-4c49-8b97-412105d6d63f,63,0.7985932723827512,0.9677558771033888
b1cf81dc-7ba9-4c49-8b97-412105d6d63f,78,0.8824163684073387,0.8036035354415352
b1cf81dc-7ba9-4c49-8b97-412105d6d63f,105,0.3196668324405447,0.9884159894120765
ed018830-5dfb-4e91-9458-d72c827778ba,80,0.7251855480273908,0.32301119838621384
ed018830-5dfb-4e91-9458-d72c827778ba,87,0.881927758304644,0.42748968792061515
ed018830-5dfb-4e91-9458-d72c827778ba,86,0.6868609976750291,0.0930304864600272
ed018830-5dfb-4e91-9458-d72c827778ba,127,0.7193536223691586,0.8902580530178021
ed018830-5dfb-4e91-9458-d72c827778ba,64,0.9734573899761731,0.33684050186110326
7c673641-2223-4550-95aa-19249abd883a,68,0.8190635138616561,0.5407937549855444
7c673641-2223-4550-95aa-19249abd883a,119,0.3143501131837484,0.47116789893281463
7c673641-2223-4550-95aa-19249abd883a,106,0.6516679187064259,0.314060794992732
7c673641-2223-4550-95aa-19249abd883a,62,0.8798219139516953,0.5254349125456929
7c673641-2223-4550-95aa-19249abd883a,80,0.11294320841117356,0.08717946783183117
e7a8dc53-dc90-4743-b917-331190d32375,92,0.23987411275594472,0.1419719897609939
e7a8dc53-dc90-4743-b917-331190d32375,100,0.7396713007267637,0.1912604179145867
e7a8dc53-dc90-4743-b917-331190d32375,116,0.43550545439815935,0.5772497307686131
e7a8dc53-dc90-4743-b917-331190d32375,76,0.8414475530847599,0.47128716739816456
e7a8dc53-dc90-4743-b917-331190d32375,74,0.2539748745720247,0.031115599917357684
deaa75c5-08b7-4323-9567-15750deeb523,75,0.1063437262557746,0.31491958861296765
deaa75c5-08b7-4323-9567-15750deeb523,87,0.6816694824016201,0.16713201147122125
deaa75c5-08b7-4323-9567-15750deeb523,79,0.2271795570235149,0.83704112524294
deaa75c5-08b7-4323-9567-15750deeb523,122,0.3403800926666749,0.866386514251342
deaa75c5-08b7-4323-9567-15750deeb523,106,0.3053106766967313,0.21264437637109612
03db2bb2-07ae-40cf-8b35-fe3036b4d98d,116,0.3039464012407238,0.653162790531283
03db2bb2-07ae-40cf-8b35-fe3036b4d98d,73,0.9036078443467951,0.23276314710128876
03db2bb2-07ae-40cf-8b35-fe3036b4d98d,68,0.7884473432532987,0.6649849034759953
03db2bb2-07ae-40cf-8b35-fe3036b4d98d,65,0.670732311905834,0.56044063098044
03db2bb2-07ae-40cf-8b35-fe3036b4d98d,105,0.4603582712019263,0.86456360952267
e7b956ae-096e-4613-971f-687524b71618,121,0.38040054897040965,0.9768003285106593
e7b956ae-096e-4613-971f-687524b71618,84,0.4214440415792474,0.027175016090844162
e7b956ae-096e-4613-971f-687524b71618,81,0.8583416767991209,0.29221823046189777
e7b956ae-096e-4613-971f-687524b71618,110,0.8260390516665719,0.6993153751262037
e7b956ae-096e-4613-971f-687524b71618,87,0.0180065556004545,0.962810357074026
24f4826d-9714-4458-8511-3f2677b95670,122,0.5591848068293265,0.6282381104632814
24f4826d-9714-4458-8511-3f2677b95670,78,0.872753839566128,0.11258039041193701
24f4826d-9714-4458-8511-3f2677b95670,97,0.12024722651167563,0.0683409355322604
24f4826d-9714-4458-8511-3f2677b95670,89,0.046123564335733835,0.5671707799193856
24f4826d-9714-4458-8511-3f2677b95670,111,0.3012652607600004,0.5983574842977588
c22d8473-2061-4bcc-a0bb-6ba41a84ee21,118,0.7302461470901459,0.5988082963834914
c22d8473-2061-4bcc-a0bb-6ba41a84ee21,127,0.8772394571622004,0.8772617628261795
c22d8473-2061-4bcc-a0bb-6ba41a84ee21,100,0.9890283583501739,0.6261761715931382
c22d8473-2061-4bcc-a0bb-6ba41a84ee21,75,0.2395101699095381,0.7945782787001903
c22d8473-2061-4bcc-a0bb-6ba41a84ee21,89,0.4291825933963569,0.26777667548833417
ba2a6325-67a7-42de-a3d3-05b3fdd2638b,109,0.573349345635218,0.6588250701400705
ba2a6325-67a7-42de-a3d3-05b3fdd2638b,107,0.8313735143857098,0.5989785081772105
ba2a6325-67a7-42de-a3d3-05b3fdd2638b,92,0.7375657490928268,0.5252397575201602
ba2a6325-67a7-42de-a3d3-05b3fdd2638b,68,0.6692002629380784,0.8292867993167555
ba2a6325-67a7-42de-a3d3-05b3fdd2638b,124,0.025141958277272725,0.6944504561307088
32da5465-ce65-4966-96bb-9aa17b22e37f,99,0.3169465877911193,0.43459596085871177
32da5465-ce65-4966-96bb-9aa17b22e37f,106,0.1375237748170154,0.3408156997898466
32da5465-ce65-4966-96bb-9aa17b22e37f,111,0.4433800143791877,0.607089578718754
32da5465-ce65-4966-96bb-9aa17b22e37f,110,0.44524611228478816,0.7888022639053596
32da5465-ce65-4966-96bb-9aa17b22e37f,110,0.23743346837480628,0.5123637775457907
caf6175b-6749-47a0-834d-b0734cbd20c1,87,0.23418444681548567,0.7867503351544369
caf6175b-6749-47a0-834d-b0734cbd20c1,126,0.6522242595454725,0.9505310525862035
caf6175b-6749-47a0-834d-b0734cbd20c1,93,0.47289713281090484,0.9838403128554378
caf6175b-6749-47a0-834d-b0734cbd20c1,97,0.07093221613377343,0.254391580841847
caf6175b-6749-47a0-834d-b0734cbd20c1,76,0.03976596498856955,0.6040716770712192
86640ad7-fdc1-4a1f-946b-4677d733793d,86,0.14002409755331768,0.2768143077913058
86640ad7-fdc1-4a1f-946b-4677d733793d,124,0.4504653016578183,0.47297134609551017
86640ad7-fdc1-4a1f-946b-4677d733793d,99,0.46974376299068377,0.4474681413224578
86640ad7-fdc1-4a1f-946b-4677d733793d,115,0.5908674412710415,0.5370074883513584
86640ad7-fdc1-4a1f-946b-4677d733793d,108,0.0076640326492253275,0.21906880910185778
a87a3193-6327-4538-8eed-7124d1847317,102,0.843924612611724,0.28490802153096084
a87a3193-6327-4538-8eed-7124d1847317,98,0.8025856795798129,0.5720486433693008
a87a3193-6327-4538-8eed-7124d1847317,121,0.39679684708631646,0.044387772170854434
a87a3193-6327-4538-8eed-7124d1847317,68,0.8166821754507181,0.28456230176289754
a87a3193-6327-4538-8eed-7124d1847317,76,0.11383839347660141,0.3452231428016921
b00038f0-e26c-4f25-862c-b36e5a915732,98,0.5747795542644152,0.029668223064739818
b00038f0-e26c-4f25-862c-b36e5a915732,123,0.7022587660316643,0.9928168389990704
b00038f0-e26c-4f25-862c-b36e5a915732,105,0.16520393933785016,0.3898723529415441
b00038f0-e26c-4f25-862c-b36e5a915732,78,0.41102107526554577,0.9076110025565549
b00038f0-e26c-4f25-862c-b36e5a915732,71,0.6746078529162162,0.29672764110409
b11f662a-b4b8-41de-b3de-370102c7ca07,128,0.0015651051914729042,0.636401370183407
b11f662a-b4b8-41de-b3de-370102c7ca07,89,0.25760722033372185,0.059524700347771686
b11f662a-b4b8-41de-b3de-370102c7ca07,106,0.8715977272882306,0.25669422831004585
b11f662a-b4b8-41de-b3de-370102c7ca07,127,0.3838388830449795,0.456236508955542
b11f662a-b4b8-41de-b3de-370102c7ca07,78,0.5963215188603683,0.5495836567221436
5153a235-f6e7-47af-914b-69f4145abeee,74,0.7498507644364663,0.41267532608339663
5153a235-f6e7-47af-914b-69f4145abeee,88,0.6786699566725648,0.36191999083786497
5153a235-f6e7-47af-914b-69f4145abeee,69,0.5021536099619869,0.138871326396517
5153a235-f6e7-47af-914b-69f4145abeee,98,0.873698593466345,0.7239730554660938
5153a235-f6e7-47af-914b-69f4145abeee,86,0.7409812502745785,0.5299915229264187
78596ed1-a38e-461b-92d6-2d5e291a973d,62,0.5339674725477638,0.14213712379345766
78596ed1-a38e-461b-92d6-2d5e291a973d,100,0.422034260127639,0.29504070765415624
78596ed1-a38e-461b-92d6-2d5e291a973d,124,0.08439238054454234,0.39936874839469094
78596ed1-a38e-461b-92d6-2d5e291a973d,121,0.5586423964504253,0.34316735317265823
78596ed1-a38e-461b-92d6-2d5e291a973d,82,0.8167232025585446,0.06738455478552252
052b7ad1-62a2-45e6-b031-b19992170c0e,80,0.6924928266692253,0.42993107739014813
052b7ad1-62a2-45e6-b031-b19992170c0e,104,0.2753811742554185,0.3063134987782127
052b7ad1-62a2-45e6-b031-b19992170c0e,89,0.4464195164015822,0.7983803405183525
052b7ad1-62a2-45e6-b031-b19992170c0e,126,0.4501233611819322,0.5792663538205268
052b7ad1-62a2-45e6-b031-b19992170c0e,100,0.43098522051329624,0.31886681832113883
55bfa841-815f-4250-8019-51d1d61cae1e,107,0.01230970301607559,0.37005233467425525
55bfa841-815f-4250-8019-51d1d61cae1e,92,0.5258125988733238,0.5116813865815117
55bfa841-815f-4250-8019-51d1d61cae1e,87,0.43052933846220753,0.14259414408190874
55bfa841-815f-4250-8019-51d1d61cae1e,115,0.7619068201324154,0.9466444339935463
55bfa841-815f-4250-8019-51d1d61cae1e,78,0.025447759905750877,0.6458223862864843
16db4636-621f-4b14-9307-cd0872f8e49b,94,0.34060416658129167,0.071711888847651
16db4636-621f-4b14-9307-cd0872f8e49b,70,0.3112174950633936,0.6771206397350094
16db4636-621f-4b14-9307-cd0872f8e49b,128,0.5310853448852428,0.8417233617446761
16db4636-621f-4b14-9307-cd0872f8e49b,115,0.9880359661555919,0.45400162119611487
16db4636-621f-4b14-9307-cd0872f8e49b,63,0.16735973313862795,0.9720252564965911
efc2d156-0d66-4353-add4-0db648aca1c4,89,0.027536719869465487,0.50545511791045
efc2d156-0d66-4353-add4-0db648aca1c4,104,0.3842067129858002,0.03899601257491159
efc2d156-0d66-4353-add4-0db648aca1c4,123,0.4141502243282268,0.39543426799291437
efc2d156-0d66-4353-add4-0db648aca1c4,65,0.7562136139501768,0.4585230088818907
efc2d156-0d66-4353-add4-0db648aca1c4,89,0.1300477825111387,0.8354802363823276
cc14a95c-8498-4049-a588-c2243e5e7387,96,0.9559188289553192,0.3139667173773528
cc14a95c-8498-4049-a588-c2243e5e7387,65,0.6029428764794615,0.8267073597414875
cc14a95c-8498-4049-a588-c2243e5e7387,88,0.2884054378187457,0.961135485407593
cc14a95c-8498-4049-a588-c2243e5e7387,76,0.3855119047369223,0.3403871042545057
cc14a95c-8498-4049-a588-c2243e5e7387,127,0.9801089924137669,0.47787844802224244
51d4f234-73d8-4cd0-8ba9-91d03e3ac5d4,72,0.541704812410004,0.76190181260487
51d4f234-73d8-4cd0-8ba9-91d03e3ac5d4,110,0.35618564711759415,0.826814973796419
51d4f234-73d8-4cd0-8ba9-91d03e3ac5d4,110,0.1771709252718655,0.5074463661197421
51d4f234-73d8-4cd0-8ba9-91d03e3ac5d4,80,0.9664173858664074,0.5577088262500439
51d4f234-73d8-4cd0-8ba9-91d03e3ac5d4,60,0.580467600993696,0.1391967013456955
0ab19421-a76d-47ed-ae16-143e6fd55441,72,0.6262343214210638,0.4888978317924514
0ab19421-a76d-47ed-ae16-143e6fd55441,110,0.7823883294600873,0.7345779231214132
0ab19421-a76d-47ed-ae16-143e6fd55441,83,0.620660479824584,0.20131210782243325
0ab19421-a76d-47ed-ae16-143e6fd55441,67,0.03945953289089932,0.47554603748682667
0ab19421-a76d-47ed-ae16-143e6fd55441,95,0.9069428088348339,0.13237237903497245
2f514e11-fcf5-45f8-b57f-f375a1383e5b,70,0.35346074054678245,0.4584664245692578
2f514e11-fcf5-45f8-b57f-f375a1383e5b,80,0.745860038627012,0.549322479403174
2f514e11-fcf5-45f8-b57f-f375a1383e5b,64,0.7942106625494054,0.27576756825135695
2f514e11-fcf5-45f8-b57f-f375a1383e5b,105,0.034461259425,0.9696077268480954
2f514e11-fcf5-45f8-b57f-f375a1383e5b,78,0.5129024161471976,0.0936724207059102
c4c18905-f881-4620-b0d4-36b2db16a3a2,111,0.8635475225145451,0.5887315221313199
c4c18905-f881-4620-b0d4-36b2db16a3a2,92,0.5627116990223392,0.44122371365532653
c4c18905-f881-4620-b0d4-36b2db16a3a2,86,0.5112754622007512,0.4923254800011819
c4c18905-f881-4620-b0d4-36b2db16a3a2,110,0.8944525568242322,0.4559792757599369
c4c18905-f881-4620-b0d4-36b2db16a3a2,110,0.6021169853547795,0.5914067594224881
7e178e45-cb65-433f-96be-1b239a291e46,66,0.9560471436119331,0.20047451552840279
7e178e45-cb65-433f-96be-1b239a291e46,104,0.4391498166337483,0.8469688542070605
7e178e45-cb65-433f-96be-1b239a291e46,78,0.31189908000428046,0.2560475651049543
7e178e45-cb65-433f-96be-1b239a291e46,128,0.5104324890042322,0.6265925110932102
7e178e45-cb65-433f-96be-1b239a291e46,90,0.7340297625893063,0.7625963946941753
68a8812a-9549-4b2b-aa02-04186c4d9b16,81,0.6877220424305607,0.7227069576982285
68a8812a-9549-4b2b-aa02-04186c4d9b16,113,0.5272261808398002,0.6325441099658279
68a8812a-9549-4b2b-aa02-04186c4d9b16,80,0.35871552541701346,0.804437207679505
68a8812a-9549-4b2b-aa02-04186c4d9b16,83,0.7330511898599934,0.5285781097221971
68a8812a-9549-4b2b-aa02-04186c4d9b16,106,0.9905460327701334,0.20065101740376123
578c8a09-45c3-4609-a46e-988633f51590,85,0.8284692994491171,0.29461939634619316
578c8a09-45c3-4609-a46e-988633f51590,66,0.04416193617783126,0.3417824047367617
578c8a09-45c3-4609-a46e-988633f51590,96,0.7404761319535191,0.1428502873008386
578c8a09-45c3-4609-a46e-988633f51590,67,0.768922782107641,0.6585405156700549
578c8a09-45c3-4609-a46e-988633f51590,60,0.8459214396777321,0.6136041142374584
2bb0a543-1db6-49ae-9f8e-f984f44f7ada,82,0.48762780966721087,0.07764933467160506
2bb0a543-1db6-49ae-9f8e-f984f44f7ada,63,0.40710648912562764,0.06600984414024158
2bb0a543-1db6-49ae-9f8e-f984f44f7ada,62,0.6320898295062423,0.5770406644619108
2bb0a543-1db6-49ae-9f8e-f984f44f7ada,93,0.00608874823983907,0.10094119997752149
2bb0a543-1db6-49ae-9f8e-f984f44f7ada,75,0.6817486440901612,0.1129316426860113
bd455e35-4cd0-4ce4-a3a5-30870bbf5af9,93,0.7945155444907487,0.7070864772666982
bd455e35-4cd0-4ce4-a3a5-30870bbf5af9,119,0.1451965128846603,0.7101100564217067
bd455e35-4cd0-4ce4-a3a5-30870bbf5af9,115,0.2952904940479433,0.23238432305604784
bd455e35-4cd0-4ce4-a3a5-30870bbf5af9,98,0.4013060242197122,0.2925150910707418
bd455e35-4cd0-4ce4-a3a5-30870bbf5af9,114,0.9061110021324971,0.32149570124788196
99dedba7-c244-4597-9dac-5c8de9b7042c,112,0.8422307463439479,0.5489804494416418
99dedba7-c244-4597-9dac-5c8de9b7042c,89,0.9789811151748089,0.6034930960433786
99dedba7-c244-4597-9dac-5c8de9b7042c,112,0.4161214280710923,0.7596114286997965
99dedba7-c244-4597-9dac-5c8de9b7042c,90,0.8886590802653986,0.5030839507798364
99dedba7-c244-4597-9dac-5c8de9b7042c,121,0.45394684810835706,0.8214319916425933
6ca513d1-c597-41da-9d77-97b7af80af40,113,0.07177580622651303,0.6826172212234024
6ca513d1-c597-41da-9d77-97b7af80af40,73,0.46317271675134175,0.23465344177584935
6ca513d1-c597-41da-9d77-97b7af80af40,112,0.8039585075525203,0.5525009674078891
6ca513d1-c597-41da-9d77-97b7af80af40,122,0.11995369302388992,0.9167916907023351
6ca513d1-c597-41da-9d77-97b7af80af40,67,0.27140938044671437,0.49669542281794654
e13b5930-f82d-4997-a097-6d28148a01bc,93,0.13382836299969314,0.6295576968917366
e13b5930-f82d-4997-a097-6d28148a01bc,108,0.31758679526111666,0.00013469300448532007
e13b5930-f82d-4997-a097-6d28148a01bc,85,0.7150387188506838,0.5934857629759347
e13b5930-f82d-4997-a097-6d28148a01bc,109,0.4669679999636107,0.3403707463057627
e13b5930-f82d-4997-a097-6d28148a01bc,103,0.7409040561520714,0.3162701497293068
4710ddd4-e2e5-4598-b516-8c7907aa9747,70,0.8267146599310183,0.1299299245357013
4710ddd4-e2e5-4598-b516-8c7907aa9747,68,0.8427119021605549,0.31334791758514313
4710ddd4-e2e5-4598-b516-8c7907aa9747,74,0.9429838168160425,0.4223845221843059
4710ddd4-e2e5-4598-b516-8c7907aa9747,129,0.37731805396319285,0.9640784164901082
4710ddd4-e2e5-4598-b516-8c7907aa9747,96,0.11602268134816929,0.042291749222681196
7ba662d6-9c45-4b32-b72d-2e2040474609,88,0.38764880545564706,0.6327118787486009
7ba662d6-9c45-4b32-b72d-2e2040474609,114,0.004363269650309087,0.16695308874719872
7ba662d6-9c45-4b32-b72d-2e2040474609,80,0.8755112265526162,0.18280723665690046
7ba662d6-9c45-4b32-b72d-2e2040474609,83,0.761037790250783,0.950772707731338
7ba662d6-9c45-4b32-b72d-2e2040474609,106,0.9439823053632096,0.26896803159538596
64bad30a-2ae7-4196-a85e-89a6571a36aa,71,0.9994662482156307,0.10480806499757211
64bad30a-2ae7-4196-a85e-89a6571a36aa,107,0.38512011990250006,0.8658201652223552
64bad30a-2ae7-4196-a85e-89a6571a36aa,106,0.11097752458514809,0.6344241452865836
64bad30a-2ae7-4196-a85e-89a6571a36aa,72,0.416504431903879,0.8221798868164233
64bad30a-2ae7-4196-a85e-89a6571a36aa,90,0.7196538166105304,0.37116161478574183
5ee0e574-0e97-4380-ae58-667bf03690b0,97,0.4722818041629817,0.8801567379214851
5ee0e574-0e97-4380-ae58-667bf03690b0,104,0.03593867492155334,0.39473435384482813
5ee0e574-0e97-4380-ae58-667bf03690b0,67,0.6516397604772766,0.7385974581323307
5ee0e574-0e97-4380-ae58-667bf03690b0,87,0.9745918113353297,0.052198629044971634
5ee0e574-0e97-4380-ae58-667bf03690b0,87,0.7132068832826177,0.1992152748940531
38e905c0-79cc-4bfc-889b-767f8c01e9b0,80,0.28740959646557973,0.3677859877561529
38e905c0-79cc-4bfc-889b-767f8c01e9b0,116,0.8233094298207179,0.7820153349329673
38e905c0-79cc-4bfc-889b-767f8c01e9b0,112,0.2675926767279715,0.8354802257421944
38e905c0-79cc-4bfc-889b-767f8c01e9b0,105,0.24188888355414595,0.9110687027673836
38e905c0-79cc-4bfc-889b-767f8c01e9b0,61,0.019327630917601035,0.12436839900051022
4fbbd46b-4424-46f1-9015-2ada49925ea8,69,0.03142182151127293,0.736200425060762
4fbbd46b-4424-46f1-9015-2ada49925ea8,76,0.9060658856863653,0.2666751966619776
4fbbd46b-4424-46f1-9015-2ada49925ea8,88,0.4640951594535039,0.9634992408875883
4fbbd46b-4424-46f1-9015-2ada49925ea8,119,0.3976475795920361,0.7623090320219387
4fbbd46b-4424-46f1-9015-2ada49925ea8,87,0.2672526297935953,0.21980534882319003
e506ac82-4586-49bf-83dc-3a8c4ca975d1,117,0.8571295598562823,0.575355403251556
e506ac82-4586-49bf-83dc-3a8c4ca975d1,101,0.770158211757096,0.8071555373648825
e506ac82-4586-49bf-83dc-3a8c4ca975d1,93,0.18173919070946298,0.4355076254721907
e506ac82-4586-49bf-83dc-3a8c4ca975d1,84,0.7731418739186715,0.5179605277125789
e506ac82-4586-49bf-83dc-3a8c4ca975d1,116,0.3717392949063303,0.0013536257154681541
1b458e52-ee1d-4069-9735-cf395574beb6,102,0.6630073461417759,0.548382036195654
1b458e52-ee1d-4069-9735-cf395574beb6,110,0.023594964645529126,0.8985606046748393
1b458e52-ee1d-4069-9735-cf395574beb6,104,0.3980052929545028,0.3029157288331926
1b458e52-ee1d-4069-9735-cf395574beb6,126,0.7101354317980658,0.9373784381643208
1b458e52-ee1d-4069-9735-cf395574beb6,87,0.47340088149491255,0.059716488970889325
1b752933-5079-4fce-94cd-6abcd8fc1588,103,0.057844449447160606,0.9577898009882039
1b752933-5079-4fce-94cd-6abcd8fc1588,68,0.23915877778224304,0.5307373552868359
1b752933-5079-4fce-94cd-6abcd8fc1588,109,0.6445911747423436,0.5612935429484027
1b752933-5079-4fce-94cd-6abcd8fc1588,81,0.3656807482613713,0.22538126800676583
1b752933-5079-4fce-94cd-6abcd8fc1588,116,0.6224136415659967,0.7813218557473051
ef864b0b-62d9-4ec3-a6db-f9117cd24ad2,104,0.2762373249751531,0.9816533238524479
ef864b0b-62d9-4ec3-a6db-f9117cd24ad2,127,0.3881657061269955,0.674130295536063
ef864b0b-62d9-4ec3-a6db-f9117cd24ad2,124,0.3451922084942105,0.9174858431319902
ef864b0b-62d9-4ec3-a6db-f9117cd24ad2,113,0.4699882681579366,0.8901411373960146
ef864b0b-62d9-4ec3-a6db-f9117cd24ad2,105,0.06220322616470275,0.14730304427897034
2d790d57-7f3f-4e87-8acc-e0869b869578,64,0.4973124461689724,0.23025092071051467
2d790d57-7f3f-4e87-8acc-e0869b869578,113,0.4156421866859057,0.3019167000775018
2d790d57-7f3f-4e87-8acc-e0869b869578,74,0.3542677648410466,0.9490711963148439
2d790d57-7f3f-4e87-8acc-e0869b869578,105,0.07623921797356448,0.274703815047892
2d790d57-7f3f-4e87-8acc-e0869b869578,121,0.45966487040266124,0.5465771420322949
e30e01f7-39d4-4324-98ed-431dff73ce5f,72,0.45859794351384,0.5608744633626176
e30e01f7-39d4-4324-98ed-431dff73ce5f,65,0.4455416387418909,0.20918546540792782
e30e01f7-39d4-4324-98ed-431dff73ce5f,92,0.13699906305367138,0.994981369325093
e30e01f7-39d4-4324-98ed-431dff73ce5f,109,0.853784921704667,0.24197713031704537
e30e01f7-39d4-4324-98ed-431dff73ce5f,129,0.10889331398103907,0.6365386467533544
d0e0065d-3f6f-4853-9ab7-cca1e4af0aae,107,0.40667406999858313,0.9530200211788992
d0e0065d-3f6f-4853-9ab7-cca1e4af0aae,121,0.5695397795671037,0.25954178317609033
d0e0065d-3f6f-4853-9ab7-cca1e4af0aae,77,0.593560935378786,0.07308156202701499
d0e0065d-3f6f-4853-9ab7-cca1e4af0aae,85,0.01419004939576718,0.8293916269585125
d0e0065d-3f6f-4853-9ab7-cca1e4af0aae,88,0.9078987937796194,0.9437015928202208
a96dff98-78a2-407c-aef4-8135c9c9b7f3,102,0.5214596387214719,0.9773079079915037
a96dff98-78a2-407c-aef4-8135c9c9b7f3,67,0.1616714362369619,0.47690010646797
a96dff98-78a2-407c-aef4-8135c9c9b7f3,124,0.45823465039283384,0.7813488406144062
a96dff98-78a2-407c-aef4-8135c9c9b7f3,103,0.012103116776107425,0.009038469079292177
a96dff98-78a2-407c-aef4-8135c9c9b7f3,87,0.22867677960360877,0.6343636888716871
8a3869b3-73da-4e65-9510-dfb63712d5eb,101,0.3216699896595486,0.848042089601484
8a3869b3-73da-4e65-9510-dfb63712d5eb,107,0.09539927731321063,0.4287020209864336
8a3869b3-73da-4e65-9510-dfb63712d5eb,126,0.8946427975776345,0.0004427814372078842
8a3869b3-73da-4e65-9510-dfb63712d5eb,68,0.15380702464160778,0.9900863760674821
8a3869b3-73da-4e65-9510-dfb63712d5eb,93,0.993255015422964,0.044911298995615856
f327a68d-d98f-44f4-9586-6a15b3a0cdef,126,0.39245818622948003,0.7542649733470227
f327a68d-d98f-44f4-9586-6a15b3a0cdef,94,0.05770292841589886,0.4443653492415144
f327a68d-d98f-44f4-9586-6a15b3a0cdef,76,0.7875490858587793,0.25100138326230026
f327a68d-d98f-44f4-9586-6a15b3a0cdef,112,0.35857846152487316,0.6566310737078761
f327a68d-d98f-44f4-9586-6a15b3a0cdef,60,0.19159294573482577,0.9182390866754371
98899c59-58d5-433e-abc2-4da36ab55e18,69,0.839816162145531,0.7517721730390933
98899c59-58d5-433e-abc2-4da36ab55e18,64,0.03601881829142639,0.17522177210582734
98899c59-58d5-433e-abc2-4da36ab55e18,100,0.9504591705752957,0.5816222929891935
98899c59-58d5-433e-abc2-4da36ab55e18,70,0.5633246420330467,0.4275018313281117
98899c59-58d5-433e-abc2-4da36ab55e18,85,0.8396596557087903,0.1438143503148137
2d21b8bd-1ba5-4630-af17-194cea32756f,106,0.9037575717751422,0.8458495504599677
2d21b8bd-1ba5-4630-af17-194cea32756f,64,0.4194479939573136,0.7803655030068817
2d21b8bd-1ba5-4630-af17-194cea32756f,74,0.544505769049228,0.2044608860547118
2d21b8bd-1ba5-4630-af17-194cea32756f,67,0.18613589775334793,0.33156469906719377
2d21b8bd-1ba5-4630-af17-194cea32756f,105,0.20707580921085522,0.07115828517343281
f652504e-fbcd-48b8-b2c6-9a4e884c69aa,127,0.29524180248964216,0.8794965707281264
f652504e-fbcd-48b8-b2c6-9a4e884c69aa,60,0.40941207181701833,0.8108785810079184
f652504e-fbcd-48b8-b2c6-9a4e884c69aa,99,0.0476412574365066,0.7267492241681967
f652504e-fbcd-48b8-b2c6-9a4e884c69aa,83,0.35260260592885817,0.8247878562777867
f652504e-fbcd-48b8-b2c6-9a4e884c69aa,93,0.875883083517057,0.5390945527360087
beb32545-6490-4409-9081-b0506be4a1e0,82,0.9310099708852998,0.3918239632835
beb32545-6490-4409-9081-b0506be4a1e0,112,0.7655467505158609,1.1634755366141114e-05
beb32545-6490-4409-9081-b0506be4a1e0,119,0.5225101810855884,0.054634420000972295
beb32545-6490-4409-9081-b0506be4a1e0,69,0.20056025107298292,0.20357837754636043
beb32545-6490-4409-9081-b0506be4a1e0,120,0.4374819266082097,0.882734380673422
3a1d1aa5-9432-4910-9245-53a4a8549d22,106,0.19111870949600263,0.31008453834275507
3a1d1aa5-9432-4910-9245-53a4a8549d22,95,0.7418963269587151,0.8484253790905247
3a1d1aa5-9432-4910-9245-53a4a8549d22,117,0.30293090564042924,0.3252951340230311
3a1d1aa5-9432-4910-9245-53a4a8549d22,84,0.25281360608920056,0.2714385776342002
3a1d1aa5-9432-4910-9245-53a4a8549d22,116,0.3709410081577652,0.90194019674915
1863ed15-1d1d-4513-a462-0fa8b4b11772,98,0.2204884346891064,0.762482884475553
1863ed15-1d1d-4513-a462-0fa8b4b11772,113,0.5906378339946378,0.6610142542473203
1863ed15-1d1d-4513-a462-0fa8b4b11772,118,0.4144697155393433,0.7538297005692186
1863ed15-1d1d-4513-a462-0fa8b4b11772,91,0.16732130400106038,0.7806317174255571
1863ed15-1d1d-4513-a462-0fa8b4b11772,68,0.26884674245284335,0.6284340474189989
3730307e-8abb-4f84-894f-ebe11514184c,76,0.6015538792998241,0.2965599122059307
3730307e-8abb-4f84-894f-ebe11514184c,84,0.12994137226794122,0.5600916974433955
3730307e-8abb-4f84-894f-ebe11514184c,124,0.7084896974927973,0.17208922929525938
3730307e-8abb-4f84-894f-ebe11514184c,125,0.6972093819096368,0.7143266357349976
3730307e-8abb-4f84-894f-ebe11514184c,129,0.9209945210965759,0.6945954272532854
03256d34-542b-4a25-b30b-5df6ab86920a,98,0.8504716147608377,0.34460408444755963
03256d34-542b-4a25-b30b-5df6ab86920a,93,0.807070903866703,0.19524060295649204
03256d34-542b-4a25-b30b-5df6ab86920a,72,0.21339334797568954,0.6651461942384054
03256d34-542b-4a25-b30b-5df6ab86920a,62,0.11887439117707199,0.7647191414762792
03256d34-542b-4a25-b30b-5df6ab86920a,106,0.4353242214552362,0.549309771480104
8cc82a2f-6a78-4637-83e8-92771b799fb7,126,0.48250042023536066,0.5066726489827458
8cc82a2f-6a78-4637-83e8-92771b799fb7,127,0.3843550385241349,0.02519341395922936
8cc82a2f-6a78-4637-83e8-92771b799fb7,94,0.011417983454073632,0.703699779629051
8cc82a2f-6a78-4637-83e8-92771b799fb7,73,0.8432780909364024,0.09751432564089746
8cc82a2f-6a78-4637-83e8-92771b799fb7,118,0.5010878802621971,0.7061931829633586
a379eaf4-6775-45f8-a9cf-564b6412daca,108,0.5407345671331042,0.4295959435760647
a379eaf4-6775-45f8-a9cf-564b6412daca,128,0.7184539473225501,0.862640471149179
a379eaf4-6775-45f8-a9cf-564b6412daca,72,0.9615133389830848,0.7144107636265983
a379eaf4-6775-45f8-a9cf-564b6412daca,78,0.3965536819899632,0.13171502857909356
a379eaf4-6775-45f8-a9cf-564b6412daca,79,0.6771524124576737,0.6250291860852057
0a17c977-e0d1-4d78-a3eb-948e4e5a4679,61,0.8714140341908543,0.672702994208898
0a17c977-e0d1-4d78-a3eb-948e4e5a4679,66,0.31286316085513,0.9352970985453276
0a17c977-e0d1-4d78-a3eb-948e4e5a4679,75,0.9819056980765392,0.6279933826040981
0a17c977-e0d1-4d78-a3eb-948e4e5a4679,71,0.2876327290436782,0.3067765995221412
0a17c977-e0d1-4d78-a3eb-948e4e5a4679,86,0.4116554604567024,0.9349944318387654
2a370bbd-53f7-413e-8345-36aaa6e2d86a,64,0.7326990505902804,0.4045273855738697
2a370bbd-53f7-413e-8345-36aaa6e2d86a,118,0.3558547592592114,0.08391953582142941
2a370bbd-53f7-413e-8345-36aaa6e2d86a,78,0.677540945503534,0.07211109292943518
2a370bbd-53f7-413e-8345-36aaa6e2d86a,106,0.3814410414133115,0.9820495370159625
2a370bbd-53f7-413e-8345-36aaa6e2d86a,113,0.7334867464921039,0.11619095652544598
b0409262-7d2b-4aea-9285-3284e8c03204,78,0.7852688115160151,0.6011026956243283
b0409262-7d2b-4aea-9285-3284e8c03204,79,0.27785277608971226,0.2763191084658536
b0409262-7d2b-4aea-9285-3284e8c03204,116,0.011480659749377842,0.45011652647481104
b0409262-7d2b-4aea-9285-3284e8c03204,76,0.10312136240807579,0.5477846943833194
b0409262-7d2b-4aea-9285-3284e8c03204,87,0.40360100236159124,0.7378849848346062
e2c22377-77ff-438a-8100-9836c61b9075,100,0.20444057394954684,0.5197042628944842
e2c22377-77ff-438a-8100-9836c61b9075,62,0.2053329387067998,0.48303969755889
e2c22377-77ff-438a-8100-9836c61b9075,61,0.2874616648972501,0.6567560634745571
e2c22377-77ff-438a-8100-9836c61b9075,81,0.14394191357223085,0.5953596612586041
e2c22377-77ff-438a-8100-9836c61b9075,88,0.9255222078518809,0.0683341048456042
4b309dc8-f22e-484b-a762-3759513970fb,100,0.09206698608247543,0.5990445871503816
4b309dc8-f22e-484b-a762-3759513970fb,125,0.2674020278575413,0.015110684214475034
4b309dc8-f22e-484b-a762-3759513970fb,126,0.3732598144627589,0.5636599710287622
4b309dc8-f22e-484b-a762-3759513970fb,107,0.5835569673248185,0.5257562195591349
4b309dc8-f22e-484b-a762-3759513970fb,118,0.5976682827027031,0.8660956336116915
bdd69a4d-63f5-441f-8a8b-d53fcd33f0e1,124,0.11706604142416865,0.44908474501094675
bdd69a4d-63f5-441f-8a8b-d53fcd33f0e1,112,0.9447362587830797,0.7365352283347926
bdd69a4d-63f5-441f-8a8b-d53fcd33f0e1,107,0.006682129223887778,0.7723010151653429
bdd69a4d-63f5-441f-8a8b-d53fcd33f0e1,89,0.6801118854469727,0.4081516908666981
bdd69a4d-63f5-441f-8a8b-d53fcd33f0e1,104,0.5829260568042631,0.25310153917960876
86efb78f-410d-4308-9ae5-500012ac8e5d,95,0.9396515112935082,0.2204836934733041
86efb78f-410d-4308-9ae5-500012ac8e5d,105,0.18854060574925113,0.6724604980250288
86efb78f-410d-4308-9ae5-500012ac8e5d,107,0.6649945162377737,0.498040393056869
86efb78f-410d-4308-9ae5-500012ac8e5d,86,0.43358279263261434,0.0926254830513672
86efb78f-410d-4308-9ae5-500012ac8e5d,84,0.43402097270875883,0.25871164215544096
52e662a6-6848-40d6-895f-f5c4b51f7d8d,86,0.009054161580370979,0.5894539894846972
52e662a6-6848-40d6-895f-f5c4b51f7d8d,76,0.5468759658760446,0.6706755253823256
52e662a6-6848-40d6-895f-f5c4b51f7d8d,109,0.7140527233781268,0.0913914863317764
52e662a6-6848-40d6-895f-f5c4b51f7d8d,82,0.050018576821112215,0.9115212933253165
52e662a6-6848-40d6-895f-f5c4b51f7d8d,122,0.35597103248839435,0.015813196232962068
5036ebbb-cbf2-41b7-9f94-97a2f074eb18,102,0.2475597702798864,0.06252629574284574
5036ebbb-cbf2-41b7-9f94-97a2f074eb18,120,0.4247715304250529,0.21534438138255263
5036ebbb-cbf2-41b7-9f94-97a2f074eb18,92,0.6728716685980798,0.08114917853623915
5036ebbb-cbf2-41b7-9f94-97a2f074eb18,107,0.33303487180539837,0.8849643081805878
5036ebbb-cbf2-41b7-9f94-97a2f074eb18,78,0.49350099215440824,0.28330476242493063
f26a946a-f7ac-437b-b39b-d512eaf73062,105,0.39744815689909163,0.5136110465443245
f26a946a-f7ac-437b-b39b-d512eaf73062,67,0.06845871933357806,0.3711129384301278
f26a946a-f7ac-437b-b39b-d512eaf73062,65,0.7997187639648612,0.33360678902904317
f26a946a-f7ac-437b-b39b-d512eaf73062,119,0.3684489199165789,0.8953460891531693
f26a946a-f7ac-437b-b39b-d512eaf73062,68,0.03500791480680565,0.7873733450051056
0314f29d-b8ca-4871-aab4-289dfe3889bc,61,0.6302472194561579,0.24838360874320753
0314f29d-b8ca-4871-aab4-289dfe3889bc,119,0.8336431341439584,0.49943176986683535
0314f29d-b8ca-4871-aab4-289dfe3889bc,96,0.7839873586893554,0.41938961166697164
0314f29d-b8ca-4871-aab4-289dfe3889bc,122,0.2923831104121931,0.4439194545063778
0314f29d-b8ca-4871-aab4-289dfe3889bc,116,0.20109872744266744,0.5902326591508927
0f2e58d4-7160-4c0b-a070-7a1c25c651dc,66,0.05617607734743901,0.49109572938316515
0f2e58d4-7160-4c0b-a070-7a1c25c651dc,127,0.2100293495162816,0.28103808138102826
0f2e58d4-7160-4c0b-a070-7a1c25c651dc,62,0.40967105337599263,0.655173714524338
0f2e58d4-7160-4c0b-a070-7a1c25c651dc,60,0.9240268704257328,0.11188061654912385
0f2e58d4-7160-4c0b-a070-7a1c25c651dc,88,0.07049194564314465,0.18564670490124302
b9f7a279-ad01-42f6-8374-0f90fa6fbc93,80,0.746776639533718,0.7205655486444061
b9f7a279-ad01-42f6-8374-0f90fa6fbc93,106,0.6851343098744841,0.11043186341110267
b9f7a279-ad01-42f6-8374-0f90fa6fbc93,128,0.007964404745451126,0.9245610553768049
b9f7a279-ad01-42f6-8374-0f90fa6fbc93,86,0.5150056597097231,0.5355538148796726
b9f7a279-ad01-42f6-8374-0f90fa6fbc93,80,0.7425308328404214,0.07663580647524881
077e99d3-bd66-43f7-9615-4f3c3e608c96,84,0.8281168290063428,0.2160601162447664
077e99d3-bd66-43f7-9615-4f3c3e608c96,114,0.952815017002506,0.32674254203004083
077e99d3-bd66-43f7-9615-4f3c3e608c96,108,0.5056341534219588,0.9411208125336735
077e99d3-bd66-43f7-9615-4f3c3e608c96,120,0.3927307432714162,0.5533711897497718
077e99d3-bd66-43f7-9615-4f3c3e608c96,94,0.34889007504182357,0.5215993960113582
d3e19e35-84dc-448c-ae2a-e5772a3689ca,64,0.6769407829968374,0.8379083748518036
d3e19e35-84dc-448c-ae2a-e5772a3689ca,126,0.41451606481679226,0.013251033503910548
d3e19e35-84dc-448c-ae2a-e5772a3689ca,88,0.4591892337325618,0.4110936088804398
d3e19e35-84dc-448c-ae2a-e5772a3689ca,91,0.6939495905101568,0.22959816075396866
d3e19e35-84dc-448c-ae2a-e5772a3689ca,82,0.42960859213236335,0.7406261488943705
e6bfeda1-e3b7-4cb7-ad71-a150258e13e9,125,0.5318890790075141,0.7894321941951912
e6bfeda1-e3b7-4cb7-ad71-a150258e13e9,81,0.5413696101572687,0.34522995366997244
e6bfeda1-e3b7-4cb7-ad71-a150258e13e9,91,0.8908555349831467,0.24153684170168177
e6bfeda1-e3b7-4cb7-ad71-a150258e13e9,69,0.6346392564873805,0.5821438075777985
e6bfeda1-e3b7-4cb7-ad71-a150258e13e9,93,0.5192245707802051,0.6077526830956526
34b7385a-a03c-46e2-84ca-2dfef59ca398,98,0.05773215922511721,0.39103286912739865
34b7385a-a03c-46e2-84ca-2dfef59ca398,78,0.3356738330390596,0.749390452801159
34b7385a-a03c-46e2-84ca-2dfef59ca398,83,0.6163004859257241,0.5568784431720959
34b7385a-a03c-46e2-84ca-2dfef59ca398,106,0.753865073836925,0.8714684213765338
34b7385a-a03c-46e2-84ca-2dfef59ca398,126,0.6964298070361072,0.7021460961818294
c576d878-b679-4445-a834-e5c84f7a6fc8,124,0.20366713777268486,0.3275521651801324
c576d878-b679-4445-a834-e5c84f7a6fc8,72,0.8705269662693842,0.6314189212183764
c576d878-b679-4445-a834-e5c84f7a6fc8,107,0.9451141887560087,0.69662727121739
c576d878-b679-4445-a834-e5c84f7a6fc8,123,0.9331272344083084,0.4390955652508285
c576d878-b679-4445-a834-e5c84f7a6fc8,85,0.5122847572434851,0.11428576999797946
5c19c0f3-9b6a-4a16-a7ed-4f58236bf2be,85,0.8956747776187787,0.2043163833989703
5c19c0f3-9b6a-4a16-a7ed-4f58236bf2be,108,0.9514420287256811,0.7764893026510181
5c19c0f3-9b6a-4a16-a7ed-4f58236bf2be,121,0.7927581135728128,0.06904590631459973
5c19c0f3-9b6a-4a16-a7ed-4f58236bf2be,62,0.5606782949389499,0.6284264566145871
5c19c0f3-9b6a-4a16-a7ed-4f58236bf2be,91,0.7146412749087242,0.8815634549407569
7eb4e65b-ea35-471a-ab2a-52351901188e,113,0.723443662354912,0.5356565993475786
7eb4e65b-ea35-471a-ab2a-52351901188e,124,0.4650552483006444,0.874170682157026
7eb4e65b-ea35-471a-ab2a-52351901188e,100,0.48509465997954015,0.33362839583686565
7eb4e65b-ea35-471a-ab2a-52351901188e,88,0.1834421964034345,0.8549740195614743
7eb4e65b-ea35-471a-ab2a-52351901188e,104,0.48434442629150865,0.013367683259395635
46310028-63a2-49ae-812b-19622e61ba07,105,0.38782608991693124,0.8035376594626034
46310028-63a2-49ae-812b-19622e61ba07,110,0.28088196518624375,0.20795635928938994
46310028-63a2-49ae-812b-19622e61ba07,67,0.8773504531328387,0.3894049389788753
46310028-63a2-49ae-812b-19622e61ba07,116,0.7430815396313801,0.8479278837633485
46310028-63a2-49ae-812b-19622e61ba07,116,0.9817073425211416,0.45047857147059533
839474c2-72c1-4a5d-a0d0-ff9b5b185cac,104,0.9892177539577501,0.23154843596504882
839474c2-72c1-4a5d-a0d0-ff9b5b185cac,126,0.22011132590475313,0.3505205342861618
839474c2-72c1-4a5d-a0d0-ff9b5b185cac,123,0.6084089358800178,0.7066342634675964
839474c2-72c1-4a5d-a0d0-ff9b5b185cac,63,0.4642385197392249,0.7227377522388047
839474c2-72c1-4a5d-a0d0-ff9b5b185cac,89,0.21766739958053605,0.6616842883998565
da5f724d-5ac1-47a4-8f0e-8890ea14393e,108,0.37324115637923383,0.631988680396189
da5f724d-5ac1-47a4-8f0e-8890ea14393e,120,0.1036785807342765,0.04865766366171331
da5f724d-5ac1-47a4-8f0e-8890ea14393e,95,0.7665150495325846,0.583713587731364
da5f724d-5ac1-47a4-8f0e-8890ea14393e,104,0.3502029910907303,0.6774734148234729
da5f724d-5ac1-47a4-8f0e-8890ea14393e,123,0.7132358680833368,0.3866201726338342
035d17e2-282d-443a-baf8-a3c77cf54faa,68,0.3469626597345584,0.3907551523296371
035d17e2-282d-443a-baf8-a3c77cf54faa,117,0.9082284887003229,0.7587153211639207
035d17e2-282d-443a-baf8-a3c77cf54faa,62,0.4331631113151664,0.7743026829445951
035d17e2-282d-443a-baf8-a3c77cf54faa,121,0.15647671600360058,0.4739212201161027
035d17e2-282d-443a-baf8-a3c77cf54faa,72,0.712777676216831,0.38621199281703067
9450eaea-253d-42e4-9e31-e270ffa3d0f1,118,0.18537277908251149,0.599771314970498
9450eaea-253d-42e4-9e31-e270ffa3d0f1,61,0.42485084286808694,0.9078385138835341
9450eaea-253d-42e4-9e31-e270ffa3d0f1,103,0.745753379076126,0.5579274451507007
9450eaea-253d-42e4-9e31-e270ffa3d0f1,61,0.133650581410518,0.4438591884213011
9450eaea-253d-42e4-9e31-e270ffa3d0f1,82,0.6595107686407702,0.7962414505413685
258f5f33-d884-4f3c-86f5-de9f20ce665d,121,0.6923589224610581,0.2640619846937188
258f5f33-d884-4f3c-86f5-de9f20ce665d,97,0.7482328313318959,0.22504187617087212
258f5f33-d884-4f3c-86f5-de9f20ce665d,104,0.8259177073160304,0.46311471383751146
258f5f33-d884-4f3c-86f5-de9f20ce665d,72,0.6547090753562991,0.823767395799123
258f5f33-d884-4f3c-86f5-de9f20ce665d,112,0.8149397285405392,0.7780252431446532
b162eb5c-be7f-44b4-a501-c212925ef183,82,0.9833056568184674,0.7867083407073091
b162eb5c-be7f-44b4-a501-c212925ef183,92,0.4323462264033473,0.031149092793391064
b162eb5c-be7f-44b4-a501-c212925ef183,122,0.26400434995946587,0.41524097233404045
b162eb5c-be7f-44b4-a501-c212925ef183,94,0.8243268918792692,0.6300398784799822
b162eb5c-be7f-44b4-a501-c212925ef183,105,0.6668473913056581,0.32302734575409386
66431abb-30f9-4678-91f2-97b94295464c,115,0.20106515204994513,0.5142010400093392
66431abb-30f9-4678-91f2-97b94295464c,88,0.436419598729593,0.6667719097838972
66431abb-30f9-4678-91f2-97b94295464c,77,0.844871347755229,0.2490087361090899
66431abb-30f9-4678-91f2-97b94295464c,113,0.7068378557805411,0.9672635875263655
66431abb-30f9-4678-91f2-97b94295464c,86,0.9988926120332906,0.32663924942591094
2deb8c74-5fad-4814-b709-c2f8788a2996,90,0.8013479918738086,0.6742588420064991
2deb8c74-5fad-4814-b709-c2f8788a2996,126,0.9976282974021565,0.24149648525686784
2deb8c74-5fad-4814-b709-c2f8788a2996,74,0.3040302724479996,0.31810444690347206
2deb8c74-5fad-4814-b709-c2f8788a2996,94,0.022425889162055124,0.3604268271414861
2deb8c74-5fad-4814-b709-c2f8788a2996,113,0.5661806912250709,0.31277798921035405
6370ff8b-14c8-49de-89c8-13ef0deca5f0,107,0.31219636821760366,0.015742912995676983
6370ff8b-14c8-49de-89c8-13ef0deca5f0,90,0.7643533864364274,0.6237430848640091
6370ff8b-14c8-49de-89c8-13ef0deca5f0,91,0.13264457760095316,0.5116357178950771
6370ff8b-14c8-49de-89c8-13ef0deca5f0,117,0.5633953507126401,0.6246140481145316
6370ff8b-14c8-49de-89c8-13ef0deca5f0,69,0.3905936075817822,0.06932833038776476
2fb8122e-6bd1-4049-aa9e-e1423739a846,88,0.756730167068568,0.4422938054511353
2fb8122e-6bd1-4049-aa9e-e1423739a846,120,0.3892304716917885,0.228875462483499
2fb8122e-6bd1-4049-aa9e-e1423739a846,83,0.379127658375647,0.3714859436594342
2fb8122e-6bd1-4049-aa9e-e1423739a846,87,0.527677466221695,0.2116358985698612
2fb8122e-6bd1-4049-aa9e-e1423739a846,110,0.4430593623304211,0.4941476706378827
bd40eed9-3c82-47c0-863c-3356e01e1537,101,0.7151001612837,0.5931582190394682
bd40eed9-3c82-47c0-863c-3356e01e1537,91,0.45476434255266107,0.6747863021674105
bd40eed9-3c82-47c0-863c-3356e01e1537,114,0.863641421296616,0.11006328420111522
bd40eed9-3c82-47c0-863c-3356e01e1537,80,0.6316435150828916,0.05439074852231118
bd40eed9-3c82-47c0-863c-3356e01e1537,118,0.6971358058918092,0.6486389567688156
3e885548-039b-4827-99cd-c3c1f3888108,81,0.15620656868662197,0.6359403268267109
3e885548-039b-4827-99cd-c3c1f3888108,63,0.41382746532079584,0.204166559168243
3e885548-039b-4827-99cd-c3c1f3888108,81,0.4551719917336564,0.6677605916031529
3e885548-039b-4827-99cd-c3c1f3888108,105,0.16972842857692316,0.01914486799683668
3e885548-039b-4827-99cd-c3c1f3888108,92,0.6096974251526159,0.6996395696221217
0391ba2a-fab1-42ee-85ac-b46905d47de2,71,0.4548724428028682,0.6857005429336439
0391ba2a-fab1-42ee-85ac-b46905d47de2,97,0.5359350788521182,0.48849563265990537
0391ba2a-fab1-42ee-85ac-b46905d47de2,72,0.15369104284420454,0.5726072328820224
0391ba2a-fab1-42ee-85ac-b46905d47de2,125,0.9213075122129755,0.5831908042770976
0391ba2a-fab1-42ee-85ac-b46905d47de2,99,0.5940827805697124,0.7026402058582288
ff7f17e7-f085-4761-9dac-2cf84dfee165,88,0.4233351441531975,0.08456537809723785
ff7f17e7-f085-4761-9dac-2cf84dfee165,114,0.8829148165187222,0.6590454101322324
ff7f17e7-f085-4761-9dac-2cf84dfee165,66,0.5015756999179484,0.9761869749880837
ff7f17e7-f085-4761-9dac-2cf84dfee165,115,0.1966535849529587,0.7374260857706773
ff7f17e7-f085-4761-9dac-2cf84dfee165,94,0.2005529778452665,0.2162270091277797
44370a91-5242-4d32-8d37-449ad650909c,116,0.4650095175264276,0.8473879305713737
44370a91-5242-4d32-8d37-449ad650909c,79,0.347507082425181,0.4353936461757356
44370a91-5242-4d32-8d37-449ad650909c,71,0.8169739072718367,0.8525474212459705
44370a91-5242-4d32-8d37-449ad650909c,88,0.08510348611978535,0.38559759251333336
44370a91-5242-4d32-8d37-449ad650909c,109,0.41621805884534935,0.16811812839929585
ff89634e-8c1f-41e3-976f-969435f29eb4,79,0.05522252074302847,0.9423834540022769
ff89634e-8c1f-41e3-976f-969435f29eb4,91,0.1674910890941077,0.14727556355209093
ff89634e-8c1f-41e3-976f-969435f29eb4,62,0.9853038322872855,0.16602182364286078
ff89634e-8c1f-41e3-976f-969435f29eb4,99,0.008706147062543579,0.1555714368693023
ff89634e-8c1f-41e3-976f-969435f29eb4,70,0.3262539180411468,0.2993833737053483
861a06b9-0d5c-4f97-a7b1-e3a7cc79d954,115,0.12967897822423535,0.25646306101676597
861a06b9-0d5c-4f97-a7b1-e3a7cc79d954,108,0.35369668658073394,0.30247902916792657
861a06b9-0d5c-4f97-a7b1-e3a7cc79d954,95,0.21050693966534295,0.8090236402916764
861a06b9-0d5c-4f97-a7b1-e3a7cc79d954,123,0.07647995549931308,0.9867291015008487
861a06b9-0d5c-4f97-a7b1-e3a7cc79d954,81,0.48453799508001083,0.3024195112785364
3a7cc497-c14b-49d7-9138-76c66e5dabf6,105,0.8038048904834751,0.13714848815274316
3a7cc497-c14b-49d7-9138-76c66e5dabf6,69,0.5055087603898639,0.14407878601319957
3a7cc497-c14b-49d7-9138-76c66e5dabf6,103,0.27364041786077165,0.4878343185440125
3a7cc497-c14b-49d7-9138-76c66e5dabf6,76,0.4417464916377071,0.984234499234434
3a7cc497-c14b-49d7-9138-76c66e5dabf6,116,0.7151864547802412,0.28191904290472913
c326c4ee-c3f9-4c30-8b54-0e37ac798dd7,68,0.19072598759089465,0.347062368499395
c326c4ee-c3f9-4c30-8b54-0e37ac798dd7,77,0.667212337194181,0.7770492856517561
c326c4ee-c3f9-4c30-8b54-0e37ac798dd7,74,0.19924595440831405,0.04496144159155113
c326c4ee-c3f9-4c30-8b54-0e37ac798dd7,98,0.5625552012730474,0.7651603288167663
c326c4ee-c3f9-4c30-8b54-0e37ac798dd7,99,0.3714672626243768,0.19516651721865041
3d03f92b-4fc6-4d81-bb90-601bf440f2ec,122,0.559578854465342,0.6870391505824806
3d03f92b-4fc6-4d81-bb90-601bf440f2ec,119,0.36140377906718635,0.8597946748116456
3d03f92b-4fc6-4d81-bb90-601bf440f2ec,77,0.12323257571632484,0.6985306252091371
3d03f92b-4fc6-4d81-bb90-601bf440f2ec,118,0.7624469586748684,0.12600202786399428
3d03f92b-4fc6-4d81-bb90-601bf440f2ec,72,0.8898837264734866,0.8178563056550295
3c1f8fcd-26fd-4f4d-ac1b-cb0c7803e8a4,65,0.5677273179310546,0.5793144666619379
3c1f8fcd-26fd-4f4d-ac1b-cb0c7803e8a4,73,0.6447452485768186,0.22982672579761843
3c1f8fcd-26fd-4f4d-ac1b-cb0c7803e8a4,98,0.9323227582288776,0.7416026194517855
3c1f8fcd-26fd-4f4d-ac1b-cb0c7803e8a4,118,0.14122354337314946,0.5708774168394762
3c1f8fcd-26fd-4f4d-ac1b-cb0c7803e8a4,112,0.2786430631150364,0.21870980032358323
2fa06339-afb2-49ac-852a-0ff9adbff7d6,81,0.6038509825402779,0.5766140071297178
2fa06339-afb2-49ac-852a-0ff9adbff7d6,121,0.1430011226657264,0.37454824337958126
2fa06339-afb2-49ac-852a-0ff9adbff7d6,69,0.36739072869707046,0.08701721830278875
2fa06339-afb2-49ac-852a-0ff9adbff7d6,108,0.7294637698316637,0.5732231944495915
2fa06339-afb2-49ac-852a-0ff9adbff7d6,128,0.17512314013035324,0.6727646144124667
38c773c1-1bf4-468b-9a49-9a4310fc1d6f,100,0.25264603062128665,0.5200740611111504
38c773c1-1bf4-468b-9a49-9a4310fc1d6f,81,0.7516761720229193,0.6234778305192964
38c773c1-1bf4-468b-9a49-9a4310fc1d6f,101,0.7925948132091347,0.627328935090678
38c773c1-1bf4-468b-9a49-9a4310fc1d6f,113,0.26537011160197543,0.5543374743403449
38c773c1-1bf4-468b-9a49-9a4310fc1d6f,76,0.29394910101689753,0.2370847085173401
25d5f94f-716b-4436-a016-ea1a33e605ae,82,0.2914609134937939,0.20754093620570346
25d5f94f-716b-4436-a016-ea1a33e605ae,118,0.5899478828018088,0.006435211496795712
25d5f94f-716b-4436-a016-ea1a33e605ae,87,0.7605756424552823,0.1544922040049258
25d5f94f-716b-4436-a016-ea1a33e605ae,61,0.7604243116824717,0.5129221647747657
25d5f94f-716b-4436-a016-ea1a33e605ae,89,0.9995577032504386,0.7694488940820471
a75d9602-579c-4f30-93c2-41ba5bfbd7bd,72,0.6743996518139815,0.7628933355543641
a75d9602-579c-4f30-93c2-41ba5bfbd7bd,114,0.6466004439486619,0.22674118440694457
a75d9602-579c-4f30-93c2-41ba5bfbd7bd,74,0.9106057172144217,0.5098540095504577
a75d9602-579c-4f30-93c2-41ba5bfbd7bd,112,0.05024300982298213,0.03491155265622381
a75d9602-579c-4f30-93c2-41ba5bfbd7bd,92,0.8529819953305915,0.9283835056363074
30c99640-3322-4e42-b3e9-67eebe3902b9,60,0.7960074024272833,0.7537340704280046
30c99640-3322-4e42-b3e9-67eebe3902b9,68,0.33600705899010874,0.4656825417622795
30c99640-3322-4e42-b3e9-67eebe3902b9,116,0.18913910002298462,0.9223674846701029
30c99640-3322-4e42-b3e9-67eebe3902b9,71,0.37975152291931746,0.8014457762229537
30c99640-3322-4e42-b3e9-67eebe3902b9,121,0.055525032809150554,0.5684648985079399
18250854-857c-43f6-96a4-183ee41e0e70,76,0.21078144935468823,0.5564562058254564
18250854-857c-43f6-96a4-183ee41e0e70,99,0.9291447172116873,0.38732251797531403
18250854-857c-43f6-96a4-183ee41e0e70,109,0.3180495725509187,0.7494260059808087
18250854-857c-43f6-96a4-183ee41e0e70,113,0.08754866402778061,0.2828011306704997
18250854-857c-43f6-96a4-183ee41e0e70,70,0.292516425476252,0.3322055709473216
36dcc893-82d8-487a-acec-4541df60da71,125,0.6678679067008134,0.9332050877593062
36dcc893-82d8-487a-acec-4541df60da71,87,0.5972924203534693,0.6533834984786806
36dcc893-82d8-487a-acec-4541df60da71,115,0.31754970025758844,0.8481092350156301
36dcc893-82d8-487a-acec-4541df60da71,96,0.8848551176960043,0.7390669759393725
36dcc893-82d8-487a-acec-4541df60da71,108,0.28161604210563174,0.9633603204460379
5832a43c-1be0-480e-9ac6-c761edecb2f7,111,0.6781138309542087,0.5430214308667641
5832a43c-1be0-480e-9ac6-c761edecb2f7,119,0.9901088460868658,0.31187943576372523
5832a43c-1be0-480e-9ac6-c761edecb2f7,115,0.44279813654373745,0.2610485262348481
5832a43c-1be0-480e-9ac6-c761edecb2f7,107,0.8345717902556277,0.9354845135274957
5832a43c-1be0-480e-9ac6-c761edecb2f7,63,0.1984910746053491,0.16488477656513845
44e1c518-6aca-45b7-8f51-121a252c1e07,75,0.7101326405645373,0.27294999473148784
44e1c518-6aca-45b7-8f51-121a252c1e07,73,0.4487788039946148,0.9132326804214563
44e1c518-6aca-45b7-8f51-121a252c1e07,126,0.2466586158054065,0.4709602524347335
44e1c518-6aca-45b7-8f51-121a252c1e07,85,0.6475164648433631,0.27304061932780677
44e1c518-6aca-45b7-8f51-121a252c1e07,126,0.29426673663711433,0.1147969272512801
840f1b25-815c-4c4b-9ba4-c791c715d8ed,86,0.05560552168046062,0.006877962219649314
840f1b25-815c-4c4b-9ba4-c791c715d8ed,112,0.2494582042932323,0.7171205684721935
840f1b25-815c-4c4b-9ba4-c791c715d8ed,109,0.8955628481318387,0.9091752640535857
840f1b25-815c-4c4b-9ba4-c791c715d8ed,107,0.6910558127392618,0.27163318127436964
840f1b25-815c-4c4b-9ba4-c791c715d8ed,125,0.18463245734736922,0.34210762086359403
73f78c2b-7b0b-4a39-b41e-36a7baea61e8,108,0.8224946492902271,0.17334305297528085
73f78c2b-7b0b-4a39-b41e-36a7baea61e8,97,0.682153161561635,0.949899668246076
73f78c2b-7b0b-4a39-b41e-36a7baea61e8,111,0.7338831308025413,0.632238150867861
73f78c2b-7b0b-4a39-b41e-36a7baea61e8,64,0.35513164775381256,0.04524918901888786
73f78c2b-7b0b-4a39-b41e-36a7baea61e8,106,0.015176882286826898,0.5814171055820205
9d8deec0-790d-4f0f-be72-662ef6761354,80,0.8209810172991409,0.566605258905463
9d8deec0-790d-4f0f-be72-662ef6761354,82,0.6996899090587084,0.41085709184049646
9d8deec0-790d-4f0f-be72-662ef6761354,69,0.32679470585777737,0.010811083635196339
9d8deec0-790d-4f0f-be72-662ef6761354,120,0.7799883269105443,0.09873720688266585
9d8deec0-790d-4f0f-be72-662ef6761354,112,0.4639816981668874,0.11870909550911146
5e2b5cc6-435a-49f2-a688-73002212c984,128,0.06723418009056115,0.5948473795019096
5e2b5cc6-435a-49f2-a688-73002212c984,124,0.6997052060994762,0.6169440273845019
5e2b5cc6-435a-49f2-a688-73002212c984,70,0.5322918759514544,0.10326500887504841
5e2b5cc6-435a-49f2-a688-73002212c984,122,0.561255678074924,0.2462441609706001
5e2b5cc6-435a-49f2-a688-73002212c984,117,0.43123386979155787,0.3475187953137546
42943112-0d9f-4763-a200-db10c7f5e1aa,90,0.05276525785960262,0.6920112559466547
42943112-0d9f-4763-a200-db10c7f5e1aa,114,0.21825987269372948,0.9894317657796315
42943112-0d9f-4763-a200-db10c7f5e1aa,60,0.2528581182501112,0.5776317543444226
42943112-0d9f-4763-a200-db10c7f5e1aa,113,0.8977435665097253,0.7451794953696144
42943112-0d9f-4763-a200-db10c7f5e1aa,81,0.4773503981224013,0.3508191093350156
6c9419a6-dcab-48d0-bdce-6fc372734f30,67,0.15830390010561435,0.051785888732816865
6c9419a6-dcab-48d0-bdce-6fc372734f30,72,0.08468834187530683,0.4666931208844084
6c9419a6-dcab-48d0-bdce-6fc372734f30,104,0.8409087104029072,0.22123869644606398
6c9419a6-dcab-48d0-bdce-6fc372734f30,120,0.5764724375577539,0.7618836118624439
6c9419a6-dcab-48d0-bdce-6fc372734f30,72,0.4591240232866809,0.3032858908492829
c93dacf1-1e97-42e1-9ea7-c5d5d020ef05,94,0.016756304492382412,0.6791991512011694
c93dacf1-1e97-42e1-9ea7-c5d5d020ef05,117,0.6838664518353432,0.5315721526867312
c93dacf1-1e97-42e1-9ea7-c5d5d020ef05,85,0.937108944919677,0.31180213695576864
c93dacf1-1e97-42e1-9ea7-c5d5d020ef05,65,0.16121881197512256,0.6564096035006569
c93dacf1-1e97-42e1-9ea7-c5d5d020ef05,77,0.3321097833081246,0.9281018355097865
91d70c24-71fa-4443-9a17-067d73a490a5,72,0.22398254586508115,0.23914254543452318
91d70c24-71fa-4443-9a17-067d73a490a5,74,0.6127958355365104,0.9384821582141546
91d70c24-71fa-4443-9a17-067d73a490a5,94,0.07680304831442153,0.35466620498508283
91d70c24-71fa-4443-9a17-067d73a490a5,94,0.4032077561332522,0.8336440104751723
91d70c24-71fa-4443-9a17-067d73a490a5,83,0.6118310201032214,0.37345794513270525
ccbe8c85-fedb-4b3c-b60e-3de9dbee0463,109,0.10587431821312931,0.35489768348655404
ccbe8c85-fedb-4b3c-b60e-3de9dbee0463,72,0.531661023764483,0.5377829347413765
ccbe8c85-fedb-4b3c-b60e-3de9dbee0463,96,0.07010813964125695,0.3952593154311578
ccbe8c85-fedb-4b3c-b60e-3de9dbee0463,127,0.5563280072570793,0.029155186022088997
ccbe8c85-fedb-4b3c-b60e-3de9dbee0463,75,0.04191521671625753,0.41918287590212133
cd864f10-f524-4718-9794-e9d23600abda,87,0.5182761764476463,0.7101147663372793
cd864f10-f524-4718-9794-e9d23600abda,62,0.23138063637684803,0.5024272871663764
cd864f10-f524-4718-9794-e9d23600abda,102,0.2623429667809457,0.3130501450631469
cd864f10-f524-4718-9794-e9d23600abda,125,0.8861817721293451,0.9343041141674903
cd864f10-f524-4718-9794-e9d23600abda,116,0.2856995940447645,0.0913741048604092
a4b94d11-6f54-4819-ba14-d250895ac2b4,77,0.04305240271566857,0.7809638636444353
a4b94d11-6f54-4819-ba14-d250895ac2b4,98,0.7314964640431391,0.8244715176045491
a4b94d11-6f54-4819-ba14-d250895ac2b4,104,0.6580549838612207,0.008059103342119789
a4b94d11-6f54-4819-ba14-d250895ac2b4,115,0.8446659090902243,0.4313017063410146
a4b94d11-6f54-4819-ba14-d250895ac2b4,63,0.7681281783808822,0.5004773158667182
a5b8289b-d7c0-41f0-a9d1-32af6b84891a,77,0.24950307968274177,0.5474714898623186
a5b8289b-d7c0-41f0-a9d1-32af6b84891a,65,0.3252111962762113,0.03926941424165231
a5b8289b-d7c0-41f0-a9d1-32af6b84891a,126,0.828488133895241,0.712845995860955
a5b8289b-d7c0-41f0-a9d1-32af6b84891a,63,0.3243458076950557,0.23389693147220347
a5b8289b-d7c0-41f0-a9d1-32af6b84891a,64,0.8571916570595887,0.82042682025902
87ef9f85-ae3e-4c24-a232-d153c90cb256,94,0.9467562446922407,0.400212275849672
87ef9f85-ae3e-4c24-a232-d153c90cb256,70,0.45440315447995283,0.780189268482995
87ef9f85-ae3e-4c24-a232-d153c90cb256,68,0.603528806501121,0.6595059816513271
87ef9f85-ae3e-4c24-a232-d153c90cb256,77,0.12038757878908901,0.9385297834731304
87ef9f85-ae3e-4c24-a232-d153c90cb256,82,0.06569211648965922,0.8871193172236984
21d03481-37c5-4c1a-8531-feeb22570faa,128,0.3072164170212709,0.5464585417281244
21d03481-37c5-4c1a-8531-feeb22570faa,89,0.7762904775159478,0.1305012641171842
21d03481-37c5-4c1a-8531-feeb22570faa,84,0.7972110725787628,0.7242325476119492
21d03481-37c5-4c1a-8531-feeb22570faa,117,0.3405448354798969,0.8049637303992545
21d03481-37c5-4c1a-8531-feeb22570faa,84,0.6617186826439566,0.6024494419665878
712c917e-2502-4f30-868a-6ec01a1bd729,69,0.2338128330930641,0.02370775364451838
712c917e-2502-4f30-868a-6ec01a1bd729,80,0.9482515377900793,0.3046023557741905
712c917e-2502-4f30-868a-6ec01a1bd729,123,0.2798926522464269,0.27771908735084383
712c917e-2502-4f30-868a-6ec01a1bd729,101,0.9269163463311081,0.2136981415703284
712c917e-2502-4f30-868a-6ec01a1bd729,75,0.5739498660690104,0.392895108893179
8378438f-7a66-443f-a551-430c4f5963d5,118,0.5832523923125568,0.011302536589022472
8378438f-7a66-443f-a551-430c4f5963d5,106,0.24787335872842364,0.697716307553293
8378438f-7a66-443f-a551-430c4f5963d5,119,0.3976844144330547,0.9738004133571495
8378438f-7a66-443f-a551-430c4f5963d5,61,0.06188570168047525,0.5353679411816512
8378438f-7a66-443f-a551-430c4f5963d5,66,0.13196531962396174,0.5131830837567788
a39652a1-d66b-49d1-9b4b-7249ee774e67,122,0.05057310382422886,0.4261212379522308
a39652a1-d66b-49d1-9b4b-7249ee774e67,102,0.8056488053633419,0.22431855885352625
a39652a1-d66b-49d1-9b4b-7249ee774e67,95,0.8173053122132368,0.9303984201693255
a39652a1-d66b-49d1-9b4b-7249ee774e67,95,0.45005863942622526,0.33745427896422897
a39652a1-d66b-49d1-9b4b-7249ee774e67,89,0.279745967769071,0.33199829423776517
ce9bf2de-2efd-41a1-b922-5df15df9172a,111,0.49253538071428926,0.44210703467972
ce9bf2de-2efd-41a1-b922-5df15df9172a,126,0.48439118560084926,0.6938055569674118
ce9bf2de-2efd-41a1-b922-5df15df9172a,111,0.16136735838838312,0.5719958782835928
ce9bf2de-2efd-41a1-b922-5df15df9172a,123,0.29639200687528344,0.9108026709698133
ce9bf2de-2efd-41a1-b922-5df15df9172a,88,0.1492494697414739,0.2681743677449133
7e20b9ab-33a9-4cdb-9033-c35953de15ef,95,0.40771577066522524,0.12556557863725137
7e20b9ab-33a9-4cdb-9033-c35953de15ef,77,0.056680432165835404,0.034672704226066386
7e20b9ab-33a9-4cdb-9033-c35953de15ef,104,0.3375324658838189,0.802851208995546
7e20b9ab-33a9-4cdb-9033-c35953de15ef,102,0.6415044812562517,0.25982813794029946
7e20b9ab-33a9-4cdb-9033-c35953de15ef,81,0.3373109541512276,0.3119119055367052
55634e0f-d428-45bf-93e7-ee7b5daf1e32,78,0.6481050345341234,0.875118044558047
55634e0f-d428-45bf-93e7-ee7b5daf1e32,116,0.1411075940213511,0.5455821217920664
55634e0f-d428-45bf-93e7-ee7b5daf1e32,109,0.39699216220747413,0.15631697070886086
55634e0f-d428-45bf-93e7-ee7b5daf1e32,96,0.08202368521147085,0.034939246405988444
55634e0f-d428-45bf-93e7-ee7b5daf1e32,103,0.08122963480667267,0.9925817954877634
2a935a07-b5fc-4a0e-bf09-7e0740cba199,66,0.11728014780044504,0.16906177843971626
2a935a07-b5fc-4a0e-bf09-7e0740cba199,90,0.6594229620819976,0.5778070502510847
2a935a07-b5fc-4a0e-bf09-7e0740cba199,120,0.6379018745529615,0.9851745550906748
2a935a07-b5fc-4a0e-bf09-7e0740cba199,91,0.6193899693665019,0.4111904758694911
2a935a07-b5fc-4a0e-bf09-7e0740cba199,61,0.618772077041005,0.6653652084189043
84c5b2d2-7266-416a-bd7f-f4531d6f5f60,75,0.6448612228149799,0.02353249441409877
84c5b2d2-7266-416a-bd7f-f4531d6f5f60,90,0.6890876537482297,0.8232732126800302
84c5b2d2-7266-416a-bd7f-f4531d6f5f60,63,0.6031921656146675,0.5236005471526117
84c5b2d2-7266-416a-bd7f-f4531d6f5f60,71,0.04013885908536652,0.8899133763628625
84c5b2d2-7266-416a-bd7f-f4531d6f5f60,124,0.6520930618816506,0.7809193563860904
e1c73466-5dac-43ad-b5e1-0448c1800728,61,0.6024698307034551,0.5116385825190141
e1c73466-5dac-43ad-b5e1-0448c1800728,78,0.12595519637935826,0.9791515551006156
e1c73466-5dac-43ad-b5e1-0448c1800728,102,0.9638231608784736,0.1350801462257607
e1c73466-5dac-43ad-b5e1-0448c1800728,126,0.6764837495206044,0.5942418273085972
e1c73466-5dac-43ad-b5e1-0448c1800728,125,0.7658290392349099,0.00540492367266987
ee1757ef-44f2-40c3-8e9e-8311a1f9f1e6,113,0.42906236930266595,0.27592269438054684
ee1757ef-44f2-40c3-8e9e-8311a1f9f1e6,84,0.018386142151597284,0.4640666894045047
ee1757ef-44f2-40c3-8e9e-8311a1f9f1e6,101,0.23333282264932664,0.6253301699544539
ee1757ef-44f2-40c3-8e9e-8311a1f9f1e6,101,0.25108010366516775,0.6504252488238643
ee1757ef-44f2-40c3-8e9e-8311a1f9f1e6,81,0.12200741357688905,0.7013832855596901
26ed0fe0-af60-4c4e-a408-b84a4ea69dc1,86,0.7341512590416462,0.3413186459500521
26ed0fe0-af60-4c4e-a408-b84a4ea69dc1,125,0.4113745714125894,0.1263864224056671
26ed0fe0-af60-4c4e-a408-b84a4ea69dc1,69,0.08159872000483837,0.258591591134784
26ed0fe0-af60-4c4e-a408-b84a4ea69dc1,79,0.48271347307693446,0.7774554671823856
26ed0fe0-af60-4c4e-a408-b84a4ea69dc1,110,0.548145202728022,0.17464718589632955
c6ba1bd3-01ed-4e5c-8c78-5c7f98c39792,86,0.6334117402421271,0.805525913576057
c6ba1bd3-01ed-4e5c-8c78-5c7f98c39792,125,0.0504167736022092,0.8903843208552661
c6ba1bd3-01ed-4e5c-8c78-5c7f98c39792,87,0.16590102437078624,0.024684157224584613
c6ba1bd3-01ed-4e5c-8c78-5c7f98c39792,80,0.06939408590418339,0.08987685173616067
c6ba1bd3-01ed-4e5c-8c78-5c7f98c39792,77,0.1274856801402462,0.8002063476835791
cb06c4c8-bce7-4b6f-9cd8-3f5645166d16,117,0.40659053735947226,0.14328145870264108
cb06c4c8-bce7-4b6f-9cd8-3f5645166d16,95,0.991453567842792,0.7268388310482375
cb06c4c8-bce7-4b6f-9cd8-3f5645166d16,120,0.9002641112020704,0.7921911948016761
cb06c4c8-bce7-4b6f-9cd8-3f5645166d16,92,0.8375308340760557,0.6144857775116312
cb06c4c8-bce7-4b6f-9cd8-3f5645166d16,97,0.29582409749653604,0.0011120941961874076
fecab0dc-8f48-4e62-ac02-4cc9d4c367eb,75,0.217891379626744,0.6618345851139982
fecab0dc-8f48-4e62-ac02-4cc9d4c367eb,129,0.6846261942649663,0.9027055104453562
fecab0dc-8f48-4e62-ac02-4cc9d4c367eb,73,0.12736947344788108,0.12627113710773186
fecab0dc-8f48-4e62-ac02-4cc9d4c367eb,74,0.09441889766048095,0.8315183331122236
fecab0dc-8f48-4e62-ac02-4cc9d4c367eb,103,0.6497880467642996,0.10343411486048337
e065ed35-af4c-4bca-8041-c0985a84dba5,102,3.071884538241587e-05,0.712137045880605
e065ed35-af4c-4bca-8041-c0985a84dba5,76,0.554356681216369,0.14821746209932463
e065ed35-af4c-4bca-8041-c0985a84dba5,121,0.5402994067614997,0.8511507354259817
e065ed35-af4c-4bca-8041-c0985a84dba5,94,0.8987878897373477,0.5531119710583715
e065ed35-af4c-4bca-8041-c0985a84dba5,84,0.3840426383911004,0.6662678614790385
4ec67247-1a8f-42b7-947e-cc0dbf4dd669,128,0.3887263478765467,0.24029912345036675
4ec67247-1a8f-42b7-947e-cc0dbf4dd669,60,0.31491844458889573,0.09664483428775228
4ec67247-1a8f-42b7-947e-cc0dbf4dd669,98,0.9873361585795459,0.4441035569066186
4ec67247-1a8f-42b7-947e-cc0dbf4dd669,88,0.08764983619465327,0.06581176069057648
4ec67247-1a8f-42b7-947e-cc0dbf4dd669,79,0.5827144493446815,0.8124738210441717
1bad945e-9681-481b-a709-d100c4050074,117,0.4764612712393995,0.31830409469234733
1bad945e-9681-481b-a709-d100c4050074,125,0.6725072626736491,0.6821916892550988
1bad945e-9681-481b-a709-d100c4050074,88,0.6946537728101754,0.3646706762343366
1bad945e-9681-481b-a709-d100c4050074,119,0.12832586218876452,0.5784925082293301
1bad945e-9681-481b-a709-d100c4050074,79,0.7534721106595967,0.8728594215656645
712ceb9a-4202-48f2-a7ed-ab4eda80c9fd,78,0.7302491895295712,0.6191727353658367
712ceb9a-4202-48f2-a7ed-ab4eda80c9fd,72,0.6737017335421565,0.7674988305907054
712ceb9a-4202-48f2-a7ed-ab4eda80c9fd,111,0.4920544893824006,0.7965085197237084
712ceb9a-4202-48f2-a7ed-ab4eda80c9fd,102,0.19624571670616564,0.1255497898984771
712ceb9a-4202-48f2-a7ed-ab4eda80c9fd,101,0.5235635795298558,0.28226247041293284
5f2fb780-116d-4d0a-b80c-8f0ba15b542a,82,0.5855637287933019,0.5413744209074383
5f2fb780-116d-4d0a-b80c-8f0ba15b542a,79,0.6519008655624606,0.8324171834102527
5f2fb780-116d-4d0a-b80c-8f0ba15b542a,110,0.5855876838726125,0.5443448876343211
5f2fb780-116d-4d0a-b80c-8f0ba15b542a,70,0.6377741418455916,0.8200675020556494
5f2fb780-116d-4d0a-b80c-8f0ba15b542a,97,0.5232130549708749,0.27178651608012916
278db7bc-314c-4482-a9e9-abd4f00b1a2d,65,0.2523119270696871,0.3077709052931491
278db7bc-314c-4482-a9e9-abd4f00b1a2d,101,0.15391950978290503,0.977031676545176
278db7bc-314c-4482-a9e9-abd4f00b1a2d,118,0.1356883177922793,0.8936352533461337
278db7bc-314c-4482-a9e9-abd4f00b1a2d,66,0.6409655280987577,0.46618159112755697
278db7bc-314c-4482-a9e9-abd4f00b1a2d,84,0.7004317991565039,0.7704472210739898
af857c91-4423-4f4d-aeba-6dc93726cb26,71,0.3586215819535914,0.9113391900786307
af857c91-4423-4f4d-aeba-6dc93726cb26,105,0.7323884465975549,0.9241077159112795
af857c91-4423-4f4d-aeba-6dc93726cb26,72,0.7665273162216272,0.7021074541137926
af857c91-4423-4f4d-aeba-6dc93726cb26,116,0.9665475165520824,0.6281195312435718
af857c91-4423-4f4d-aeba-6dc93726cb26,108,0.6761050258143518,0.3072389618477205
720d3a4a-d75f-452c-bc8a-8985ea5eeaba,113,0.5504717771029405,0.790014841559882
720d3a4a-d75f-452c-bc8a-8985ea5eeaba,87,0.5797311661341921,0.34562499357640153
720d3a4a-d75f-452c-bc8a-8985ea5eeaba,84,0.06203676362878152,0.33930526730956745
720d3a4a-d75f-452c-bc8a-8985ea5eeaba,95,0.16605252148153637,0.06110466761963229
720d3a4a-d75f-452c-bc8a-8985ea5eeaba,76,0.10633729734822717,0.1141399693096321
19f7fde9-7bc5-43b4-858f-917cbfbe4df3,104,0.11514617839520114,0.8832736014262238
19f7fde9-7bc5-43b4-858f-917cbfbe4df3,110,0.0001865281706631139,0.6139794562733938
19f7fde9-7bc5-43b4-858f-917cbfbe4df3,112,0.4420334209311235,0.648233468807846
19f7fde9-7bc5-43b4-858f-917cbfbe4df3,97,0.4553831354806076,0.4149604360796805
19f7fde9-7bc5-43b4-858f-917cbfbe4df3,66,0.648765386159386,0.9545659288588108
0cd799fc-7a54-4795-b847-9e722a6b3b72,100,0.1805182283924236,0.26247058512126453
0cd799fc-7a54-4795-b847-9e722a6b3b72,109,0.40146177908904324,0.3380844093662614
0cd799fc-7a54-4795-b847-9e722a6b3b72,60,0.16253798746870785,0.6756213095982433
0cd799fc-7a54-4795-b847-9e722a6b3b72,63,0.7343656764922184,0.20883093549458998
0cd799fc-7a54-4795-b847-9e722a6b3b72,63,0.5523661378172343,0.5952297327194016
9a5987b5-157d-4e59-922b-120c41971720,120,0.5769816124176819,0.3454808537234457
9a5987b5-157d-4e59-922b-120c41971720,95,0.5402788931874211,0.07928028463119174
9a5987b5-157d-4e59-922b-120c41971720,86,0.5927709408701848,0.1483603372895168
9a5987b5-157d-4e59-922b-120c41971720,87,0.29632580189980007,0.14346945701802005
9a5987b5-157d-4e59-922b-120c41971720,106,0.869937832897689,0.3715465113198744
278c8ab4-83f4-4e0e-8de7-ca2f805952e6,96,0.08061540516960175,0.9395685890251657
278c8ab4-83f4-4e0e-8de7-ca2f805952e6,107,0.5866239182836627,0.8284386709389908
278c8ab4-83f4-4e0e-8de7-ca2f805952e6,89,0.3150103723767316,0.7914097505069756
278c8ab4-83f4-4e0e-8de7-ca2f805952e6,71,0.8286529061182892,0.7834695600492677
278c8ab4-83f4-4e0e-8de7-ca2f805952e6,112,0.19519716457188252,0.6784911686505812
8baaff5c-63d8-41b5-832d-8269942841f8,117,0.9877495390991885,0.3256848020639532
8baaff5c-63d8-41b5-832d-8269942841f8,65,0.7220660642037853,0.040285518777998464
8baaff5c-63d8-41b5-832d-8269942841f8,78,0.516283299197674,0.5806452259096341
8baaff5c-63d8-41b5-832d-8269942841f8,89,0.6722506872941947,0.481277951219237
8baaff5c-63d8-41b5-832d-8269942841f8,71,0.9505328209544089,0.022066148682290843
46e0efbf-6a67-4975-8828-a3578e14e58a,68,0.8738749555210183,0.012907227980991975
46e0efbf-6a67-4975-8828-a3578e14e58a,88,0.2803347525514125,0.13217965775387175
46e0efbf-6a67-4975-8828-a3578e14e58a,74,0.6103774953183276,0.024110193408666825
46e0efbf-6a67-4975-8828-a3578e14e58a,103,0.05456540828269896,0.5994611396587166
46e0efbf-6a67-4975-8828-a3578e14e58a,102,0.4593314408005428,0.7521286995435712
