event_id,trip_id,timestamp,event_type,event_value,severity_level,phone_interaction_type
EVT-TRIP-873-0,TRIP-873f08-0,2025-09-11 16:37:28,DISTRACTION,1.34,4,TEXT
EVT-TRIP-873-1,TRIP-873f08-0,2025-09-11 16:37:38,HARD_BRAKE,1.22,1,TEXT
EVT-TRIP-873-0,TRIP-873f08-1,2025-09-11 16:37:28,DISTRACTION,0.92,5,NONE
EVT-TRIP-873-1,TRIP-873f08-1,2025-09-11 16:37:38,HARD_BRAKE,1.49,4,NONE
EVT-TRIP-873-2,TRIP-873f08-1,2025-09-11 16:37:48,HARD_BRAKE,0.68,1,CALL
EVT-TRIP-873-0,TRIP-873f08-2,2025-09-11 16:37:28,SPEEDING,1.28,3,APP
EVT-TRIP-873-1,TRIP-873f08-2,2025-09-11 16:37:38,HARD_BRAKE,0.61,3,CALL
EVT-TRIP-873-2,TRIP-873f08-2,2025-09-11 16:37:48,SPEEDING,1.23,4,TEXT
EVT-TRIP-955-0,TRIP-95562c-0,2025-09-11 16:37:28,DISTRACTION,1.1,3,APP
EVT-TRIP-955-1,TRIP-95562c-0,2025-09-11 16:37:38,SPEEDING,0.65,1,NONE
EVT-TRIP-955-0,TRIP-95562c-1,2025-09-11 16:37:28,SPEEDING,1.34,2,APP
EVT-TRIP-955-1,TRIP-95562c-1,2025-09-11 16:37:38,HARD_BRAKE,1.01,5,NONE
EVT-TRIP-955-2,TRIP-95562c-1,2025-09-11 16:37:48,SPEEDING,0.92,2,TEXT
EVT-TRIP-955-3,TRIP-95562c-1,2025-09-11 16:37:58,DISTRACTION,1.34,4,TEXT
EVT-TRIP-955-4,TRIP-95562c-1,2025-09-11 16:38:08,HARD_BRAKE,0.87,5,APP
EVT-TRIP-955-0,TRIP-95562c-2,2025-09-11 16:37:28,DISTRACTION,0.73,4,NONE
EVT-TRIP-955-1,TRIP-95562c-2,2025-09-11 16:37:38,SPEEDING,1.14,2,CALL
EVT-TRIP-632-0,TRIP-632021-0,2025-09-11 16:37:28,SPEEDING,1.26,2,NONE
EVT-TRIP-632-1,TRIP-632021-0,2025-09-11 16:37:38,DISTRACTION,0.75,3,CALL
EVT-TRIP-632-2,TRIP-632021-0,2025-09-11 16:37:48,SPEEDING,0.51,3,CALL
EVT-TRIP-632-3,TRIP-632021-0,2025-09-11 16:37:58,HARD_BRAKE,0.95,3,CALL
EVT-TRIP-632-4,TRIP-632021-0,2025-09-11 16:38:08,SPEEDING,1.1,5,APP
EVT-TRIP-632-0,TRIP-632021-1,2025-09-11 16:37:28,DISTRACTION,0.88,1,NONE
EVT-TRIP-632-1,TRIP-632021-1,2025-09-11 16:37:38,SPEEDING,0.76,1,TEXT
EVT-TRIP-632-2,TRIP-632021-1,2025-09-11 16:37:48,HARD_BRAKE,0.57,2,CALL
EVT-TRIP-632-0,TRIP-632021-2,2025-09-11 16:37:28,SPEEDING,0.87,1,CALL
EVT-TRIP-632-1,TRIP-632021-2,2025-09-11 16:37:38,SPEEDING,1.27,4,CALL
EVT-TRIP-632-2,TRIP-632021-2,2025-09-11 16:37:48,HARD_BRAKE,0.77,3,APP
EVT-TRIP-632-3,TRIP-632021-2,2025-09-11 16:37:58,DISTRACTION,0.84,2,NONE
EVT-TRIP-632-4,TRIP-632021-2,2025-09-11 16:38:08,DISTRACTION,1.04,4,NONE
EVT-TRIP-0d6-0,TRIP-0d6689-0,2025-09-11 16:37:28,HARD_BRAKE,0.8,1,APP
EVT-TRIP-0d6-1,TRIP-0d6689-0,2025-09-11 16:37:38,DISTRACTION,1.42,4,TEXT
EVT-TRIP-0d6-2,TRIP-0d6689-0,2025-09-11 16:37:48,DISTRACTION,1.22,2,APP
EVT-TRIP-0d6-0,TRIP-0d6689-1,2025-09-11 16:37:28,DISTRACTION,0.86,3,TEXT
EVT-TRIP-0d6-1,TRIP-0d6689-1,2025-09-11 16:37:38,DISTRACTION,1.36,3,CALL
EVT-TRIP-0d6-2,TRIP-0d6689-1,2025-09-11 16:37:48,HARD_BRAKE,1.03,5,NONE
EVT-TRIP-0d6-3,TRIP-0d6689-1,2025-09-11 16:37:58,SPEEDING,0.73,1,APP
EVT-TRIP-0d6-0,TRIP-0d6689-2,2025-09-11 16:37:28,SPEEDING,1.39,4,TEXT
EVT-TRIP-0d6-1,TRIP-0d6689-2,2025-09-11 16:37:38,SPEEDING,1.21,3,CALL
EVT-TRIP-0d6-2,TRIP-0d6689-2,2025-09-11 16:37:48,DISTRACTION,1.24,2,CALL
EVT-TRIP-0d6-3,TRIP-0d6689-2,2025-09-11 16:37:58,HARD_BRAKE,0.67,3,TEXT
EVT-TRIP-0d6-4,TRIP-0d6689-2,2025-09-11 16:38:08,SPEEDING,1.4,2,CALL
EVT-TRIP-226-0,TRIP-226b8b-0,2025-09-11 16:37:28,HARD_BRAKE,1.19,2,APP
EVT-TRIP-226-1,TRIP-226b8b-0,2025-09-11 16:37:38,DISTRACTION,1.02,4,TEXT
EVT-TRIP-226-2,TRIP-226b8b-0,2025-09-11 16:37:48,DISTRACTION,1.19,2,CALL
EVT-TRIP-226-3,TRIP-226b8b-0,2025-09-11 16:37:58,HARD_BRAKE,1.26,5,TEXT
EVT-TRIP-226-4,TRIP-226b8b-0,2025-09-11 16:38:08,DISTRACTION,0.85,2,TEXT
EVT-TRIP-226-0,TRIP-226b8b-1,2025-09-11 16:37:28,SPEEDING,0.93,1,TEXT
EVT-TRIP-226-1,TRIP-226b8b-1,2025-09-11 16:37:38,SPEEDING,0.89,1,APP
EVT-TRIP-226-2,TRIP-226b8b-1,2025-09-11 16:37:48,SPEEDING,1.45,1,APP
EVT-TRIP-226-3,TRIP-226b8b-1,2025-09-11 16:37:58,HARD_BRAKE,1.29,1,APP
EVT-TRIP-226-4,TRIP-226b8b-1,2025-09-11 16:38:08,DISTRACTION,1.06,2,APP
EVT-TRIP-226-0,TRIP-226b8b-2,2025-09-11 16:37:28,SPEEDING,1.42,1,CALL
EVT-TRIP-226-1,TRIP-226b8b-2,2025-09-11 16:37:38,DISTRACTION,1.34,4,TEXT
EVT-TRIP-226-2,TRIP-226b8b-2,2025-09-11 16:37:48,HARD_BRAKE,0.98,2,TEXT
EVT-TRIP-ee2-0,TRIP-ee2ebd-0,2025-09-11 16:37:28,HARD_BRAKE,1.15,1,NONE
EVT-TRIP-ee2-1,TRIP-ee2ebd-0,2025-09-11 16:37:38,DISTRACTION,0.91,1,APP
EVT-TRIP-ee2-2,TRIP-ee2ebd-0,2025-09-11 16:37:48,HARD_BRAKE,1.35,3,NONE
EVT-TRIP-ee2-3,TRIP-ee2ebd-0,2025-09-11 16:37:58,SPEEDING,0.56,4,CALL
EVT-TRIP-ee2-4,TRIP-ee2ebd-0,2025-09-11 16:38:08,SPEEDING,0.59,5,TEXT
EVT-TRIP-ee2-0,TRIP-ee2ebd-1,2025-09-11 16:37:28,SPEEDING,1.47,2,APP
EVT-TRIP-ee2-1,TRIP-ee2ebd-1,2025-09-11 16:37:38,SPEEDING,0.62,4,TEXT
EVT-TRIP-ee2-2,TRIP-ee2ebd-1,2025-09-11 16:37:48,HARD_BRAKE,0.51,1,APP
EVT-TRIP-ee2-3,TRIP-ee2ebd-1,2025-09-11 16:37:58,HARD_BRAKE,0.89,5,NONE
EVT-TRIP-ee2-0,TRIP-ee2ebd-2,2025-09-11 16:37:28,DISTRACTION,1.13,1,CALL
EVT-TRIP-ee2-1,TRIP-ee2ebd-2,2025-09-11 16:37:38,SPEEDING,0.56,2,APP
EVT-TRIP-ee2-2,TRIP-ee2ebd-2,2025-09-11 16:37:48,DISTRACTION,0.52,5,TEXT
EVT-TRIP-ee2-3,TRIP-ee2ebd-2,2025-09-11 16:37:58,SPEEDING,0.63,3,TEXT
EVT-TRIP-1f9-0,TRIP-1f92be-0,2025-09-11 16:37:28,SPEEDING,1.41,2,TEXT
EVT-TRIP-1f9-1,TRIP-1f92be-0,2025-09-11 16:37:38,SPEEDING,1.05,5,CALL
EVT-TRIP-1f9-2,TRIP-1f92be-0,2025-09-11 16:37:48,DISTRACTION,1.39,3,CALL
EVT-TRIP-1f9-3,TRIP-1f92be-0,2025-09-11 16:37:58,DISTRACTION,1.45,4,TEXT
EVT-TRIP-1f9-4,TRIP-1f92be-0,2025-09-11 16:38:08,SPEEDING,0.79,2,APP
EVT-TRIP-1f9-0,TRIP-1f92be-1,2025-09-11 16:37:28,SPEEDING,1.23,3,TEXT
EVT-TRIP-1f9-1,TRIP-1f92be-1,2025-09-11 16:37:38,SPEEDING,1.06,5,TEXT
EVT-TRIP-1f9-2,TRIP-1f92be-1,2025-09-11 16:37:48,DISTRACTION,1.19,4,TEXT
EVT-TRIP-1f9-0,TRIP-1f92be-2,2025-09-11 16:37:28,HARD_BRAKE,1.07,2,TEXT
EVT-TRIP-1f9-1,TRIP-1f92be-2,2025-09-11 16:37:38,DISTRACTION,1.28,5,APP
EVT-TRIP-b68-0,TRIP-b68ed9-0,2025-09-11 16:37:28,DISTRACTION,1.27,1,TEXT
EVT-TRIP-b68-1,TRIP-b68ed9-0,2025-09-11 16:37:38,HARD_BRAKE,1.37,1,TEXT
EVT-TRIP-b68-2,TRIP-b68ed9-0,2025-09-11 16:37:48,HARD_BRAKE,1.33,4,CALL
EVT-TRIP-b68-0,TRIP-b68ed9-1,2025-09-11 16:37:28,HARD_BRAKE,1.28,2,NONE
EVT-TRIP-b68-1,TRIP-b68ed9-1,2025-09-11 16:37:38,HARD_BRAKE,0.97,1,TEXT
EVT-TRIP-b68-2,TRIP-b68ed9-1,2025-09-11 16:37:48,DISTRACTION,0.51,4,APP
EVT-TRIP-b68-3,TRIP-b68ed9-1,2025-09-11 16:37:58,DISTRACTION,0.78,3,APP
EVT-TRIP-b68-4,TRIP-b68ed9-1,2025-09-11 16:38:08,HARD_BRAKE,0.57,3,NONE
EVT-TRIP-b68-0,TRIP-b68ed9-2,2025-09-11 16:37:28,HARD_BRAKE,1.14,1,CALL
EVT-TRIP-b68-1,TRIP-b68ed9-2,2025-09-11 16:37:38,HARD_BRAKE,0.89,4,NONE
EVT-TRIP-b68-2,TRIP-b68ed9-2,2025-09-11 16:37:48,DISTRACTION,1.39,3,CALL
EVT-TRIP-7fa-0,TRIP-7fa981-0,2025-09-11 16:37:28,DISTRACTION,1.41,4,APP
EVT-TRIP-7fa-1,TRIP-7fa981-0,2025-09-11 16:37:38,SPEEDING,0.57,1,APP
EVT-TRIP-7fa-2,TRIP-7fa981-0,2025-09-11 16:37:48,HARD_BRAKE,0.57,1,CALL
EVT-TRIP-7fa-3,TRIP-7fa981-0,2025-09-11 16:37:58,SPEEDING,0.89,3,APP
EVT-TRIP-7fa-4,TRIP-7fa981-0,2025-09-11 16:38:08,HARD_BRAKE,1.18,3,TEXT
EVT-TRIP-7fa-0,TRIP-7fa981-1,2025-09-11 16:37:28,SPEEDING,0.67,5,NONE
EVT-TRIP-7fa-1,TRIP-7fa981-1,2025-09-11 16:37:38,SPEEDING,0.84,5,CALL
EVT-TRIP-7fa-2,TRIP-7fa981-1,2025-09-11 16:37:48,HARD_BRAKE,1.25,4,CALL
EVT-TRIP-7fa-3,TRIP-7fa981-1,2025-09-11 16:37:58,HARD_BRAKE,0.75,1,APP
EVT-TRIP-7fa-0,TRIP-7fa981-2,2025-09-11 16:37:28,HARD_BRAKE,0.62,3,APP
EVT-TRIP-7fa-1,TRIP-7fa981-2,2025-09-11 16:37:38,DISTRACTION,1.4,1,TEXT
EVT-TRIP-f26-0,TRIP-f26713-0,2025-09-11 16:37:28,DISTRACTION,0.65,3,CALL
EVT-TRIP-f26-1,TRIP-f26713-0,2025-09-11 16:37:38,SPEEDING,1.35,2,TEXT
EVT-TRIP-f26-2,TRIP-f26713-0,2025-09-11 16:37:48,DISTRACTION,0.87,1,APP
EVT-TRIP-f26-0,TRIP-f26713-1,2025-09-11 16:37:28,HARD_BRAKE,1.18,4,NONE
EVT-TRIP-f26-1,TRIP-f26713-1,2025-09-11 16:37:38,DISTRACTION,0.81,4,CALL
EVT-TRIP-f26-0,TRIP-f26713-2,2025-09-11 16:37:28,HARD_BRAKE,1.03,1,TEXT
EVT-TRIP-f26-1,TRIP-f26713-2,2025-09-11 16:37:38,SPEEDING,0.86,5,APP
EVT-TRIP-f26-2,TRIP-f26713-2,2025-09-11 16:37:48,SPEEDING,0.53,5,TEXT
EVT-TRIP-f26-3,TRIP-f26713-2,2025-09-11 16:37:58,SPEEDING,0.8,3,TEXT
EVT-TRIP-617-0,TRIP-617530-0,2025-09-11 16:37:28,HARD_BRAKE,1.32,5,TEXT
EVT-TRIP-617-1,TRIP-617530-0,2025-09-11 16:37:38,SPEEDING,0.69,1,APP
EVT-TRIP-617-2,TRIP-617530-0,2025-09-11 16:37:48,DISTRACTION,0.59,1,TEXT
EVT-TRIP-617-3,TRIP-617530-0,2025-09-11 16:37:58,HARD_BRAKE,1.13,4,TEXT
EVT-TRIP-617-4,TRIP-617530-0,2025-09-11 16:38:08,HARD_BRAKE,0.84,2,APP
EVT-TRIP-617-0,TRIP-617530-1,2025-09-11 16:37:28,DISTRACTION,1.4,5,APP
EVT-TRIP-617-1,TRIP-617530-1,2025-09-11 16:37:38,DISTRACTION,1.35,2,CALL
EVT-TRIP-617-2,TRIP-617530-1,2025-09-11 16:37:48,SPEEDING,1.12,5,APP
EVT-TRIP-617-3,TRIP-617530-1,2025-09-11 16:37:58,SPEEDING,0.52,3,APP
EVT-TRIP-617-0,TRIP-617530-2,2025-09-11 16:37:28,SPEEDING,0.76,4,CALL
EVT-TRIP-617-1,TRIP-617530-2,2025-09-11 16:37:38,HARD_BRAKE,0.59,5,TEXT
EVT-TRIP-617-2,TRIP-617530-2,2025-09-11 16:37:48,HARD_BRAKE,1.12,3,APP
EVT-TRIP-617-3,TRIP-617530-2,2025-09-11 16:37:58,DISTRACTION,0.67,3,APP
EVT-TRIP-62d-0,TRIP-62d8ed-0,2025-09-11 16:37:28,DISTRACTION,1.09,3,CALL
EVT-TRIP-62d-1,TRIP-62d8ed-0,2025-09-11 16:37:38,SPEEDING,0.56,5,NONE
EVT-TRIP-62d-2,TRIP-62d8ed-0,2025-09-11 16:37:48,DISTRACTION,0.96,1,TEXT
EVT-TRIP-62d-3,TRIP-62d8ed-0,2025-09-11 16:37:58,DISTRACTION,0.69,4,APP
EVT-TRIP-62d-4,TRIP-62d8ed-0,2025-09-11 16:38:08,SPEEDING,1.0,1,CALL
EVT-TRIP-62d-0,TRIP-62d8ed-1,2025-09-11 16:37:28,SPEEDING,1.16,4,NONE
EVT-TRIP-62d-1,TRIP-62d8ed-1,2025-09-11 16:37:38,SPEEDING,1.48,1,CALL
EVT-TRIP-62d-0,TRIP-62d8ed-2,2025-09-11 16:37:28,SPEEDING,0.85,3,TEXT
EVT-TRIP-62d-1,TRIP-62d8ed-2,2025-09-11 16:37:38,SPEEDING,0.81,2,APP
EVT-TRIP-62d-2,TRIP-62d8ed-2,2025-09-11 16:37:48,DISTRACTION,0.63,5,CALL
EVT-TRIP-62d-3,TRIP-62d8ed-2,2025-09-11 16:37:58,DISTRACTION,0.78,4,TEXT
EVT-TRIP-62d-4,TRIP-62d8ed-2,2025-09-11 16:38:08,HARD_BRAKE,1.16,4,TEXT
EVT-TRIP-ba0-0,TRIP-ba0985-0,2025-09-11 16:37:28,DISTRACTION,1.28,2,APP
EVT-TRIP-ba0-1,TRIP-ba0985-0,2025-09-11 16:37:38,HARD_BRAKE,0.93,4,CALL
EVT-TRIP-ba0-0,TRIP-ba0985-1,2025-09-11 16:37:28,SPEEDING,0.93,4,APP
EVT-TRIP-ba0-1,TRIP-ba0985-1,2025-09-11 16:37:38,SPEEDING,0.66,3,APP
EVT-TRIP-ba0-2,TRIP-ba0985-1,2025-09-11 16:37:48,SPEEDING,1.33,3,CALL
EVT-TRIP-ba0-3,TRIP-ba0985-1,2025-09-11 16:37:58,HARD_BRAKE,0.92,2,CALL
EVT-TRIP-ba0-0,TRIP-ba0985-2,2025-09-11 16:37:28,DISTRACTION,1.22,1,CALL
EVT-TRIP-ba0-1,TRIP-ba0985-2,2025-09-11 16:37:38,HARD_BRAKE,0.7,2,APP
EVT-TRIP-ba0-2,TRIP-ba0985-2,2025-09-11 16:37:48,HARD_BRAKE,1.25,1,APP
EVT-TRIP-ba0-3,TRIP-ba0985-2,2025-09-11 16:37:58,DISTRACTION,1.43,3,APP
EVT-TRIP-ba0-4,TRIP-ba0985-2,2025-09-11 16:38:08,HARD_BRAKE,1.27,4,APP
EVT-TRIP-b6b-0,TRIP-b6b842-0,2025-09-11 16:37:28,DISTRACTION,0.74,3,NONE
EVT-TRIP-b6b-1,TRIP-b6b842-0,2025-09-11 16:37:38,SPEEDING,1.15,4,NONE
EVT-TRIP-b6b-2,TRIP-b6b842-0,2025-09-11 16:37:48,DISTRACTION,1.19,3,NONE
EVT-TRIP-b6b-0,TRIP-b6b842-1,2025-09-11 16:37:28,SPEEDING,1.44,4,NONE
EVT-TRIP-b6b-1,TRIP-b6b842-1,2025-09-11 16:37:38,SPEEDING,0.5,4,TEXT
EVT-TRIP-b6b-2,TRIP-b6b842-1,2025-09-11 16:37:48,HARD_BRAKE,1.47,4,NONE
EVT-TRIP-b6b-0,TRIP-b6b842-2,2025-09-11 16:37:28,SPEEDING,0.97,5,NONE
EVT-TRIP-b6b-1,TRIP-b6b842-2,2025-09-11 16:37:38,SPEEDING,0.59,2,NONE
EVT-TRIP-b6b-2,TRIP-b6b842-2,2025-09-11 16:37:48,HARD_BRAKE,1.02,4,APP
EVT-TRIP-3ac-0,TRIP-3ac54b-0,2025-09-11 16:37:28,SPEEDING,0.94,5,APP
EVT-TRIP-3ac-1,TRIP-3ac54b-0,2025-09-11 16:37:38,HARD_BRAKE,1.19,5,CALL
EVT-TRIP-3ac-2,TRIP-3ac54b-0,2025-09-11 16:37:48,DISTRACTION,1.38,4,TEXT
EVT-TRIP-3ac-3,TRIP-3ac54b-0,2025-09-11 16:37:58,DISTRACTION,1.03,5,APP
EVT-TRIP-3ac-4,TRIP-3ac54b-0,2025-09-11 16:38:08,SPEEDING,1.43,5,TEXT
EVT-TRIP-3ac-0,TRIP-3ac54b-1,2025-09-11 16:37:28,SPEEDING,0.58,2,APP
EVT-TRIP-3ac-1,TRIP-3ac54b-1,2025-09-11 16:37:38,SPEEDING,0.63,2,TEXT
EVT-TRIP-3ac-2,TRIP-3ac54b-1,2025-09-11 16:37:48,HARD_BRAKE,1.0,2,APP
EVT-TRIP-3ac-3,TRIP-3ac54b-1,2025-09-11 16:37:58,DISTRACTION,1.15,4,NONE
EVT-TRIP-3ac-0,TRIP-3ac54b-2,2025-09-11 16:37:28,DISTRACTION,1.44,5,CALL
EVT-TRIP-3ac-1,TRIP-3ac54b-2,2025-09-11 16:37:38,SPEEDING,0.59,5,CALL
EVT-TRIP-3ac-2,TRIP-3ac54b-2,2025-09-11 16:37:48,HARD_BRAKE,1.39,5,TEXT
EVT-TRIP-3ac-3,TRIP-3ac54b-2,2025-09-11 16:37:58,DISTRACTION,0.61,4,NONE
EVT-TRIP-3ac-4,TRIP-3ac54b-2,2025-09-11 16:38:08,HARD_BRAKE,1.22,5,NONE
EVT-TRIP-14f-0,TRIP-14f121-0,2025-09-11 16:37:28,DISTRACTION,0.76,5,CALL
EVT-TRIP-14f-1,TRIP-14f121-0,2025-09-11 16:37:38,HARD_BRAKE,1.31,5,NONE
EVT-TRIP-14f-2,TRIP-14f121-0,2025-09-11 16:37:48,SPEEDING,0.84,5,APP
EVT-TRIP-14f-0,TRIP-14f121-1,2025-09-11 16:37:28,HARD_BRAKE,1.29,2,TEXT
EVT-TRIP-14f-1,TRIP-14f121-1,2025-09-11 16:37:38,SPEEDING,1.19,2,TEXT
EVT-TRIP-14f-2,TRIP-14f121-1,2025-09-11 16:37:48,HARD_BRAKE,1.01,1,NONE
EVT-TRIP-14f-0,TRIP-14f121-2,2025-09-11 16:37:28,DISTRACTION,1.1,3,NONE
EVT-TRIP-14f-1,TRIP-14f121-2,2025-09-11 16:37:38,SPEEDING,1.03,1,APP
EVT-TRIP-14f-2,TRIP-14f121-2,2025-09-11 16:37:48,HARD_BRAKE,0.59,5,CALL
EVT-TRIP-b10-0,TRIP-b10049-0,2025-09-11 16:37:28,HARD_BRAKE,0.92,4,CALL
EVT-TRIP-b10-1,TRIP-b10049-0,2025-09-11 16:37:38,DISTRACTION,0.61,2,APP
EVT-TRIP-b10-0,TRIP-b10049-1,2025-09-11 16:37:28,DISTRACTION,0.69,1,TEXT
EVT-TRIP-b10-1,TRIP-b10049-1,2025-09-11 16:37:38,SPEEDING,1.36,1,CALL
EVT-TRIP-b10-2,TRIP-b10049-1,2025-09-11 16:37:48,SPEEDING,0.68,2,CALL
EVT-TRIP-b10-3,TRIP-b10049-1,2025-09-11 16:37:58,HARD_BRAKE,1.21,3,APP
EVT-TRIP-b10-0,TRIP-b10049-2,2025-09-11 16:37:28,HARD_BRAKE,0.67,2,TEXT
EVT-TRIP-b10-1,TRIP-b10049-2,2025-09-11 16:37:38,SPEEDING,0.87,5,TEXT
EVT-TRIP-b10-2,TRIP-b10049-2,2025-09-11 16:37:48,SPEEDING,1.46,1,TEXT
EVT-TRIP-4f0-0,TRIP-4f0572-0,2025-09-11 16:37:28,DISTRACTION,0.52,2,CALL
EVT-TRIP-4f0-1,TRIP-4f0572-0,2025-09-11 16:37:38,HARD_BRAKE,1.08,4,CALL
EVT-TRIP-4f0-2,TRIP-4f0572-0,2025-09-11 16:37:48,DISTRACTION,1.05,1,APP
EVT-TRIP-4f0-3,TRIP-4f0572-0,2025-09-11 16:37:58,SPEEDING,0.57,3,NONE
EVT-TRIP-4f0-0,TRIP-4f0572-1,2025-09-11 16:37:28,SPEEDING,1.42,5,TEXT
EVT-TRIP-4f0-1,TRIP-4f0572-1,2025-09-11 16:37:38,HARD_BRAKE,1.42,4,TEXT
EVT-TRIP-4f0-2,TRIP-4f0572-1,2025-09-11 16:37:48,SPEEDING,1.37,4,APP
EVT-TRIP-4f0-0,TRIP-4f0572-2,2025-09-11 16:37:28,SPEEDING,1.43,4,TEXT
EVT-TRIP-4f0-1,TRIP-4f0572-2,2025-09-11 16:37:38,HARD_BRAKE,1.44,5,TEXT
EVT-TRIP-4f0-2,TRIP-4f0572-2,2025-09-11 16:37:48,HARD_BRAKE,0.63,1,APP
EVT-TRIP-4f0-3,TRIP-4f0572-2,2025-09-11 16:37:58,DISTRACTION,0.71,4,TEXT
EVT-TRIP-f61-0,TRIP-f6118f-0,2025-09-11 16:37:28,DISTRACTION,0.85,2,TEXT
EVT-TRIP-f61-1,TRIP-f6118f-0,2025-09-11 16:37:38,SPEEDING,1.15,1,CALL
EVT-TRIP-f61-2,TRIP-f6118f-0,2025-09-11 16:37:48,HARD_BRAKE,1.46,5,APP
EVT-TRIP-f61-3,TRIP-f6118f-0,2025-09-11 16:37:58,DISTRACTION,1.42,1,CALL
EVT-TRIP-f61-0,TRIP-f6118f-1,2025-09-11 16:37:28,SPEEDING,1.3,3,CALL
EVT-TRIP-f61-1,TRIP-f6118f-1,2025-09-11 16:37:38,DISTRACTION,1.06,2,TEXT
EVT-TRIP-f61-2,TRIP-f6118f-1,2025-09-11 16:37:48,HARD_BRAKE,1.29,4,CALL
EVT-TRIP-f61-0,TRIP-f6118f-2,2025-09-11 16:37:28,HARD_BRAKE,1.36,3,NONE
EVT-TRIP-f61-1,TRIP-f6118f-2,2025-09-11 16:37:38,SPEEDING,1.4,4,APP
EVT-TRIP-f61-2,TRIP-f6118f-2,2025-09-11 16:37:48,DISTRACTION,1.21,5,NONE
EVT-TRIP-f61-3,TRIP-f6118f-2,2025-09-11 16:37:58,DISTRACTION,1.23,5,NONE
EVT-TRIP-f61-4,TRIP-f6118f-2,2025-09-11 16:38:08,HARD_BRAKE,0.7,2,NONE
EVT-TRIP-a19-0,TRIP-a19777-0,2025-09-11 16:37:28,DISTRACTION,1.42,4,APP
EVT-TRIP-a19-1,TRIP-a19777-0,2025-09-11 16:37:38,SPEEDING,1.07,4,APP
EVT-TRIP-a19-2,TRIP-a19777-0,2025-09-11 16:37:48,SPEEDING,0.68,4,APP
EVT-TRIP-a19-3,TRIP-a19777-0,2025-09-11 16:37:58,DISTRACTION,1.05,4,CALL
EVT-TRIP-a19-4,TRIP-a19777-0,2025-09-11 16:38:08,SPEEDING,1.03,5,NONE
EVT-TRIP-a19-0,TRIP-a19777-1,2025-09-11 16:37:28,HARD_BRAKE,1.32,2,TEXT
EVT-TRIP-a19-1,TRIP-a19777-1,2025-09-11 16:37:38,SPEEDING,1.41,2,CALL
EVT-TRIP-a19-2,TRIP-a19777-1,2025-09-11 16:37:48,DISTRACTION,1.26,3,CALL
EVT-TRIP-a19-3,TRIP-a19777-1,2025-09-11 16:37:58,DISTRACTION,1.46,4,CALL
EVT-TRIP-a19-4,TRIP-a19777-1,2025-09-11 16:38:08,DISTRACTION,1.19,4,TEXT
EVT-TRIP-a19-0,TRIP-a19777-2,2025-09-11 16:37:28,HARD_BRAKE,0.72,5,CALL
EVT-TRIP-a19-1,TRIP-a19777-2,2025-09-11 16:37:38,SPEEDING,1.2,3,CALL
EVT-TRIP-a19-2,TRIP-a19777-2,2025-09-11 16:37:48,HARD_BRAKE,1.05,5,NONE
EVT-TRIP-a19-3,TRIP-a19777-2,2025-09-11 16:37:58,HARD_BRAKE,0.62,3,TEXT
EVT-TRIP-9a4-0,TRIP-9a4e68-0,2025-09-11 16:37:28,HARD_BRAKE,1.09,3,NONE
EVT-TRIP-9a4-1,TRIP-9a4e68-0,2025-09-11 16:37:38,DISTRACTION,1.48,1,CALL
EVT-TRIP-9a4-2,TRIP-9a4e68-0,2025-09-11 16:37:48,HARD_BRAKE,1.11,5,APP
EVT-TRIP-9a4-0,TRIP-9a4e68-1,2025-09-11 16:37:28,DISTRACTION,0.51,5,NONE
EVT-TRIP-9a4-1,TRIP-9a4e68-1,2025-09-11 16:37:38,HARD_BRAKE,1.01,3,TEXT
EVT-TRIP-9a4-0,TRIP-9a4e68-2,2025-09-11 16:37:28,DISTRACTION,1.09,2,APP
EVT-TRIP-9a4-1,TRIP-9a4e68-2,2025-09-11 16:37:38,HARD_BRAKE,0.89,1,APP
EVT-TRIP-9a4-2,TRIP-9a4e68-2,2025-09-11 16:37:48,SPEEDING,0.88,2,NONE
EVT-TRIP-9a4-3,TRIP-9a4e68-2,2025-09-11 16:37:58,DISTRACTION,1.41,2,APP
EVT-TRIP-c50-0,TRIP-c501ac-0,2025-09-11 16:37:28,SPEEDING,0.67,4,TEXT
EVT-TRIP-c50-1,TRIP-c501ac-0,2025-09-11 16:37:38,HARD_BRAKE,1.03,1,CALL
EVT-TRIP-c50-0,TRIP-c501ac-1,2025-09-11 16:37:28,HARD_BRAKE,0.72,1,APP
EVT-TRIP-c50-1,TRIP-c501ac-1,2025-09-11 16:37:38,DISTRACTION,1.23,3,CALL
EVT-TRIP-c50-2,TRIP-c501ac-1,2025-09-11 16:37:48,SPEEDING,1.4,2,APP
EVT-TRIP-c50-3,TRIP-c501ac-1,2025-09-11 16:37:58,DISTRACTION,1.1,2,NONE
EVT-TRIP-c50-4,TRIP-c501ac-1,2025-09-11 16:38:08,DISTRACTION,0.65,4,CALL
EVT-TRIP-c50-0,TRIP-c501ac-2,2025-09-11 16:37:28,DISTRACTION,0.59,4,APP
EVT-TRIP-c50-1,TRIP-c501ac-2,2025-09-11 16:37:38,DISTRACTION,0.72,2,CALL
EVT-TRIP-04d-0,TRIP-04d738-0,2025-09-11 16:37:28,HARD_BRAKE,0.68,1,APP
EVT-TRIP-04d-1,TRIP-04d738-0,2025-09-11 16:37:38,DISTRACTION,1.49,2,CALL
EVT-TRIP-04d-2,TRIP-04d738-0,2025-09-11 16:37:48,DISTRACTION,0.62,5,CALL
EVT-TRIP-04d-3,TRIP-04d738-0,2025-09-11 16:37:58,SPEEDING,0.77,2,NONE
EVT-TRIP-04d-0,TRIP-04d738-1,2025-09-11 16:37:28,DISTRACTION,0.75,4,CALL
EVT-TRIP-04d-1,TRIP-04d738-1,2025-09-11 16:37:38,SPEEDING,1.01,1,NONE
EVT-TRIP-04d-0,TRIP-04d738-2,2025-09-11 16:37:28,SPEEDING,0.93,1,TEXT
EVT-TRIP-04d-1,TRIP-04d738-2,2025-09-11 16:37:38,SPEEDING,0.93,3,TEXT
EVT-TRIP-04d-2,TRIP-04d738-2,2025-09-11 16:37:48,DISTRACTION,0.58,4,NONE
EVT-TRIP-693-0,TRIP-693649-0,2025-09-11 16:37:28,HARD_BRAKE,0.7,2,APP
EVT-TRIP-693-1,TRIP-693649-0,2025-09-11 16:37:38,SPEEDING,0.51,5,NONE
EVT-TRIP-693-0,TRIP-693649-1,2025-09-11 16:37:28,SPEEDING,1.03,4,APP
EVT-TRIP-693-1,TRIP-693649-1,2025-09-11 16:37:38,HARD_BRAKE,1.41,4,CALL
EVT-TRIP-693-2,TRIP-693649-1,2025-09-11 16:37:48,SPEEDING,0.91,5,APP
EVT-TRIP-693-0,TRIP-693649-2,2025-09-11 16:37:28,DISTRACTION,1.41,2,APP
EVT-TRIP-693-1,TRIP-693649-2,2025-09-11 16:37:38,HARD_BRAKE,0.52,5,CALL
EVT-TRIP-693-2,TRIP-693649-2,2025-09-11 16:37:48,HARD_BRAKE,1.05,2,TEXT
EVT-TRIP-693-3,TRIP-693649-2,2025-09-11 16:37:58,SPEEDING,1.21,1,TEXT
EVT-TRIP-693-4,TRIP-693649-2,2025-09-11 16:38:08,DISTRACTION,1.49,4,TEXT
EVT-TRIP-d8d-0,TRIP-d8de7b-0,2025-09-11 16:37:28,SPEEDING,1.27,4,TEXT
EVT-TRIP-d8d-1,TRIP-d8de7b-0,2025-09-11 16:37:38,HARD_BRAKE,0.81,5,CALL
EVT-TRIP-d8d-0,TRIP-d8de7b-1,2025-09-11 16:37:28,DISTRACTION,0.56,4,APP
EVT-TRIP-d8d-1,TRIP-d8de7b-1,2025-09-11 16:37:38,SPEEDING,1.46,1,NONE
EVT-TRIP-d8d-0,TRIP-d8de7b-2,2025-09-11 16:37:28,DISTRACTION,0.73,5,NONE
EVT-TRIP-d8d-1,TRIP-d8de7b-2,2025-09-11 16:37:38,HARD_BRAKE,1.05,3,TEXT
EVT-TRIP-d8d-2,TRIP-d8de7b-2,2025-09-11 16:37:48,DISTRACTION,1.21,2,TEXT
EVT-TRIP-d8d-3,TRIP-d8de7b-2,2025-09-11 16:37:58,SPEEDING,0.62,1,APP
EVT-TRIP-d8d-4,TRIP-d8de7b-2,2025-09-11 16:38:08,DISTRACTION,1.38,4,APP
EVT-TRIP-752-0,TRIP-752ee9-0,2025-09-11 16:37:28,DISTRACTION,0.73,1,CALL
EVT-TRIP-752-1,TRIP-752ee9-0,2025-09-11 16:37:38,SPEEDING,0.81,2,TEXT
EVT-TRIP-752-2,TRIP-752ee9-0,2025-09-11 16:37:48,DISTRACTION,1.23,5,APP
EVT-TRIP-752-0,TRIP-752ee9-1,2025-09-11 16:37:28,SPEEDING,0.64,2,TEXT
EVT-TRIP-752-1,TRIP-752ee9-1,2025-09-11 16:37:38,SPEEDING,0.6,1,TEXT
EVT-TRIP-752-0,TRIP-752ee9-2,2025-09-11 16:37:28,DISTRACTION,0.79,3,TEXT
EVT-TRIP-752-1,TRIP-752ee9-2,2025-09-11 16:37:38,SPEEDING,0.55,3,CALL
EVT-TRIP-9e1-0,TRIP-9e145d-0,2025-09-11 16:37:28,HARD_BRAKE,0.72,3,NONE
EVT-TRIP-9e1-1,TRIP-9e145d-0,2025-09-11 16:37:38,DISTRACTION,1.1,2,APP
EVT-TRIP-9e1-0,TRIP-9e145d-1,2025-09-11 16:37:28,DISTRACTION,0.83,1,TEXT
EVT-TRIP-9e1-1,TRIP-9e145d-1,2025-09-11 16:37:38,DISTRACTION,1.22,4,TEXT
EVT-TRIP-9e1-2,TRIP-9e145d-1,2025-09-11 16:37:48,SPEEDING,0.8,5,TEXT
EVT-TRIP-9e1-3,TRIP-9e145d-1,2025-09-11 16:37:58,HARD_BRAKE,0.58,3,NONE
EVT-TRIP-9e1-0,TRIP-9e145d-2,2025-09-11 16:37:28,HARD_BRAKE,1.36,4,CALL
EVT-TRIP-9e1-1,TRIP-9e145d-2,2025-09-11 16:37:38,SPEEDING,0.83,1,NONE
EVT-TRIP-9e1-2,TRIP-9e145d-2,2025-09-11 16:37:48,HARD_BRAKE,0.63,1,APP
EVT-TRIP-c1f-0,TRIP-c1fe39-0,2025-09-11 16:37:28,HARD_BRAKE,0.81,2,TEXT
EVT-TRIP-c1f-1,TRIP-c1fe39-0,2025-09-11 16:37:38,DISTRACTION,0.57,5,APP
EVT-TRIP-c1f-2,TRIP-c1fe39-0,2025-09-11 16:37:48,HARD_BRAKE,0.77,5,NONE
EVT-TRIP-c1f-3,TRIP-c1fe39-0,2025-09-11 16:37:58,SPEEDING,1.1,1,TEXT
EVT-TRIP-c1f-0,TRIP-c1fe39-1,2025-09-11 16:37:28,HARD_BRAKE,0.83,2,APP
EVT-TRIP-c1f-1,TRIP-c1fe39-1,2025-09-11 16:37:38,HARD_BRAKE,1.48,1,CALL
EVT-TRIP-c1f-2,TRIP-c1fe39-1,2025-09-11 16:37:48,SPEEDING,1.27,2,APP
EVT-TRIP-c1f-3,TRIP-c1fe39-1,2025-09-11 16:37:58,DISTRACTION,0.72,5,APP
EVT-TRIP-c1f-4,TRIP-c1fe39-1,2025-09-11 16:38:08,HARD_BRAKE,1.32,1,CALL
EVT-TRIP-c1f-0,TRIP-c1fe39-2,2025-09-11 16:37:28,DISTRACTION,0.95,2,APP
EVT-TRIP-c1f-1,TRIP-c1fe39-2,2025-09-11 16:37:38,DISTRACTION,1.12,2,TEXT
EVT-TRIP-fac-0,TRIP-faceec-0,2025-09-11 16:37:28,HARD_BRAKE,0.84,2,CALL
EVT-TRIP-fac-1,TRIP-faceec-0,2025-09-11 16:37:38,HARD_BRAKE,1.26,5,CALL
EVT-TRIP-fac-0,TRIP-faceec-1,2025-09-11 16:37:28,HARD_BRAKE,0.83,2,CALL
EVT-TRIP-fac-1,TRIP-faceec-1,2025-09-11 16:37:38,SPEEDING,0.65,2,CALL
EVT-TRIP-fac-2,TRIP-faceec-1,2025-09-11 16:37:48,HARD_BRAKE,0.92,5,APP
EVT-TRIP-fac-3,TRIP-faceec-1,2025-09-11 16:37:58,HARD_BRAKE,1.06,1,NONE
EVT-TRIP-fac-4,TRIP-faceec-1,2025-09-11 16:38:08,DISTRACTION,0.83,4,TEXT
EVT-TRIP-fac-0,TRIP-faceec-2,2025-09-11 16:37:28,SPEEDING,0.78,4,APP
EVT-TRIP-fac-1,TRIP-faceec-2,2025-09-11 16:37:38,DISTRACTION,1.42,3,TEXT
EVT-TRIP-fac-2,TRIP-faceec-2,2025-09-11 16:37:48,SPEEDING,0.62,1,NONE
EVT-TRIP-cf8-0,TRIP-cf82dd-0,2025-09-11 16:37:28,SPEEDING,1.23,1,APP
EVT-TRIP-cf8-1,TRIP-cf82dd-0,2025-09-11 16:37:38,DISTRACTION,0.63,4,CALL
EVT-TRIP-cf8-2,TRIP-cf82dd-0,2025-09-11 16:37:48,DISTRACTION,1.03,5,NONE
EVT-TRIP-cf8-0,TRIP-cf82dd-1,2025-09-11 16:37:28,DISTRACTION,1.35,4,CALL
EVT-TRIP-cf8-1,TRIP-cf82dd-1,2025-09-11 16:37:38,HARD_BRAKE,1.49,4,CALL
EVT-TRIP-cf8-2,TRIP-cf82dd-1,2025-09-11 16:37:48,DISTRACTION,1.14,5,TEXT
EVT-TRIP-cf8-0,TRIP-cf82dd-2,2025-09-11 16:37:28,DISTRACTION,0.72,2,CALL
EVT-TRIP-cf8-1,TRIP-cf82dd-2,2025-09-11 16:37:38,HARD_BRAKE,0.77,4,TEXT
EVT-TRIP-cf8-2,TRIP-cf82dd-2,2025-09-11 16:37:48,HARD_BRAKE,1.34,3,CALL
EVT-TRIP-5d8-0,TRIP-5d8cd3-0,2025-09-11 16:37:28,DISTRACTION,0.73,2,NONE
EVT-TRIP-5d8-1,TRIP-5d8cd3-0,2025-09-11 16:37:38,SPEEDING,0.86,4,CALL
EVT-TRIP-5d8-2,TRIP-5d8cd3-0,2025-09-11 16:37:48,DISTRACTION,1.42,1,NONE
EVT-TRIP-5d8-3,TRIP-5d8cd3-0,2025-09-11 16:37:58,HARD_BRAKE,1.11,1,NONE
EVT-TRIP-5d8-4,TRIP-5d8cd3-0,2025-09-11 16:38:08,SPEEDING,0.54,2,APP
EVT-TRIP-5d8-0,TRIP-5d8cd3-1,2025-09-11 16:37:28,HARD_BRAKE,1.16,3,TEXT
EVT-TRIP-5d8-1,TRIP-5d8cd3-1,2025-09-11 16:37:38,SPEEDING,1.15,1,APP
EVT-TRIP-5d8-2,TRIP-5d8cd3-1,2025-09-11 16:37:48,SPEEDING,0.52,2,APP
EVT-TRIP-5d8-0,TRIP-5d8cd3-2,2025-09-11 16:37:28,DISTRACTION,0.56,5,TEXT
EVT-TRIP-5d8-1,TRIP-5d8cd3-2,2025-09-11 16:37:38,HARD_BRAKE,1.46,5,TEXT
EVT-TRIP-5d8-2,TRIP-5d8cd3-2,2025-09-11 16:37:48,HARD_BRAKE,1.3,1,APP
EVT-TRIP-e37-0,TRIP-e372ee-0,2025-09-11 16:37:28,SPEEDING,1.38,4,CALL
EVT-TRIP-e37-1,TRIP-e372ee-0,2025-09-11 16:37:38,SPEEDING,0.86,5,TEXT
EVT-TRIP-e37-0,TRIP-e372ee-1,2025-09-11 16:37:28,DISTRACTION,1.48,2,CALL
EVT-TRIP-e37-1,TRIP-e372ee-1,2025-09-11 16:37:38,SPEEDING,0.73,5,TEXT
EVT-TRIP-e37-0,TRIP-e372ee-2,2025-09-11 16:37:28,SPEEDING,1.17,3,APP
EVT-TRIP-e37-1,TRIP-e372ee-2,2025-09-11 16:37:38,DISTRACTION,0.85,3,APP
EVT-TRIP-e37-2,TRIP-e372ee-2,2025-09-11 16:37:48,SPEEDING,0.82,3,CALL
EVT-TRIP-e37-3,TRIP-e372ee-2,2025-09-11 16:37:58,HARD_BRAKE,1.22,2,NONE
EVT-TRIP-701-0,TRIP-7014fe-0,2025-09-11 16:37:28,SPEEDING,1.26,5,TEXT
EVT-TRIP-701-1,TRIP-7014fe-0,2025-09-11 16:37:38,HARD_BRAKE,0.85,3,CALL
EVT-TRIP-701-2,TRIP-7014fe-0,2025-09-11 16:37:48,SPEEDING,0.83,2,APP
EVT-TRIP-701-3,TRIP-7014fe-0,2025-09-11 16:37:58,DISTRACTION,0.73,2,TEXT
EVT-TRIP-701-0,TRIP-7014fe-1,2025-09-11 16:37:28,HARD_BRAKE,1.33,4,APP
EVT-TRIP-701-1,TRIP-7014fe-1,2025-09-11 16:37:38,SPEEDING,1.5,5,NONE
EVT-TRIP-701-2,TRIP-7014fe-1,2025-09-11 16:37:48,HARD_BRAKE,0.74,3,TEXT
EVT-TRIP-701-3,TRIP-7014fe-1,2025-09-11 16:37:58,SPEEDING,0.89,3,APP
EVT-TRIP-701-4,TRIP-7014fe-1,2025-09-11 16:38:08,SPEEDING,0.67,4,APP
EVT-TRIP-701-0,TRIP-7014fe-2,2025-09-11 16:37:28,DISTRACTION,0.83,3,NONE
EVT-TRIP-701-1,TRIP-7014fe-2,2025-09-11 16:37:38,DISTRACTION,1.44,3,CALL
EVT-TRIP-701-2,TRIP-7014fe-2,2025-09-11 16:37:48,SPEEDING,1.09,3,APP
EVT-TRIP-701-3,TRIP-7014fe-2,2025-09-11 16:37:58,SPEEDING,0.73,1,APP
EVT-TRIP-d2f-0,TRIP-d2f91e-0,2025-09-11 16:37:28,DISTRACTION,0.79,2,NONE
EVT-TRIP-d2f-1,TRIP-d2f91e-0,2025-09-11 16:37:38,DISTRACTION,0.71,1,CALL
EVT-TRIP-d2f-0,TRIP-d2f91e-1,2025-09-11 16:37:28,SPEEDING,0.99,4,APP
EVT-TRIP-d2f-1,TRIP-d2f91e-1,2025-09-11 16:37:38,HARD_BRAKE,0.68,3,NONE
EVT-TRIP-d2f-2,TRIP-d2f91e-1,2025-09-11 16:37:48,DISTRACTION,1.45,4,APP
EVT-TRIP-d2f-3,TRIP-d2f91e-1,2025-09-11 16:37:58,DISTRACTION,0.54,5,TEXT
EVT-TRIP-d2f-0,TRIP-d2f91e-2,2025-09-11 16:37:28,HARD_BRAKE,0.85,2,APP
EVT-TRIP-d2f-1,TRIP-d2f91e-2,2025-09-11 16:37:38,HARD_BRAKE,1.4,3,APP
EVT-TRIP-735-0,TRIP-735941-0,2025-09-11 16:37:28,HARD_BRAKE,0.95,4,TEXT
EVT-TRIP-735-1,TRIP-735941-0,2025-09-11 16:37:38,HARD_BRAKE,0.91,5,NONE
EVT-TRIP-735-2,TRIP-735941-0,2025-09-11 16:37:48,SPEEDING,0.61,2,NONE
EVT-TRIP-735-3,TRIP-735941-0,2025-09-11 16:37:58,SPEEDING,1.15,3,TEXT
EVT-TRIP-735-4,TRIP-735941-0,2025-09-11 16:38:08,HARD_BRAKE,1.12,1,CALL
EVT-TRIP-735-0,TRIP-735941-1,2025-09-11 16:37:28,DISTRACTION,1.1,4,TEXT
EVT-TRIP-735-1,TRIP-735941-1,2025-09-11 16:37:38,SPEEDING,1.17,5,NONE
EVT-TRIP-735-2,TRIP-735941-1,2025-09-11 16:37:48,HARD_BRAKE,0.57,5,APP
EVT-TRIP-735-3,TRIP-735941-1,2025-09-11 16:37:58,HARD_BRAKE,1.38,4,TEXT
EVT-TRIP-735-0,TRIP-735941-2,2025-09-11 16:37:28,HARD_BRAKE,0.62,5,CALL
EVT-TRIP-735-1,TRIP-735941-2,2025-09-11 16:37:38,HARD_BRAKE,1.03,4,TEXT
EVT-TRIP-735-2,TRIP-735941-2,2025-09-11 16:37:48,HARD_BRAKE,1.12,1,TEXT
EVT-TRIP-735-3,TRIP-735941-2,2025-09-11 16:37:58,HARD_BRAKE,0.55,2,NONE
EVT-TRIP-3f1-0,TRIP-3f1853-0,2025-09-11 16:37:28,SPEEDING,1.04,3,APP
EVT-TRIP-3f1-1,TRIP-3f1853-0,2025-09-11 16:37:38,DISTRACTION,1.42,1,NONE
EVT-TRIP-3f1-0,TRIP-3f1853-1,2025-09-11 16:37:28,DISTRACTION,1.26,1,NONE
EVT-TRIP-3f1-1,TRIP-3f1853-1,2025-09-11 16:37:38,HARD_BRAKE,0.56,5,APP
EVT-TRIP-3f1-2,TRIP-3f1853-1,2025-09-11 16:37:48,DISTRACTION,0.81,2,APP
EVT-TRIP-3f1-3,TRIP-3f1853-1,2025-09-11 16:37:58,DISTRACTION,0.64,2,APP
EVT-TRIP-3f1-4,TRIP-3f1853-1,2025-09-11 16:38:08,DISTRACTION,1.37,5,TEXT
EVT-TRIP-3f1-0,TRIP-3f1853-2,2025-09-11 16:37:28,HARD_BRAKE,0.62,2,CALL
EVT-TRIP-3f1-1,TRIP-3f1853-2,2025-09-11 16:37:38,HARD_BRAKE,0.54,3,NONE
EVT-TRIP-305-0,TRIP-305714-0,2025-09-11 16:37:28,DISTRACTION,0.74,2,APP
EVT-TRIP-305-1,TRIP-305714-0,2025-09-11 16:37:38,HARD_BRAKE,1.39,1,NONE
EVT-TRIP-305-2,TRIP-305714-0,2025-09-11 16:37:48,HARD_BRAKE,0.93,3,TEXT
EVT-TRIP-305-3,TRIP-305714-0,2025-09-11 16:37:58,HARD_BRAKE,1.27,2,NONE
EVT-TRIP-305-0,TRIP-305714-1,2025-09-11 16:37:28,SPEEDING,1.11,1,APP
EVT-TRIP-305-1,TRIP-305714-1,2025-09-11 16:37:38,DISTRACTION,1.5,1,TEXT
EVT-TRIP-305-0,TRIP-305714-2,2025-09-11 16:37:28,SPEEDING,0.81,1,TEXT
EVT-TRIP-305-1,TRIP-305714-2,2025-09-11 16:37:38,HARD_BRAKE,1.13,4,TEXT
EVT-TRIP-008-0,TRIP-0083fb-0,2025-09-11 16:37:28,DISTRACTION,0.88,3,CALL
EVT-TRIP-008-1,TRIP-0083fb-0,2025-09-11 16:37:38,DISTRACTION,0.66,2,NONE
EVT-TRIP-008-2,TRIP-0083fb-0,2025-09-11 16:37:48,SPEEDING,0.98,1,NONE
EVT-TRIP-008-3,TRIP-0083fb-0,2025-09-11 16:37:58,HARD_BRAKE,1.47,2,NONE
EVT-TRIP-008-0,TRIP-0083fb-1,2025-09-11 16:37:28,DISTRACTION,1.07,4,NONE
EVT-TRIP-008-1,TRIP-0083fb-1,2025-09-11 16:37:38,SPEEDING,1.15,5,TEXT
EVT-TRIP-008-0,TRIP-0083fb-2,2025-09-11 16:37:28,SPEEDING,0.9,5,TEXT
EVT-TRIP-008-1,TRIP-0083fb-2,2025-09-11 16:37:38,HARD_BRAKE,1.24,5,APP
EVT-TRIP-bdc-0,TRIP-bdcff9-0,2025-09-11 16:37:28,HARD_BRAKE,1.16,3,NONE
EVT-TRIP-bdc-1,TRIP-bdcff9-0,2025-09-11 16:37:38,HARD_BRAKE,0.91,5,CALL
EVT-TRIP-bdc-2,TRIP-bdcff9-0,2025-09-11 16:37:48,HARD_BRAKE,1.39,2,CALL
EVT-TRIP-bdc-0,TRIP-bdcff9-1,2025-09-11 16:37:28,SPEEDING,1.26,3,NONE
EVT-TRIP-bdc-1,TRIP-bdcff9-1,2025-09-11 16:37:38,SPEEDING,1.44,5,NONE
EVT-TRIP-bdc-2,TRIP-bdcff9-1,2025-09-11 16:37:48,DISTRACTION,0.96,4,NONE
EVT-TRIP-bdc-3,TRIP-bdcff9-1,2025-09-11 16:37:58,HARD_BRAKE,0.73,2,TEXT
EVT-TRIP-bdc-4,TRIP-bdcff9-1,2025-09-11 16:38:08,HARD_BRAKE,1.08,3,APP
EVT-TRIP-bdc-0,TRIP-bdcff9-2,2025-09-11 16:37:28,SPEEDING,0.65,4,TEXT
EVT-TRIP-bdc-1,TRIP-bdcff9-2,2025-09-11 16:37:38,DISTRACTION,0.52,5,APP
EVT-TRIP-bdc-2,TRIP-bdcff9-2,2025-09-11 16:37:48,DISTRACTION,1.45,1,TEXT
EVT-TRIP-2cc-0,TRIP-2ccc08-0,2025-09-11 16:37:28,DISTRACTION,0.82,4,NONE
EVT-TRIP-2cc-1,TRIP-2ccc08-0,2025-09-11 16:37:38,HARD_BRAKE,1.31,4,APP
EVT-TRIP-2cc-2,TRIP-2ccc08-0,2025-09-11 16:37:48,HARD_BRAKE,0.59,5,TEXT
EVT-TRIP-2cc-3,TRIP-2ccc08-0,2025-09-11 16:37:58,DISTRACTION,1.36,4,TEXT
EVT-TRIP-2cc-0,TRIP-2ccc08-1,2025-09-11 16:37:28,SPEEDING,1.01,1,TEXT
EVT-TRIP-2cc-1,TRIP-2ccc08-1,2025-09-11 16:37:38,HARD_BRAKE,1.17,5,CALL
EVT-TRIP-2cc-2,TRIP-2ccc08-1,2025-09-11 16:37:48,SPEEDING,0.59,1,APP
EVT-TRIP-2cc-0,TRIP-2ccc08-2,2025-09-11 16:37:28,SPEEDING,1.24,5,CALL
EVT-TRIP-2cc-1,TRIP-2ccc08-2,2025-09-11 16:37:38,HARD_BRAKE,0.87,4,TEXT
EVT-TRIP-2cc-2,TRIP-2ccc08-2,2025-09-11 16:37:48,HARD_BRAKE,1.31,2,NONE
EVT-TRIP-999-0,TRIP-999e3e-0,2025-09-11 16:37:28,SPEEDING,0.8,3,APP
EVT-TRIP-999-1,TRIP-999e3e-0,2025-09-11 16:37:38,DISTRACTION,0.72,4,NONE
EVT-TRIP-999-0,TRIP-999e3e-1,2025-09-11 16:37:28,SPEEDING,0.54,3,TEXT
EVT-TRIP-999-1,TRIP-999e3e-1,2025-09-11 16:37:38,DISTRACTION,0.7,5,TEXT
EVT-TRIP-999-0,TRIP-999e3e-2,2025-09-11 16:37:28,SPEEDING,0.81,5,TEXT
EVT-TRIP-999-1,TRIP-999e3e-2,2025-09-11 16:37:38,HARD_BRAKE,0.87,3,APP
EVT-TRIP-999-2,TRIP-999e3e-2,2025-09-11 16:37:48,DISTRACTION,1.08,1,TEXT
EVT-TRIP-999-3,TRIP-999e3e-2,2025-09-11 16:37:58,DISTRACTION,1.05,1,APP
EVT-TRIP-999-4,TRIP-999e3e-2,2025-09-11 16:38:08,DISTRACTION,1.39,3,CALL
EVT-TRIP-1d1-0,TRIP-1d1813-0,2025-09-11 16:37:28,SPEEDING,1.13,1,NONE
EVT-TRIP-1d1-1,TRIP-1d1813-0,2025-09-11 16:37:38,DISTRACTION,1.24,3,APP
EVT-TRIP-1d1-2,TRIP-1d1813-0,2025-09-11 16:37:48,HARD_BRAKE,0.58,2,TEXT
EVT-TRIP-1d1-3,TRIP-1d1813-0,2025-09-11 16:37:58,DISTRACTION,0.85,3,TEXT
EVT-TRIP-1d1-0,TRIP-1d1813-1,2025-09-11 16:37:28,HARD_BRAKE,0.86,4,NONE
EVT-TRIP-1d1-1,TRIP-1d1813-1,2025-09-11 16:37:38,HARD_BRAKE,0.57,3,CALL
EVT-TRIP-1d1-2,TRIP-1d1813-1,2025-09-11 16:37:48,HARD_BRAKE,1.09,2,TEXT
EVT-TRIP-1d1-3,TRIP-1d1813-1,2025-09-11 16:37:58,HARD_BRAKE,0.97,3,APP
EVT-TRIP-1d1-0,TRIP-1d1813-2,2025-09-11 16:37:28,SPEEDING,1.32,4,APP
EVT-TRIP-1d1-1,TRIP-1d1813-2,2025-09-11 16:37:38,HARD_BRAKE,1.4,3,CALL
EVT-TRIP-1d1-2,TRIP-1d1813-2,2025-09-11 16:37:48,HARD_BRAKE,1.42,5,CALL
EVT-TRIP-55d-0,TRIP-55d6e1-0,2025-09-11 16:37:28,HARD_BRAKE,1.29,3,APP
EVT-TRIP-55d-1,TRIP-55d6e1-0,2025-09-11 16:37:38,DISTRACTION,0.62,1,NONE
EVT-TRIP-55d-2,TRIP-55d6e1-0,2025-09-11 16:37:48,DISTRACTION,1.29,4,APP
EVT-TRIP-55d-3,TRIP-55d6e1-0,2025-09-11 16:37:58,HARD_BRAKE,1.06,4,CALL
EVT-TRIP-55d-4,TRIP-55d6e1-0,2025-09-11 16:38:08,HARD_BRAKE,0.64,2,APP
EVT-TRIP-55d-0,TRIP-55d6e1-1,2025-09-11 16:37:28,SPEEDING,1.39,4,CALL
EVT-TRIP-55d-1,TRIP-55d6e1-1,2025-09-11 16:37:38,DISTRACTION,1.4,3,NONE
EVT-TRIP-55d-2,TRIP-55d6e1-1,2025-09-11 16:37:48,SPEEDING,1.46,1,TEXT
EVT-TRIP-55d-3,TRIP-55d6e1-1,2025-09-11 16:37:58,DISTRACTION,0.73,2,APP
EVT-TRIP-55d-0,TRIP-55d6e1-2,2025-09-11 16:37:28,SPEEDING,1.02,3,APP
EVT-TRIP-55d-1,TRIP-55d6e1-2,2025-09-11 16:37:38,DISTRACTION,1.31,3,APP
EVT-TRIP-55d-2,TRIP-55d6e1-2,2025-09-11 16:37:48,SPEEDING,0.64,4,NONE
EVT-TRIP-55d-3,TRIP-55d6e1-2,2025-09-11 16:37:58,SPEEDING,0.69,3,TEXT
EVT-TRIP-55d-4,TRIP-55d6e1-2,2025-09-11 16:38:08,HARD_BRAKE,1.25,1,CALL
EVT-TRIP-cfd-0,TRIP-cfd123-0,2025-09-11 16:37:28,SPEEDING,0.96,1,APP
EVT-TRIP-cfd-1,TRIP-cfd123-0,2025-09-11 16:37:38,SPEEDING,0.58,1,CALL
EVT-TRIP-cfd-2,TRIP-cfd123-0,2025-09-11 16:37:48,DISTRACTION,0.8,3,APP
EVT-TRIP-cfd-3,TRIP-cfd123-0,2025-09-11 16:37:58,SPEEDING,0.78,1,APP
EVT-TRIP-cfd-4,TRIP-cfd123-0,2025-09-11 16:38:08,SPEEDING,0.71,2,NONE
EVT-TRIP-cfd-0,TRIP-cfd123-1,2025-09-11 16:37:28,DISTRACTION,1.05,2,APP
EVT-TRIP-cfd-1,TRIP-cfd123-1,2025-09-11 16:37:38,DISTRACTION,0.99,1,CALL
EVT-TRIP-cfd-2,TRIP-cfd123-1,2025-09-11 16:37:48,DISTRACTION,1.05,3,CALL
EVT-TRIP-cfd-3,TRIP-cfd123-1,2025-09-11 16:37:58,SPEEDING,0.81,4,TEXT
EVT-TRIP-cfd-0,TRIP-cfd123-2,2025-09-11 16:37:28,DISTRACTION,1.07,3,APP
EVT-TRIP-cfd-1,TRIP-cfd123-2,2025-09-11 16:37:38,DISTRACTION,1.06,3,CALL
EVT-TRIP-cfd-2,TRIP-cfd123-2,2025-09-11 16:37:48,SPEEDING,0.83,4,TEXT
EVT-TRIP-697-0,TRIP-6976de-0,2025-09-11 16:37:28,HARD_BRAKE,1.38,2,APP
EVT-TRIP-697-1,TRIP-6976de-0,2025-09-11 16:37:38,HARD_BRAKE,1.37,2,NONE
EVT-TRIP-697-2,TRIP-6976de-0,2025-09-11 16:37:48,HARD_BRAKE,1.36,3,TEXT
EVT-TRIP-697-3,TRIP-6976de-0,2025-09-11 16:37:58,SPEEDING,1.03,2,NONE
EVT-TRIP-697-0,TRIP-6976de-1,2025-09-11 16:37:28,SPEEDING,0.94,4,NONE
EVT-TRIP-697-1,TRIP-6976de-1,2025-09-11 16:37:38,SPEEDING,0.57,4,CALL
EVT-TRIP-697-2,TRIP-6976de-1,2025-09-11 16:37:48,SPEEDING,0.79,1,TEXT
EVT-TRIP-697-3,TRIP-6976de-1,2025-09-11 16:37:58,HARD_BRAKE,0.95,5,CALL
EVT-TRIP-697-0,TRIP-6976de-2,2025-09-11 16:37:28,HARD_BRAKE,0.63,1,CALL
EVT-TRIP-697-1,TRIP-6976de-2,2025-09-11 16:37:38,HARD_BRAKE,1.07,2,TEXT
EVT-TRIP-902-0,TRIP-902bd8-0,2025-09-11 16:37:28,SPEEDING,0.97,2,APP
EVT-TRIP-902-1,TRIP-902bd8-0,2025-09-11 16:37:38,SPEEDING,1.38,1,CALL
EVT-TRIP-902-0,TRIP-902bd8-1,2025-09-11 16:37:28,HARD_BRAKE,1.2,4,TEXT
EVT-TRIP-902-1,TRIP-902bd8-1,2025-09-11 16:37:38,HARD_BRAKE,0.82,3,APP
EVT-TRIP-902-0,TRIP-902bd8-2,2025-09-11 16:37:28,HARD_BRAKE,1.15,5,TEXT
EVT-TRIP-902-1,TRIP-902bd8-2,2025-09-11 16:37:38,SPEEDING,0.64,5,CALL
EVT-TRIP-902-2,TRIP-902bd8-2,2025-09-11 16:37:48,DISTRACTION,1.5,2,CALL
EVT-TRIP-902-3,TRIP-902bd8-2,2025-09-11 16:37:58,DISTRACTION,0.65,4,CALL
EVT-TRIP-6e6-0,TRIP-6e6b09-0,2025-09-11 16:37:28,SPEEDING,0.62,3,APP
EVT-TRIP-6e6-1,TRIP-6e6b09-0,2025-09-11 16:37:38,HARD_BRAKE,0.9,1,NONE
EVT-TRIP-6e6-2,TRIP-6e6b09-0,2025-09-11 16:37:48,HARD_BRAKE,0.55,2,CALL
EVT-TRIP-6e6-3,TRIP-6e6b09-0,2025-09-11 16:37:58,DISTRACTION,0.62,2,CALL
EVT-TRIP-6e6-0,TRIP-6e6b09-1,2025-09-11 16:37:28,SPEEDING,0.5,1,TEXT
EVT-TRIP-6e6-1,TRIP-6e6b09-1,2025-09-11 16:37:38,SPEEDING,0.52,3,TEXT
EVT-TRIP-6e6-0,TRIP-6e6b09-2,2025-09-11 16:37:28,DISTRACTION,0.88,4,NONE
EVT-TRIP-6e6-1,TRIP-6e6b09-2,2025-09-11 16:37:38,DISTRACTION,0.92,3,CALL
EVT-TRIP-6e6-2,TRIP-6e6b09-2,2025-09-11 16:37:48,HARD_BRAKE,1.24,1,CALL
EVT-TRIP-6e6-3,TRIP-6e6b09-2,2025-09-11 16:37:58,HARD_BRAKE,1.29,5,NONE
EVT-TRIP-80c-0,TRIP-80c9d1-0,2025-09-11 16:37:28,HARD_BRAKE,0.85,4,CALL
EVT-TRIP-80c-1,TRIP-80c9d1-0,2025-09-11 16:37:38,SPEEDING,1.23,1,NONE
EVT-TRIP-80c-0,TRIP-80c9d1-1,2025-09-11 16:37:28,HARD_BRAKE,0.68,5,NONE
EVT-TRIP-80c-1,TRIP-80c9d1-1,2025-09-11 16:37:38,SPEEDING,1.21,3,APP
EVT-TRIP-80c-2,TRIP-80c9d1-1,2025-09-11 16:37:48,HARD_BRAKE,0.88,1,TEXT
EVT-TRIP-80c-3,TRIP-80c9d1-1,2025-09-11 16:37:58,DISTRACTION,1.4,3,TEXT
EVT-TRIP-80c-0,TRIP-80c9d1-2,2025-09-11 16:37:28,SPEEDING,0.73,3,CALL
EVT-TRIP-80c-1,TRIP-80c9d1-2,2025-09-11 16:37:38,SPEEDING,1.39,4,CALL
EVT-TRIP-80c-2,TRIP-80c9d1-2,2025-09-11 16:37:48,HARD_BRAKE,0.63,4,NONE
EVT-TRIP-80c-3,TRIP-80c9d1-2,2025-09-11 16:37:58,DISTRACTION,0.82,3,CALL
EVT-TRIP-80c-4,TRIP-80c9d1-2,2025-09-11 16:38:08,HARD_BRAKE,1.49,2,APP
EVT-TRIP-e42-0,TRIP-e42b27-0,2025-09-11 16:37:28,HARD_BRAKE,1.08,5,APP
EVT-TRIP-e42-1,TRIP-e42b27-0,2025-09-11 16:37:38,DISTRACTION,0.67,3,APP
EVT-TRIP-e42-0,TRIP-e42b27-1,2025-09-11 16:37:28,HARD_BRAKE,1.24,4,NONE
EVT-TRIP-e42-1,TRIP-e42b27-1,2025-09-11 16:37:38,HARD_BRAKE,1.21,1,CALL
EVT-TRIP-e42-0,TRIP-e42b27-2,2025-09-11 16:37:28,HARD_BRAKE,1.19,5,APP
EVT-TRIP-e42-1,TRIP-e42b27-2,2025-09-11 16:37:38,HARD_BRAKE,1.04,1,TEXT
EVT-TRIP-e42-2,TRIP-e42b27-2,2025-09-11 16:37:48,DISTRACTION,1.29,5,APP
EVT-TRIP-e42-3,TRIP-e42b27-2,2025-09-11 16:37:58,DISTRACTION,0.98,2,TEXT
EVT-TRIP-bbf-0,TRIP-bbf7a1-0,2025-09-11 16:37:28,HARD_BRAKE,0.63,3,NONE
EVT-TRIP-bbf-1,TRIP-bbf7a1-0,2025-09-11 16:37:38,SPEEDING,1.28,5,APP
EVT-TRIP-bbf-0,TRIP-bbf7a1-1,2025-09-11 16:37:28,HARD_BRAKE,1.22,1,APP
EVT-TRIP-bbf-1,TRIP-bbf7a1-1,2025-09-11 16:37:38,HARD_BRAKE,1.42,3,NONE
EVT-TRIP-bbf-0,TRIP-bbf7a1-2,2025-09-11 16:37:28,DISTRACTION,0.66,4,APP
EVT-TRIP-bbf-1,TRIP-bbf7a1-2,2025-09-11 16:37:38,HARD_BRAKE,0.72,1,TEXT
EVT-TRIP-bbf-2,TRIP-bbf7a1-2,2025-09-11 16:37:48,SPEEDING,1.2,3,CALL
EVT-TRIP-bbf-3,TRIP-bbf7a1-2,2025-09-11 16:37:58,SPEEDING,0.67,4,APP
EVT-TRIP-77f-0,TRIP-77f2a3-0,2025-09-11 16:37:28,SPEEDING,1.17,2,APP
EVT-TRIP-77f-1,TRIP-77f2a3-0,2025-09-11 16:37:38,DISTRACTION,1.22,5,CALL
EVT-TRIP-77f-0,TRIP-77f2a3-1,2025-09-11 16:37:28,HARD_BRAKE,0.92,4,NONE
EVT-TRIP-77f-1,TRIP-77f2a3-1,2025-09-11 16:37:38,DISTRACTION,0.92,5,APP
EVT-TRIP-77f-2,TRIP-77f2a3-1,2025-09-11 16:37:48,HARD_BRAKE,1.06,4,NONE
EVT-TRIP-77f-3,TRIP-77f2a3-1,2025-09-11 16:37:58,DISTRACTION,0.67,3,NONE
EVT-TRIP-77f-0,TRIP-77f2a3-2,2025-09-11 16:37:28,SPEEDING,0.8,1,APP
EVT-TRIP-77f-1,TRIP-77f2a3-2,2025-09-11 16:37:38,HARD_BRAKE,0.98,2,CALL
EVT-TRIP-77f-2,TRIP-77f2a3-2,2025-09-11 16:37:48,SPEEDING,1.01,5,NONE
EVT-TRIP-77f-3,TRIP-77f2a3-2,2025-09-11 16:37:58,SPEEDING,0.7,5,TEXT
EVT-TRIP-77f-4,TRIP-77f2a3-2,2025-09-11 16:38:08,HARD_BRAKE,1.34,1,CALL
EVT-TRIP-0e8-0,TRIP-0e8afc-0,2025-09-11 16:37:28,DISTRACTION,1.4,1,NONE
EVT-TRIP-0e8-1,TRIP-0e8afc-0,2025-09-11 16:37:38,DISTRACTION,1.23,4,TEXT
EVT-TRIP-0e8-2,TRIP-0e8afc-0,2025-09-11 16:37:48,SPEEDING,1.04,2,NONE
EVT-TRIP-0e8-3,TRIP-0e8afc-0,2025-09-11 16:37:58,SPEEDING,1.14,1,TEXT
EVT-TRIP-0e8-4,TRIP-0e8afc-0,2025-09-11 16:38:08,HARD_BRAKE,1.11,1,APP
EVT-TRIP-0e8-0,TRIP-0e8afc-1,2025-09-11 16:37:28,DISTRACTION,0.86,1,APP
EVT-TRIP-0e8-1,TRIP-0e8afc-1,2025-09-11 16:37:38,HARD_BRAKE,0.56,1,NONE
EVT-TRIP-0e8-0,TRIP-0e8afc-2,2025-09-11 16:37:28,HARD_BRAKE,1.02,4,NONE
EVT-TRIP-0e8-1,TRIP-0e8afc-2,2025-09-11 16:37:38,SPEEDING,1.31,1,APP
EVT-TRIP-0e8-2,TRIP-0e8afc-2,2025-09-11 16:37:48,DISTRACTION,1.42,3,TEXT
EVT-TRIP-0e8-3,TRIP-0e8afc-2,2025-09-11 16:37:58,HARD_BRAKE,1.43,4,CALL
EVT-TRIP-065-0,TRIP-06558e-0,2025-09-11 16:37:28,HARD_BRAKE,0.86,4,TEXT
EVT-TRIP-065-1,TRIP-06558e-0,2025-09-11 16:37:38,DISTRACTION,1.42,2,CALL
EVT-TRIP-065-0,TRIP-06558e-1,2025-09-11 16:37:28,DISTRACTION,1.4,1,CALL
EVT-TRIP-065-1,TRIP-06558e-1,2025-09-11 16:37:38,DISTRACTION,0.53,5,NONE
EVT-TRIP-065-2,TRIP-06558e-1,2025-09-11 16:37:48,HARD_BRAKE,0.98,2,TEXT
EVT-TRIP-065-0,TRIP-06558e-2,2025-09-11 16:37:28,HARD_BRAKE,1.33,1,TEXT
EVT-TRIP-065-1,TRIP-06558e-2,2025-09-11 16:37:38,SPEEDING,1.22,5,APP
EVT-TRIP-065-2,TRIP-06558e-2,2025-09-11 16:37:48,SPEEDING,0.64,3,NONE
EVT-TRIP-065-3,TRIP-06558e-2,2025-09-11 16:37:58,DISTRACTION,1.37,2,NONE
EVT-TRIP-065-4,TRIP-06558e-2,2025-09-11 16:38:08,HARD_BRAKE,1.22,5,CALL
EVT-TRIP-370-0,TRIP-370740-0,2025-09-11 16:37:28,HARD_BRAKE,1.18,3,NONE
EVT-TRIP-370-1,TRIP-370740-0,2025-09-11 16:37:38,DISTRACTION,1.14,4,APP
EVT-TRIP-370-2,TRIP-370740-0,2025-09-11 16:37:48,SPEEDING,1.1,5,NONE
EVT-TRIP-370-3,TRIP-370740-0,2025-09-11 16:37:58,HARD_BRAKE,1.18,3,NONE
EVT-TRIP-370-0,TRIP-370740-1,2025-09-11 16:37:28,SPEEDING,0.86,1,CALL
EVT-TRIP-370-1,TRIP-370740-1,2025-09-11 16:37:38,DISTRACTION,0.88,5,APP
EVT-TRIP-370-0,TRIP-370740-2,2025-09-11 16:37:28,SPEEDING,0.69,4,CALL
EVT-TRIP-370-1,TRIP-370740-2,2025-09-11 16:37:38,DISTRACTION,0.87,2,NONE
EVT-TRIP-370-2,TRIP-370740-2,2025-09-11 16:37:48,SPEEDING,1.34,5,TEXT
EVT-TRIP-370-3,TRIP-370740-2,2025-09-11 16:37:58,DISTRACTION,0.68,5,CALL
EVT-TRIP-493-0,TRIP-493cfb-0,2025-09-11 16:37:28,DISTRACTION,0.61,4,CALL
EVT-TRIP-493-1,TRIP-493cfb-0,2025-09-11 16:37:38,DISTRACTION,0.86,2,CALL
EVT-TRIP-493-2,TRIP-493cfb-0,2025-09-11 16:37:48,HARD_BRAKE,0.62,2,CALL
EVT-TRIP-493-3,TRIP-493cfb-0,2025-09-11 16:37:58,DISTRACTION,0.85,1,CALL
EVT-TRIP-493-0,TRIP-493cfb-1,2025-09-11 16:37:28,SPEEDING,1.3,4,TEXT
EVT-TRIP-493-1,TRIP-493cfb-1,2025-09-11 16:37:38,DISTRACTION,1.43,4,TEXT
EVT-TRIP-493-2,TRIP-493cfb-1,2025-09-11 16:37:48,HARD_BRAKE,1.0,3,CALL
EVT-TRIP-493-3,TRIP-493cfb-1,2025-09-11 16:37:58,SPEEDING,0.69,2,NONE
EVT-TRIP-493-4,TRIP-493cfb-1,2025-09-11 16:38:08,HARD_BRAKE,0.86,5,APP
EVT-TRIP-493-0,TRIP-493cfb-2,2025-09-11 16:37:28,SPEEDING,1.33,5,APP
EVT-TRIP-493-1,TRIP-493cfb-2,2025-09-11 16:37:38,SPEEDING,0.68,2,NONE
EVT-TRIP-493-2,TRIP-493cfb-2,2025-09-11 16:37:48,HARD_BRAKE,0.61,2,CALL
EVT-TRIP-ebf-0,TRIP-ebfa02-0,2025-09-11 16:37:28,HARD_BRAKE,1.27,4,CALL
EVT-TRIP-ebf-1,TRIP-ebfa02-0,2025-09-11 16:37:38,SPEEDING,1.4,4,TEXT
EVT-TRIP-ebf-2,TRIP-ebfa02-0,2025-09-11 16:37:48,HARD_BRAKE,1.48,4,NONE
EVT-TRIP-ebf-3,TRIP-ebfa02-0,2025-09-11 16:37:58,SPEEDING,1.34,3,TEXT
EVT-TRIP-ebf-4,TRIP-ebfa02-0,2025-09-11 16:38:08,HARD_BRAKE,0.88,4,NONE
EVT-TRIP-ebf-0,TRIP-ebfa02-1,2025-09-11 16:37:28,HARD_BRAKE,0.63,4,TEXT
EVT-TRIP-ebf-1,TRIP-ebfa02-1,2025-09-11 16:37:38,HARD_BRAKE,0.8,1,APP
EVT-TRIP-ebf-2,TRIP-ebfa02-1,2025-09-11 16:37:48,DISTRACTION,0.55,5,CALL
EVT-TRIP-ebf-3,TRIP-ebfa02-1,2025-09-11 16:37:58,DISTRACTION,1.33,4,TEXT
EVT-TRIP-ebf-0,TRIP-ebfa02-2,2025-09-11 16:37:28,SPEEDING,1.47,5,TEXT
EVT-TRIP-ebf-1,TRIP-ebfa02-2,2025-09-11 16:37:38,DISTRACTION,0.82,1,APP
EVT-TRIP-ebf-2,TRIP-ebfa02-2,2025-09-11 16:37:48,DISTRACTION,1.3,4,CALL
EVT-TRIP-ebf-3,TRIP-ebfa02-2,2025-09-11 16:37:58,SPEEDING,0.62,3,TEXT
EVT-TRIP-ebf-4,TRIP-ebfa02-2,2025-09-11 16:38:08,SPEEDING,1.25,2,NONE
EVT-TRIP-a14-0,TRIP-a14762-0,2025-09-11 16:37:28,DISTRACTION,0.83,5,CALL
EVT-TRIP-a14-1,TRIP-a14762-0,2025-09-11 16:37:38,DISTRACTION,1.07,3,TEXT
EVT-TRIP-a14-2,TRIP-a14762-0,2025-09-11 16:37:48,SPEEDING,0.6,1,NONE
EVT-TRIP-a14-3,TRIP-a14762-0,2025-09-11 16:37:58,DISTRACTION,1.2,1,TEXT
EVT-TRIP-a14-0,TRIP-a14762-1,2025-09-11 16:37:28,DISTRACTION,1.34,5,CALL
EVT-TRIP-a14-1,TRIP-a14762-1,2025-09-11 16:37:38,DISTRACTION,0.78,1,NONE
EVT-TRIP-a14-2,TRIP-a14762-1,2025-09-11 16:37:48,HARD_BRAKE,1.04,1,APP
EVT-TRIP-a14-0,TRIP-a14762-2,2025-09-11 16:37:28,SPEEDING,1.07,3,CALL
EVT-TRIP-a14-1,TRIP-a14762-2,2025-09-11 16:37:38,SPEEDING,0.97,5,TEXT
EVT-TRIP-8be-0,TRIP-8be14f-0,2025-09-11 16:37:28,DISTRACTION,1.23,2,APP
EVT-TRIP-8be-1,TRIP-8be14f-0,2025-09-11 16:37:38,DISTRACTION,1.36,5,TEXT
EVT-TRIP-8be-2,TRIP-8be14f-0,2025-09-11 16:37:48,HARD_BRAKE,0.65,5,NONE
EVT-TRIP-8be-3,TRIP-8be14f-0,2025-09-11 16:37:58,DISTRACTION,0.56,3,NONE
EVT-TRIP-8be-4,TRIP-8be14f-0,2025-09-11 16:38:08,SPEEDING,1.25,5,NONE
EVT-TRIP-8be-0,TRIP-8be14f-1,2025-09-11 16:37:28,DISTRACTION,0.88,2,APP
EVT-TRIP-8be-1,TRIP-8be14f-1,2025-09-11 16:37:38,SPEEDING,0.56,1,NONE
EVT-TRIP-8be-2,TRIP-8be14f-1,2025-09-11 16:37:48,SPEEDING,1.43,5,TEXT
EVT-TRIP-8be-3,TRIP-8be14f-1,2025-09-11 16:37:58,DISTRACTION,1.34,5,APP
EVT-TRIP-8be-0,TRIP-8be14f-2,2025-09-11 16:37:28,SPEEDING,0.72,5,CALL
EVT-TRIP-8be-1,TRIP-8be14f-2,2025-09-11 16:37:38,DISTRACTION,0.91,2,APP
EVT-TRIP-8be-2,TRIP-8be14f-2,2025-09-11 16:37:48,SPEEDING,0.99,3,CALL
EVT-TRIP-8be-3,TRIP-8be14f-2,2025-09-11 16:37:58,DISTRACTION,0.83,5,APP
EVT-TRIP-4ec-0,TRIP-4ec25d-0,2025-09-11 16:37:28,DISTRACTION,1.37,2,TEXT
EVT-TRIP-4ec-1,TRIP-4ec25d-0,2025-09-11 16:37:38,HARD_BRAKE,1.21,2,TEXT
EVT-TRIP-4ec-2,TRIP-4ec25d-0,2025-09-11 16:37:48,HARD_BRAKE,0.77,4,APP
EVT-TRIP-4ec-3,TRIP-4ec25d-0,2025-09-11 16:37:58,SPEEDING,0.59,1,TEXT
EVT-TRIP-4ec-0,TRIP-4ec25d-1,2025-09-11 16:37:28,HARD_BRAKE,0.96,5,TEXT
EVT-TRIP-4ec-1,TRIP-4ec25d-1,2025-09-11 16:37:38,DISTRACTION,1.04,2,CALL
EVT-TRIP-4ec-2,TRIP-4ec25d-1,2025-09-11 16:37:48,HARD_BRAKE,0.75,2,TEXT
EVT-TRIP-4ec-0,TRIP-4ec25d-2,2025-09-11 16:37:28,SPEEDING,1.39,2,TEXT
EVT-TRIP-4ec-1,TRIP-4ec25d-2,2025-09-11 16:37:38,SPEEDING,0.8,5,TEXT
EVT-TRIP-4ec-2,TRIP-4ec25d-2,2025-09-11 16:37:48,DISTRACTION,0.57,2,TEXT
EVT-TRIP-4ec-3,TRIP-4ec25d-2,2025-09-11 16:37:58,DISTRACTION,0.68,5,APP
EVT-TRIP-f26-0,TRIP-f26725-0,2025-09-11 16:37:28,HARD_BRAKE,1.23,2,CALL
EVT-TRIP-f26-1,TRIP-f26725-0,2025-09-11 16:37:38,SPEEDING,0.83,4,TEXT
EVT-TRIP-f26-2,TRIP-f26725-0,2025-09-11 16:37:48,SPEEDING,1.38,4,APP
EVT-TRIP-f26-3,TRIP-f26725-0,2025-09-11 16:37:58,HARD_BRAKE,1.28,2,TEXT
EVT-TRIP-f26-4,TRIP-f26725-0,2025-09-11 16:38:08,HARD_BRAKE,0.81,2,CALL
EVT-TRIP-f26-0,TRIP-f26725-1,2025-09-11 16:37:28,DISTRACTION,1.43,5,NONE
EVT-TRIP-f26-1,TRIP-f26725-1,2025-09-11 16:37:38,DISTRACTION,1.16,3,TEXT
EVT-TRIP-f26-2,TRIP-f26725-1,2025-09-11 16:37:48,SPEEDING,1.16,3,TEXT
EVT-TRIP-f26-3,TRIP-f26725-1,2025-09-11 16:37:58,SPEEDING,0.93,3,CALL
EVT-TRIP-f26-4,TRIP-f26725-1,2025-09-11 16:38:08,DISTRACTION,0.62,4,NONE
EVT-TRIP-f26-0,TRIP-f26725-2,2025-09-11 16:37:28,SPEEDING,0.74,3,APP
EVT-TRIP-f26-1,TRIP-f26725-2,2025-09-11 16:37:38,HARD_BRAKE,1.15,2,NONE
EVT-TRIP-fab-0,TRIP-fabbb5-0,2025-09-11 16:37:28,SPEEDING,0.8,1,APP
EVT-TRIP-fab-1,TRIP-fabbb5-0,2025-09-11 16:37:38,DISTRACTION,0.9,5,APP
EVT-TRIP-fab-2,TRIP-fabbb5-0,2025-09-11 16:37:48,HARD_BRAKE,1.33,3,TEXT
EVT-TRIP-fab-3,TRIP-fabbb5-0,2025-09-11 16:37:58,HARD_BRAKE,1.28,5,TEXT
EVT-TRIP-fab-4,TRIP-fabbb5-0,2025-09-11 16:38:08,HARD_BRAKE,1.07,5,NONE
EVT-TRIP-fab-0,TRIP-fabbb5-1,2025-09-11 16:37:28,DISTRACTION,1.33,2,APP
EVT-TRIP-fab-1,TRIP-fabbb5-1,2025-09-11 16:37:38,DISTRACTION,0.53,2,APP
EVT-TRIP-fab-2,TRIP-fabbb5-1,2025-09-11 16:37:48,DISTRACTION,1.09,4,TEXT
EVT-TRIP-fab-0,TRIP-fabbb5-2,2025-09-11 16:37:28,SPEEDING,1.34,3,TEXT
EVT-TRIP-fab-1,TRIP-fabbb5-2,2025-09-11 16:37:38,HARD_BRAKE,1.25,5,NONE
EVT-TRIP-fab-2,TRIP-fabbb5-2,2025-09-11 16:37:48,DISTRACTION,0.97,2,APP
EVT-TRIP-fab-3,TRIP-fabbb5-2,2025-09-11 16:37:58,DISTRACTION,0.8,2,APP
EVT-TRIP-fab-4,TRIP-fabbb5-2,2025-09-11 16:38:08,HARD_BRAKE,0.99,2,APP
EVT-TRIP-fca-0,TRIP-fca4a0-0,2025-09-11 16:37:28,HARD_BRAKE,0.57,1,NONE
EVT-TRIP-fca-1,TRIP-fca4a0-0,2025-09-11 16:37:38,DISTRACTION,0.72,5,APP
EVT-TRIP-fca-2,TRIP-fca4a0-0,2025-09-11 16:37:48,HARD_BRAKE,1.49,3,NONE
EVT-TRIP-fca-3,TRIP-fca4a0-0,2025-09-11 16:37:58,HARD_BRAKE,1.23,5,APP
EVT-TRIP-fca-0,TRIP-fca4a0-1,2025-09-11 16:37:28,SPEEDING,0.84,1,CALL
EVT-TRIP-fca-1,TRIP-fca4a0-1,2025-09-11 16:37:38,SPEEDING,1.28,4,TEXT
EVT-TRIP-fca-0,TRIP-fca4a0-2,2025-09-11 16:37:28,DISTRACTION,1.01,3,APP
EVT-TRIP-fca-1,TRIP-fca4a0-2,2025-09-11 16:37:38,SPEEDING,1.0,4,NONE
EVT-TRIP-fca-2,TRIP-fca4a0-2,2025-09-11 16:37:48,SPEEDING,0.69,5,TEXT
EVT-TRIP-fca-3,TRIP-fca4a0-2,2025-09-11 16:37:58,DISTRACTION,1.11,1,TEXT
EVT-TRIP-09c-0,TRIP-09c0d3-0,2025-09-11 16:37:28,HARD_BRAKE,1.09,5,TEXT
EVT-TRIP-09c-1,TRIP-09c0d3-0,2025-09-11 16:37:38,DISTRACTION,0.58,1,APP
EVT-TRIP-09c-2,TRIP-09c0d3-0,2025-09-11 16:37:48,SPEEDING,0.9,3,TEXT
EVT-TRIP-09c-3,TRIP-09c0d3-0,2025-09-11 16:37:58,DISTRACTION,0.52,1,APP
EVT-TRIP-09c-4,TRIP-09c0d3-0,2025-09-11 16:38:08,DISTRACTION,1.35,3,TEXT
EVT-TRIP-09c-0,TRIP-09c0d3-1,2025-09-11 16:37:28,HARD_BRAKE,1.48,3,APP
EVT-TRIP-09c-1,TRIP-09c0d3-1,2025-09-11 16:37:38,HARD_BRAKE,0.87,3,CALL
EVT-TRIP-09c-2,TRIP-09c0d3-1,2025-09-11 16:37:48,SPEEDING,0.92,3,CALL
EVT-TRIP-09c-3,TRIP-09c0d3-1,2025-09-11 16:37:58,DISTRACTION,1.35,5,CALL
EVT-TRIP-09c-0,TRIP-09c0d3-2,2025-09-11 16:37:28,SPEEDING,0.69,3,NONE
EVT-TRIP-09c-1,TRIP-09c0d3-2,2025-09-11 16:37:38,DISTRACTION,1.0,2,NONE
EVT-TRIP-09c-2,TRIP-09c0d3-2,2025-09-11 16:37:48,HARD_BRAKE,0.94,5,CALL
EVT-TRIP-09c-3,TRIP-09c0d3-2,2025-09-11 16:37:58,HARD_BRAKE,1.07,1,APP
EVT-TRIP-0e7-0,TRIP-0e795d-0,2025-09-11 16:37:28,SPEEDING,1.08,3,TEXT
EVT-TRIP-0e7-1,TRIP-0e795d-0,2025-09-11 16:37:38,SPEEDING,0.77,2,TEXT
EVT-TRIP-0e7-2,TRIP-0e795d-0,2025-09-11 16:37:48,DISTRACTION,1.33,5,APP
EVT-TRIP-0e7-3,TRIP-0e795d-0,2025-09-11 16:37:58,SPEEDING,1.39,5,TEXT
EVT-TRIP-0e7-0,TRIP-0e795d-1,2025-09-11 16:37:28,DISTRACTION,1.38,5,TEXT
EVT-TRIP-0e7-1,TRIP-0e795d-1,2025-09-11 16:37:38,DISTRACTION,1.03,4,TEXT
EVT-TRIP-0e7-0,TRIP-0e795d-2,2025-09-11 16:37:28,SPEEDING,1.42,1,NONE
EVT-TRIP-0e7-1,TRIP-0e795d-2,2025-09-11 16:37:38,DISTRACTION,0.57,1,APP
EVT-TRIP-0e7-2,TRIP-0e795d-2,2025-09-11 16:37:48,HARD_BRAKE,0.98,3,NONE
EVT-TRIP-210-0,TRIP-210ef1-0,2025-09-11 16:37:28,DISTRACTION,0.74,1,NONE
EVT-TRIP-210-1,TRIP-210ef1-0,2025-09-11 16:37:38,DISTRACTION,0.6,1,CALL
EVT-TRIP-210-2,TRIP-210ef1-0,2025-09-11 16:37:48,DISTRACTION,1.22,4,APP
EVT-TRIP-210-0,TRIP-210ef1-1,2025-09-11 16:37:28,SPEEDING,0.51,4,CALL
EVT-TRIP-210-1,TRIP-210ef1-1,2025-09-11 16:37:38,SPEEDING,0.7,1,NONE
EVT-TRIP-210-0,TRIP-210ef1-2,2025-09-11 16:37:28,DISTRACTION,1.42,5,APP
EVT-TRIP-210-1,TRIP-210ef1-2,2025-09-11 16:37:38,SPEEDING,1.48,5,TEXT
EVT-TRIP-951-0,TRIP-951b6d-0,2025-09-11 16:37:28,DISTRACTION,0.5,5,CALL
EVT-TRIP-951-1,TRIP-951b6d-0,2025-09-11 16:37:38,HARD_BRAKE,0.58,5,NONE
EVT-TRIP-951-0,TRIP-951b6d-1,2025-09-11 16:37:28,SPEEDING,0.62,5,APP
EVT-TRIP-951-1,TRIP-951b6d-1,2025-09-11 16:37:38,SPEEDING,1.19,1,NONE
EVT-TRIP-951-2,TRIP-951b6d-1,2025-09-11 16:37:48,SPEEDING,0.92,2,CALL
EVT-TRIP-951-0,TRIP-951b6d-2,2025-09-11 16:37:28,SPEEDING,0.56,4,CALL
EVT-TRIP-951-1,TRIP-951b6d-2,2025-09-11 16:37:38,DISTRACTION,0.62,3,NONE
EVT-TRIP-951-2,TRIP-951b6d-2,2025-09-11 16:37:48,SPEEDING,0.66,4,NONE
EVT-TRIP-951-3,TRIP-951b6d-2,2025-09-11 16:37:58,HARD_BRAKE,0.7,1,TEXT
EVT-TRIP-327-0,TRIP-327600-0,2025-09-11 16:37:28,SPEEDING,0.89,1,NONE
EVT-TRIP-327-1,TRIP-327600-0,2025-09-11 16:37:38,SPEEDING,1.11,5,TEXT
EVT-TRIP-327-2,TRIP-327600-0,2025-09-11 16:37:48,DISTRACTION,1.29,3,CALL
EVT-TRIP-327-3,TRIP-327600-0,2025-09-11 16:37:58,SPEEDING,0.57,3,NONE
EVT-TRIP-327-0,TRIP-327600-1,2025-09-11 16:37:28,DISTRACTION,0.52,4,TEXT
EVT-TRIP-327-1,TRIP-327600-1,2025-09-11 16:37:38,DISTRACTION,1.28,2,NONE
EVT-TRIP-327-2,TRIP-327600-1,2025-09-11 16:37:48,HARD_BRAKE,0.9,5,CALL
EVT-TRIP-327-0,TRIP-327600-2,2025-09-11 16:37:28,SPEEDING,1.04,3,NONE
EVT-TRIP-327-1,TRIP-327600-2,2025-09-11 16:37:38,HARD_BRAKE,1.14,5,NONE
EVT-TRIP-327-2,TRIP-327600-2,2025-09-11 16:37:48,DISTRACTION,0.56,3,TEXT
EVT-TRIP-c21-0,TRIP-c21d52-0,2025-09-11 16:37:28,HARD_BRAKE,0.8,3,APP
EVT-TRIP-c21-1,TRIP-c21d52-0,2025-09-11 16:37:38,SPEEDING,0.53,4,TEXT
EVT-TRIP-c21-2,TRIP-c21d52-0,2025-09-11 16:37:48,DISTRACTION,0.77,4,APP
EVT-TRIP-c21-0,TRIP-c21d52-1,2025-09-11 16:37:28,SPEEDING,1.3,1,APP
EVT-TRIP-c21-1,TRIP-c21d52-1,2025-09-11 16:37:38,SPEEDING,1.49,5,CALL
EVT-TRIP-c21-2,TRIP-c21d52-1,2025-09-11 16:37:48,DISTRACTION,1.03,1,CALL
EVT-TRIP-c21-0,TRIP-c21d52-2,2025-09-11 16:37:28,DISTRACTION,0.96,5,CALL
EVT-TRIP-c21-1,TRIP-c21d52-2,2025-09-11 16:37:38,DISTRACTION,1.07,1,TEXT
EVT-TRIP-492-0,TRIP-49284e-0,2025-09-11 16:37:28,DISTRACTION,0.5,2,CALL
EVT-TRIP-492-1,TRIP-49284e-0,2025-09-11 16:37:38,HARD_BRAKE,1.08,1,NONE
EVT-TRIP-492-2,TRIP-49284e-0,2025-09-11 16:37:48,HARD_BRAKE,1.3,1,APP
EVT-TRIP-492-3,TRIP-49284e-0,2025-09-11 16:37:58,SPEEDING,0.58,2,TEXT
EVT-TRIP-492-0,TRIP-49284e-1,2025-09-11 16:37:28,SPEEDING,1.11,3,CALL
EVT-TRIP-492-1,TRIP-49284e-1,2025-09-11 16:37:38,DISTRACTION,0.66,3,NONE
EVT-TRIP-492-2,TRIP-49284e-1,2025-09-11 16:37:48,DISTRACTION,1.13,4,CALL
EVT-TRIP-492-0,TRIP-49284e-2,2025-09-11 16:37:28,HARD_BRAKE,0.78,1,NONE
EVT-TRIP-492-1,TRIP-49284e-2,2025-09-11 16:37:38,SPEEDING,0.67,1,TEXT
EVT-TRIP-38f-0,TRIP-38fb6f-0,2025-09-11 16:37:28,DISTRACTION,1.39,4,APP
EVT-TRIP-38f-1,TRIP-38fb6f-0,2025-09-11 16:37:38,HARD_BRAKE,0.6,5,CALL
EVT-TRIP-38f-2,TRIP-38fb6f-0,2025-09-11 16:37:48,DISTRACTION,1.24,5,TEXT
EVT-TRIP-38f-0,TRIP-38fb6f-1,2025-09-11 16:37:28,DISTRACTION,1.46,1,TEXT
EVT-TRIP-38f-1,TRIP-38fb6f-1,2025-09-11 16:37:38,DISTRACTION,0.71,3,NONE
EVT-TRIP-38f-2,TRIP-38fb6f-1,2025-09-11 16:37:48,DISTRACTION,1.02,5,TEXT
EVT-TRIP-38f-0,TRIP-38fb6f-2,2025-09-11 16:37:28,SPEEDING,1.36,5,CALL
EVT-TRIP-38f-1,TRIP-38fb6f-2,2025-09-11 16:37:38,SPEEDING,1.47,3,TEXT
EVT-TRIP-c99-0,TRIP-c99bef-0,2025-09-11 16:37:28,DISTRACTION,0.5,1,CALL
EVT-TRIP-c99-1,TRIP-c99bef-0,2025-09-11 16:37:38,HARD_BRAKE,0.67,2,APP
EVT-TRIP-c99-2,TRIP-c99bef-0,2025-09-11 16:37:48,DISTRACTION,0.64,3,TEXT
EVT-TRIP-c99-3,TRIP-c99bef-0,2025-09-11 16:37:58,DISTRACTION,0.79,3,NONE
EVT-TRIP-c99-0,TRIP-c99bef-1,2025-09-11 16:37:28,SPEEDING,0.53,3,TEXT
EVT-TRIP-c99-1,TRIP-c99bef-1,2025-09-11 16:37:38,HARD_BRAKE,1.0,5,CALL
EVT-TRIP-c99-2,TRIP-c99bef-1,2025-09-11 16:37:48,DISTRACTION,1.09,5,APP
EVT-TRIP-c99-3,TRIP-c99bef-1,2025-09-11 16:37:58,HARD_BRAKE,1.06,1,NONE
EVT-TRIP-c99-0,TRIP-c99bef-2,2025-09-11 16:37:28,DISTRACTION,1.08,4,NONE
EVT-TRIP-c99-1,TRIP-c99bef-2,2025-09-11 16:37:38,DISTRACTION,1.14,3,NONE
EVT-TRIP-2d4-0,TRIP-2d4d57-0,2025-09-11 16:37:28,SPEEDING,1.38,3,NONE
EVT-TRIP-2d4-1,TRIP-2d4d57-0,2025-09-11 16:37:38,HARD_BRAKE,1.03,2,TEXT
EVT-TRIP-2d4-2,TRIP-2d4d57-0,2025-09-11 16:37:48,SPEEDING,1.14,1,NONE
EVT-TRIP-2d4-3,TRIP-2d4d57-0,2025-09-11 16:37:58,SPEEDING,0.94,5,NONE
EVT-TRIP-2d4-4,TRIP-2d4d57-0,2025-09-11 16:38:08,DISTRACTION,1.11,5,NONE
EVT-TRIP-2d4-0,TRIP-2d4d57-1,2025-09-11 16:37:28,DISTRACTION,1.11,1,TEXT
EVT-TRIP-2d4-1,TRIP-2d4d57-1,2025-09-11 16:37:38,HARD_BRAKE,0.8,4,APP
EVT-TRIP-2d4-2,TRIP-2d4d57-1,2025-09-11 16:37:48,DISTRACTION,1.24,1,NONE
EVT-TRIP-2d4-3,TRIP-2d4d57-1,2025-09-11 16:37:58,SPEEDING,1.33,1,TEXT
EVT-TRIP-2d4-0,TRIP-2d4d57-2,2025-09-11 16:37:28,DISTRACTION,0.64,4,APP
EVT-TRIP-2d4-1,TRIP-2d4d57-2,2025-09-11 16:37:38,HARD_BRAKE,0.88,1,APP
EVT-TRIP-2d4-2,TRIP-2d4d57-2,2025-09-11 16:37:48,HARD_BRAKE,1.31,2,CALL
EVT-TRIP-2d4-3,TRIP-2d4d57-2,2025-09-11 16:37:58,HARD_BRAKE,0.81,1,TEXT
EVT-TRIP-bb5-0,TRIP-bb5a3e-0,2025-09-11 16:37:28,SPEEDING,1.38,2,APP
EVT-TRIP-bb5-1,TRIP-bb5a3e-0,2025-09-11 16:37:38,HARD_BRAKE,1.28,5,TEXT
EVT-TRIP-bb5-2,TRIP-bb5a3e-0,2025-09-11 16:37:48,SPEEDING,0.67,2,APP
EVT-TRIP-bb5-3,TRIP-bb5a3e-0,2025-09-11 16:37:58,HARD_BRAKE,0.83,5,APP
EVT-TRIP-bb5-4,TRIP-bb5a3e-0,2025-09-11 16:38:08,HARD_BRAKE,1.47,3,APP
EVT-TRIP-bb5-0,TRIP-bb5a3e-1,2025-09-11 16:37:28,HARD_BRAKE,1.43,4,NONE
EVT-TRIP-bb5-1,TRIP-bb5a3e-1,2025-09-11 16:37:38,SPEEDING,1.45,4,NONE
EVT-TRIP-bb5-2,TRIP-bb5a3e-1,2025-09-11 16:37:48,SPEEDING,0.76,5,NONE
EVT-TRIP-bb5-3,TRIP-bb5a3e-1,2025-09-11 16:37:58,SPEEDING,1.11,4,TEXT
EVT-TRIP-bb5-4,TRIP-bb5a3e-1,2025-09-11 16:38:08,SPEEDING,1.11,5,APP
EVT-TRIP-bb5-0,TRIP-bb5a3e-2,2025-09-11 16:37:28,DISTRACTION,1.0,1,CALL
EVT-TRIP-bb5-1,TRIP-bb5a3e-2,2025-09-11 16:37:38,DISTRACTION,1.21,1,CALL
EVT-TRIP-bb5-2,TRIP-bb5a3e-2,2025-09-11 16:37:48,SPEEDING,1.01,4,TEXT
EVT-TRIP-7a0-0,TRIP-7a0fab-0,2025-09-11 16:37:28,HARD_BRAKE,0.93,4,NONE
EVT-TRIP-7a0-1,TRIP-7a0fab-0,2025-09-11 16:37:38,DISTRACTION,0.97,5,TEXT
EVT-TRIP-7a0-2,TRIP-7a0fab-0,2025-09-11 16:37:48,HARD_BRAKE,0.84,1,APP
EVT-TRIP-7a0-3,TRIP-7a0fab-0,2025-09-11 16:37:58,DISTRACTION,1.17,3,APP
EVT-TRIP-7a0-0,TRIP-7a0fab-1,2025-09-11 16:37:28,DISTRACTION,0.63,5,NONE
EVT-TRIP-7a0-1,TRIP-7a0fab-1,2025-09-11 16:37:38,HARD_BRAKE,1.07,5,NONE
EVT-TRIP-7a0-2,TRIP-7a0fab-1,2025-09-11 16:37:48,SPEEDING,1.29,3,CALL
EVT-TRIP-7a0-3,TRIP-7a0fab-1,2025-09-11 16:37:58,DISTRACTION,0.6,3,TEXT
EVT-TRIP-7a0-0,TRIP-7a0fab-2,2025-09-11 16:37:28,HARD_BRAKE,0.97,3,APP
EVT-TRIP-7a0-1,TRIP-7a0fab-2,2025-09-11 16:37:38,SPEEDING,1.14,5,APP
EVT-TRIP-7a0-2,TRIP-7a0fab-2,2025-09-11 16:37:48,SPEEDING,1.43,5,CALL
EVT-TRIP-5fb-0,TRIP-5fb831-0,2025-09-11 16:37:28,DISTRACTION,0.9,2,NONE
EVT-TRIP-5fb-1,TRIP-5fb831-0,2025-09-11 16:37:38,SPEEDING,0.81,3,NONE
EVT-TRIP-5fb-2,TRIP-5fb831-0,2025-09-11 16:37:48,DISTRACTION,1.09,2,TEXT
EVT-TRIP-5fb-0,TRIP-5fb831-1,2025-09-11 16:37:28,SPEEDING,0.63,4,TEXT
EVT-TRIP-5fb-1,TRIP-5fb831-1,2025-09-11 16:37:38,HARD_BRAKE,0.94,5,APP
EVT-TRIP-5fb-2,TRIP-5fb831-1,2025-09-11 16:37:48,SPEEDING,1.03,5,TEXT
EVT-TRIP-5fb-0,TRIP-5fb831-2,2025-09-11 16:37:28,DISTRACTION,1.02,2,NONE
EVT-TRIP-5fb-1,TRIP-5fb831-2,2025-09-11 16:37:38,SPEEDING,1.48,1,APP
EVT-TRIP-31a-0,TRIP-31a4e6-0,2025-09-11 16:37:28,SPEEDING,1.05,3,CALL
EVT-TRIP-31a-1,TRIP-31a4e6-0,2025-09-11 16:37:38,HARD_BRAKE,0.94,1,TEXT
EVT-TRIP-31a-2,TRIP-31a4e6-0,2025-09-11 16:37:48,DISTRACTION,1.08,2,TEXT
EVT-TRIP-31a-3,TRIP-31a4e6-0,2025-09-11 16:37:58,DISTRACTION,0.65,2,TEXT
EVT-TRIP-31a-4,TRIP-31a4e6-0,2025-09-11 16:38:08,DISTRACTION,0.59,5,APP
EVT-TRIP-31a-0,TRIP-31a4e6-1,2025-09-11 16:37:28,SPEEDING,0.64,4,APP
EVT-TRIP-31a-1,TRIP-31a4e6-1,2025-09-11 16:37:38,DISTRACTION,1.27,2,CALL
EVT-TRIP-31a-0,TRIP-31a4e6-2,2025-09-11 16:37:28,HARD_BRAKE,1.15,1,CALL
EVT-TRIP-31a-1,TRIP-31a4e6-2,2025-09-11 16:37:38,DISTRACTION,1.19,3,TEXT
EVT-TRIP-31a-2,TRIP-31a4e6-2,2025-09-11 16:37:48,HARD_BRAKE,1.44,1,TEXT
EVT-TRIP-31a-3,TRIP-31a4e6-2,2025-09-11 16:37:58,DISTRACTION,1.16,2,NONE
EVT-TRIP-31a-4,TRIP-31a4e6-2,2025-09-11 16:38:08,SPEEDING,0.97,5,CALL
EVT-TRIP-f5d-0,TRIP-f5d9c3-0,2025-09-11 16:37:28,SPEEDING,1.06,3,APP
EVT-TRIP-f5d-1,TRIP-f5d9c3-0,2025-09-11 16:37:38,HARD_BRAKE,0.78,2,CALL
EVT-TRIP-f5d-2,TRIP-f5d9c3-0,2025-09-11 16:37:48,SPEEDING,0.83,5,CALL
EVT-TRIP-f5d-3,TRIP-f5d9c3-0,2025-09-11 16:37:58,DISTRACTION,1.29,2,TEXT
EVT-TRIP-f5d-4,TRIP-f5d9c3-0,2025-09-11 16:38:08,SPEEDING,0.58,5,NONE
EVT-TRIP-f5d-0,TRIP-f5d9c3-1,2025-09-11 16:37:28,SPEEDING,1.05,1,CALL
EVT-TRIP-f5d-1,TRIP-f5d9c3-1,2025-09-11 16:37:38,HARD_BRAKE,0.75,2,NONE
EVT-TRIP-f5d-2,TRIP-f5d9c3-1,2025-09-11 16:37:48,DISTRACTION,1.18,5,NONE
EVT-TRIP-f5d-0,TRIP-f5d9c3-2,2025-09-11 16:37:28,HARD_BRAKE,1.15,5,TEXT
EVT-TRIP-f5d-1,TRIP-f5d9c3-2,2025-09-11 16:37:38,HARD_BRAKE,1.35,4,CALL
EVT-TRIP-bf5-0,TRIP-bf5ba9-0,2025-09-11 16:37:28,DISTRACTION,1.0,3,CALL
EVT-TRIP-bf5-1,TRIP-bf5ba9-0,2025-09-11 16:37:38,SPEEDING,1.02,3,NONE
EVT-TRIP-bf5-2,TRIP-bf5ba9-0,2025-09-11 16:37:48,SPEEDING,1.22,4,APP
EVT-TRIP-bf5-3,TRIP-bf5ba9-0,2025-09-11 16:37:58,DISTRACTION,0.95,1,TEXT
EVT-TRIP-bf5-0,TRIP-bf5ba9-1,2025-09-11 16:37:28,SPEEDING,0.5,5,CALL
EVT-TRIP-bf5-1,TRIP-bf5ba9-1,2025-09-11 16:37:38,HARD_BRAKE,0.71,1,APP
EVT-TRIP-bf5-2,TRIP-bf5ba9-1,2025-09-11 16:37:48,DISTRACTION,1.11,3,CALL
EVT-TRIP-bf5-3,TRIP-bf5ba9-1,2025-09-11 16:37:58,SPEEDING,1.38,2,CALL
EVT-TRIP-bf5-0,TRIP-bf5ba9-2,2025-09-11 16:37:28,HARD_BRAKE,1.04,1,TEXT
EVT-TRIP-bf5-1,TRIP-bf5ba9-2,2025-09-11 16:37:38,SPEEDING,1.1,2,NONE
EVT-TRIP-3c6-0,TRIP-3c6f23-0,2025-09-11 16:37:28,SPEEDING,0.72,4,CALL
EVT-TRIP-3c6-1,TRIP-3c6f23-0,2025-09-11 16:37:38,DISTRACTION,1.05,2,TEXT
EVT-TRIP-3c6-2,TRIP-3c6f23-0,2025-09-11 16:37:48,SPEEDING,1.34,2,NONE
EVT-TRIP-3c6-3,TRIP-3c6f23-0,2025-09-11 16:37:58,SPEEDING,1.48,3,NONE
EVT-TRIP-3c6-0,TRIP-3c6f23-1,2025-09-11 16:37:28,HARD_BRAKE,0.82,5,CALL
EVT-TRIP-3c6-1,TRIP-3c6f23-1,2025-09-11 16:37:38,HARD_BRAKE,1.38,1,NONE
EVT-TRIP-3c6-2,TRIP-3c6f23-1,2025-09-11 16:37:48,HARD_BRAKE,0.97,3,TEXT
EVT-TRIP-3c6-0,TRIP-3c6f23-2,2025-09-11 16:37:28,DISTRACTION,1.41,4,CALL
EVT-TRIP-3c6-1,TRIP-3c6f23-2,2025-09-11 16:37:38,HARD_BRAKE,1.19,2,NONE
EVT-TRIP-3c6-2,TRIP-3c6f23-2,2025-09-11 16:37:48,DISTRACTION,1.48,4,CALL
EVT-TRIP-3c6-3,TRIP-3c6f23-2,2025-09-11 16:37:58,HARD_BRAKE,1.27,4,TEXT
EVT-TRIP-f64-0,TRIP-f64a6e-0,2025-09-11 16:37:28,SPEEDING,1.3,2,TEXT
EVT-TRIP-f64-1,TRIP-f64a6e-0,2025-09-11 16:37:38,DISTRACTION,1.06,5,CALL
EVT-TRIP-f64-2,TRIP-f64a6e-0,2025-09-11 16:37:48,SPEEDING,0.87,4,TEXT
EVT-TRIP-f64-3,TRIP-f64a6e-0,2025-09-11 16:37:58,HARD_BRAKE,1.04,2,CALL
EVT-TRIP-f64-4,TRIP-f64a6e-0,2025-09-11 16:38:08,DISTRACTION,0.66,4,APP
EVT-TRIP-f64-0,TRIP-f64a6e-1,2025-09-11 16:37:28,HARD_BRAKE,1.34,3,TEXT
EVT-TRIP-f64-1,TRIP-f64a6e-1,2025-09-11 16:37:38,HARD_BRAKE,0.85,4,APP
EVT-TRIP-f64-2,TRIP-f64a6e-1,2025-09-11 16:37:48,HARD_BRAKE,1.2,5,NONE
EVT-TRIP-f64-3,TRIP-f64a6e-1,2025-09-11 16:37:58,SPEEDING,0.98,4,APP
EVT-TRIP-f64-0,TRIP-f64a6e-2,2025-09-11 16:37:28,SPEEDING,1.02,4,NONE
EVT-TRIP-f64-1,TRIP-f64a6e-2,2025-09-11 16:37:38,DISTRACTION,0.71,1,CALL
EVT-TRIP-b91-0,TRIP-b91e69-0,2025-09-11 16:37:28,HARD_BRAKE,0.73,4,TEXT
EVT-TRIP-b91-1,TRIP-b91e69-0,2025-09-11 16:37:38,DISTRACTION,1.36,2,CALL
EVT-TRIP-b91-2,TRIP-b91e69-0,2025-09-11 16:37:48,SPEEDING,1.36,3,NONE
EVT-TRIP-b91-3,TRIP-b91e69-0,2025-09-11 16:37:58,SPEEDING,0.59,2,NONE
EVT-TRIP-b91-0,TRIP-b91e69-1,2025-09-11 16:37:28,DISTRACTION,0.88,2,CALL
EVT-TRIP-b91-1,TRIP-b91e69-1,2025-09-11 16:37:38,DISTRACTION,1.4,1,APP
EVT-TRIP-b91-2,TRIP-b91e69-1,2025-09-11 16:37:48,HARD_BRAKE,0.57,2,NONE
EVT-TRIP-b91-3,TRIP-b91e69-1,2025-09-11 16:37:58,SPEEDING,1.23,1,TEXT
EVT-TRIP-b91-0,TRIP-b91e69-2,2025-09-11 16:37:28,DISTRACTION,0.81,3,TEXT
EVT-TRIP-b91-1,TRIP-b91e69-2,2025-09-11 16:37:38,DISTRACTION,0.73,4,APP
EVT-TRIP-b91-2,TRIP-b91e69-2,2025-09-11 16:37:48,HARD_BRAKE,0.93,2,TEXT
EVT-TRIP-b91-3,TRIP-b91e69-2,2025-09-11 16:37:58,SPEEDING,1.41,4,CALL
EVT-TRIP-b91-4,TRIP-b91e69-2,2025-09-11 16:38:08,HARD_BRAKE,1.47,3,APP
EVT-TRIP-6f1-0,TRIP-6f10f1-0,2025-09-11 16:37:28,DISTRACTION,1.24,4,CALL
EVT-TRIP-6f1-1,TRIP-6f10f1-0,2025-09-11 16:37:38,HARD_BRAKE,1.23,3,APP
EVT-TRIP-6f1-0,TRIP-6f10f1-1,2025-09-11 16:37:28,SPEEDING,1.12,1,APP
EVT-TRIP-6f1-1,TRIP-6f10f1-1,2025-09-11 16:37:38,SPEEDING,1.15,3,CALL
EVT-TRIP-6f1-2,TRIP-6f10f1-1,2025-09-11 16:37:48,DISTRACTION,0.91,4,NONE
EVT-TRIP-6f1-3,TRIP-6f10f1-1,2025-09-11 16:37:58,HARD_BRAKE,1.46,1,NONE
EVT-TRIP-6f1-0,TRIP-6f10f1-2,2025-09-11 16:37:28,DISTRACTION,0.55,2,TEXT
EVT-TRIP-6f1-1,TRIP-6f10f1-2,2025-09-11 16:37:38,SPEEDING,0.63,2,APP
EVT-TRIP-959-0,TRIP-9599fa-0,2025-09-11 16:37:28,HARD_BRAKE,1.01,4,APP
EVT-TRIP-959-1,TRIP-9599fa-0,2025-09-11 16:37:38,SPEEDING,0.8,2,CALL
EVT-TRIP-959-2,TRIP-9599fa-0,2025-09-11 16:37:48,SPEEDING,0.95,4,CALL
EVT-TRIP-959-0,TRIP-9599fa-1,2025-09-11 16:37:28,DISTRACTION,0.61,2,NONE
EVT-TRIP-959-1,TRIP-9599fa-1,2025-09-11 16:37:38,SPEEDING,0.53,3,TEXT
EVT-TRIP-959-2,TRIP-9599fa-1,2025-09-11 16:37:48,SPEEDING,1.11,1,NONE
EVT-TRIP-959-0,TRIP-9599fa-2,2025-09-11 16:37:28,SPEEDING,0.58,4,TEXT
EVT-TRIP-959-1,TRIP-9599fa-2,2025-09-11 16:37:38,DISTRACTION,1.49,3,APP
EVT-TRIP-c48-0,TRIP-c48d69-0,2025-09-11 16:37:28,SPEEDING,0.75,2,CALL
EVT-TRIP-c48-1,TRIP-c48d69-0,2025-09-11 16:37:38,DISTRACTION,0.53,2,CALL
EVT-TRIP-c48-2,TRIP-c48d69-0,2025-09-11 16:37:48,HARD_BRAKE,1.07,1,CALL
EVT-TRIP-c48-3,TRIP-c48d69-0,2025-09-11 16:37:58,SPEEDING,0.52,3,TEXT
EVT-TRIP-c48-0,TRIP-c48d69-1,2025-09-11 16:37:28,HARD_BRAKE,0.73,3,NONE
EVT-TRIP-c48-1,TRIP-c48d69-1,2025-09-11 16:37:38,DISTRACTION,1.33,4,TEXT
EVT-TRIP-c48-2,TRIP-c48d69-1,2025-09-11 16:37:48,SPEEDING,1.2,2,NONE
EVT-TRIP-c48-0,TRIP-c48d69-2,2025-09-11 16:37:28,DISTRACTION,1.33,2,TEXT
EVT-TRIP-c48-1,TRIP-c48d69-2,2025-09-11 16:37:38,HARD_BRAKE,1.45,1,CALL
EVT-TRIP-c48-2,TRIP-c48d69-2,2025-09-11 16:37:48,SPEEDING,1.15,4,NONE
EVT-TRIP-c48-3,TRIP-c48d69-2,2025-09-11 16:37:58,DISTRACTION,1.38,4,TEXT
EVT-TRIP-839-0,TRIP-8393dd-0,2025-09-11 16:37:28,DISTRACTION,1.06,5,TEXT
EVT-TRIP-839-1,TRIP-8393dd-0,2025-09-11 16:37:38,HARD_BRAKE,1.41,4,APP
EVT-TRIP-839-0,TRIP-8393dd-1,2025-09-11 16:37:28,HARD_BRAKE,1.47,3,NONE
EVT-TRIP-839-1,TRIP-8393dd-1,2025-09-11 16:37:38,SPEEDING,0.95,1,CALL
EVT-TRIP-839-2,TRIP-8393dd-1,2025-09-11 16:37:48,HARD_BRAKE,0.65,3,TEXT
EVT-TRIP-839-0,TRIP-8393dd-2,2025-09-11 16:37:28,HARD_BRAKE,1.07,4,CALL
EVT-TRIP-839-1,TRIP-8393dd-2,2025-09-11 16:37:38,DISTRACTION,1.45,3,TEXT
EVT-TRIP-604-0,TRIP-604621-0,2025-09-11 16:37:28,DISTRACTION,1.12,2,APP
EVT-TRIP-604-1,TRIP-604621-0,2025-09-11 16:37:38,DISTRACTION,1.17,4,CALL
EVT-TRIP-604-2,TRIP-604621-0,2025-09-11 16:37:48,DISTRACTION,1.14,3,APP
EVT-TRIP-604-3,TRIP-604621-0,2025-09-11 16:37:58,SPEEDING,0.55,4,NONE
EVT-TRIP-604-4,TRIP-604621-0,2025-09-11 16:38:08,DISTRACTION,0.72,1,NONE
EVT-TRIP-604-0,TRIP-604621-1,2025-09-11 16:37:28,SPEEDING,0.54,3,CALL
EVT-TRIP-604-1,TRIP-604621-1,2025-09-11 16:37:38,DISTRACTION,1.32,3,APP
EVT-TRIP-604-0,TRIP-604621-2,2025-09-11 16:37:28,HARD_BRAKE,1.07,1,NONE
EVT-TRIP-604-1,TRIP-604621-2,2025-09-11 16:37:38,SPEEDING,1.38,2,NONE
EVT-TRIP-02f-0,TRIP-02fd7a-0,2025-09-11 16:37:28,HARD_BRAKE,0.99,4,NONE
EVT-TRIP-02f-1,TRIP-02fd7a-0,2025-09-11 16:37:38,DISTRACTION,0.97,1,TEXT
EVT-TRIP-02f-2,TRIP-02fd7a-0,2025-09-11 16:37:48,SPEEDING,1.21,5,TEXT
EVT-TRIP-02f-3,TRIP-02fd7a-0,2025-09-11 16:37:58,HARD_BRAKE,0.96,1,CALL
EVT-TRIP-02f-0,TRIP-02fd7a-1,2025-09-11 16:37:28,HARD_BRAKE,0.77,2,APP
EVT-TRIP-02f-1,TRIP-02fd7a-1,2025-09-11 16:37:38,HARD_BRAKE,0.77,3,TEXT
EVT-TRIP-02f-2,TRIP-02fd7a-1,2025-09-11 16:37:48,HARD_BRAKE,1.32,4,TEXT
EVT-TRIP-02f-3,TRIP-02fd7a-1,2025-09-11 16:37:58,DISTRACTION,0.9,1,CALL
EVT-TRIP-02f-4,TRIP-02fd7a-1,2025-09-11 16:38:08,HARD_BRAKE,1.19,2,TEXT
EVT-TRIP-02f-0,TRIP-02fd7a-2,2025-09-11 16:37:28,SPEEDING,1.27,5,NONE
EVT-TRIP-02f-1,TRIP-02fd7a-2,2025-09-11 16:37:38,HARD_BRAKE,1.15,1,CALL
EVT-TRIP-02f-2,TRIP-02fd7a-2,2025-09-11 16:37:48,DISTRACTION,0.52,4,APP
EVT-TRIP-02f-3,TRIP-02fd7a-2,2025-09-11 16:37:58,DISTRACTION,0.77,4,NONE
EVT-TRIP-c15-0,TRIP-c1597d-0,2025-09-11 16:37:28,DISTRACTION,0.94,2,APP
EVT-TRIP-c15-1,TRIP-c1597d-0,2025-09-11 16:37:38,DISTRACTION,1.14,5,TEXT
EVT-TRIP-c15-0,TRIP-c1597d-1,2025-09-11 16:37:28,SPEEDING,1.12,5,TEXT
EVT-TRIP-c15-1,TRIP-c1597d-1,2025-09-11 16:37:38,HARD_BRAKE,0.68,1,CALL
EVT-TRIP-c15-2,TRIP-c1597d-1,2025-09-11 16:37:48,HARD_BRAKE,1.15,5,NONE
EVT-TRIP-c15-3,TRIP-c1597d-1,2025-09-11 16:37:58,SPEEDING,0.97,2,CALL
EVT-TRIP-c15-0,TRIP-c1597d-2,2025-09-11 16:37:28,DISTRACTION,0.51,2,CALL
EVT-TRIP-c15-1,TRIP-c1597d-2,2025-09-11 16:37:38,SPEEDING,1.05,5,NONE
EVT-TRIP-d6a-0,TRIP-d6a0a5-0,2025-09-11 16:37:28,DISTRACTION,1.39,4,NONE
EVT-TRIP-d6a-1,TRIP-d6a0a5-0,2025-09-11 16:37:38,DISTRACTION,0.5,4,CALL
EVT-TRIP-d6a-2,TRIP-d6a0a5-0,2025-09-11 16:37:48,DISTRACTION,0.55,1,TEXT
EVT-TRIP-d6a-0,TRIP-d6a0a5-1,2025-09-11 16:37:28,HARD_BRAKE,0.71,4,TEXT
EVT-TRIP-d6a-1,TRIP-d6a0a5-1,2025-09-11 16:37:38,HARD_BRAKE,0.65,1,NONE
EVT-TRIP-d6a-2,TRIP-d6a0a5-1,2025-09-11 16:37:48,SPEEDING,0.61,3,NONE
EVT-TRIP-d6a-3,TRIP-d6a0a5-1,2025-09-11 16:37:58,DISTRACTION,1.24,5,TEXT
EVT-TRIP-d6a-4,TRIP-d6a0a5-1,2025-09-11 16:38:08,SPEEDING,1.38,1,CALL
EVT-TRIP-d6a-0,TRIP-d6a0a5-2,2025-09-11 16:37:28,HARD_BRAKE,0.73,5,APP
EVT-TRIP-d6a-1,TRIP-d6a0a5-2,2025-09-11 16:37:38,DISTRACTION,1.01,4,APP
EVT-TRIP-d6a-2,TRIP-d6a0a5-2,2025-09-11 16:37:48,DISTRACTION,1.03,1,APP
EVT-TRIP-025-0,TRIP-025a84-0,2025-09-11 16:37:28,DISTRACTION,0.55,1,TEXT
EVT-TRIP-025-1,TRIP-025a84-0,2025-09-11 16:37:38,SPEEDING,1.24,1,CALL
EVT-TRIP-025-2,TRIP-025a84-0,2025-09-11 16:37:48,HARD_BRAKE,1.48,3,APP
EVT-TRIP-025-0,TRIP-025a84-1,2025-09-11 16:37:28,HARD_BRAKE,0.78,5,NONE
EVT-TRIP-025-1,TRIP-025a84-1,2025-09-11 16:37:38,SPEEDING,0.6,4,APP
EVT-TRIP-025-0,TRIP-025a84-2,2025-09-11 16:37:28,DISTRACTION,0.61,4,CALL
EVT-TRIP-025-1,TRIP-025a84-2,2025-09-11 16:37:38,DISTRACTION,1.11,5,TEXT
EVT-TRIP-025-2,TRIP-025a84-2,2025-09-11 16:37:48,SPEEDING,0.81,1,CALL
EVT-TRIP-b79-0,TRIP-b79ad7-0,2025-09-11 16:37:28,DISTRACTION,1.09,3,APP
EVT-TRIP-b79-1,TRIP-b79ad7-0,2025-09-11 16:37:38,HARD_BRAKE,0.89,1,TEXT
EVT-TRIP-b79-2,TRIP-b79ad7-0,2025-09-11 16:37:48,HARD_BRAKE,1.46,5,APP
EVT-TRIP-b79-3,TRIP-b79ad7-0,2025-09-11 16:37:58,HARD_BRAKE,1.13,5,NONE
EVT-TRIP-b79-0,TRIP-b79ad7-1,2025-09-11 16:37:28,SPEEDING,0.88,1,CALL
EVT-TRIP-b79-1,TRIP-b79ad7-1,2025-09-11 16:37:38,SPEEDING,1.03,5,NONE
EVT-TRIP-b79-2,TRIP-b79ad7-1,2025-09-11 16:37:48,SPEEDING,1.15,5,CALL
EVT-TRIP-b79-3,TRIP-b79ad7-1,2025-09-11 16:37:58,DISTRACTION,0.67,1,TEXT
EVT-TRIP-b79-0,TRIP-b79ad7-2,2025-09-11 16:37:28,DISTRACTION,0.91,4,APP
EVT-TRIP-b79-1,TRIP-b79ad7-2,2025-09-11 16:37:38,DISTRACTION,1.36,1,TEXT
EVT-TRIP-b79-2,TRIP-b79ad7-2,2025-09-11 16:37:48,DISTRACTION,1.17,4,CALL
EVT-TRIP-f6f-0,TRIP-f6f3b7-0,2025-09-11 16:37:28,HARD_BRAKE,0.63,5,TEXT
EVT-TRIP-f6f-1,TRIP-f6f3b7-0,2025-09-11 16:37:38,SPEEDING,1.04,5,TEXT
EVT-TRIP-f6f-2,TRIP-f6f3b7-0,2025-09-11 16:37:48,DISTRACTION,1.01,5,CALL
EVT-TRIP-f6f-0,TRIP-f6f3b7-1,2025-09-11 16:37:28,SPEEDING,1.29,5,TEXT
EVT-TRIP-f6f-1,TRIP-f6f3b7-1,2025-09-11 16:37:38,DISTRACTION,1.18,4,TEXT
EVT-TRIP-f6f-0,TRIP-f6f3b7-2,2025-09-11 16:37:28,SPEEDING,1.49,2,CALL
EVT-TRIP-f6f-1,TRIP-f6f3b7-2,2025-09-11 16:37:38,SPEEDING,0.96,5,NONE
EVT-TRIP-f6f-2,TRIP-f6f3b7-2,2025-09-11 16:37:48,SPEEDING,0.67,4,APP
EVT-TRIP-f6f-3,TRIP-f6f3b7-2,2025-09-11 16:37:58,DISTRACTION,0.57,3,NONE
EVT-TRIP-f6f-4,TRIP-f6f3b7-2,2025-09-11 16:38:08,HARD_BRAKE,1.34,3,TEXT
EVT-TRIP-ff2-0,TRIP-ff2932-0,2025-09-11 16:37:28,DISTRACTION,1.36,4,CALL
EVT-TRIP-ff2-1,TRIP-ff2932-0,2025-09-11 16:37:38,SPEEDING,0.89,1,NONE
EVT-TRIP-ff2-0,TRIP-ff2932-1,2025-09-11 16:37:28,HARD_BRAKE,0.77,2,APP
EVT-TRIP-ff2-1,TRIP-ff2932-1,2025-09-11 16:37:38,SPEEDING,1.43,1,NONE
EVT-TRIP-ff2-0,TRIP-ff2932-2,2025-09-11 16:37:28,DISTRACTION,0.86,1,TEXT
EVT-TRIP-ff2-1,TRIP-ff2932-2,2025-09-11 16:37:38,DISTRACTION,1.22,1,APP
EVT-TRIP-458-0,TRIP-45803a-0,2025-09-11 16:37:28,DISTRACTION,1.18,1,APP
EVT-TRIP-458-1,TRIP-45803a-0,2025-09-11 16:37:38,HARD_BRAKE,1.28,3,APP
EVT-TRIP-458-2,TRIP-45803a-0,2025-09-11 16:37:48,DISTRACTION,1.02,5,APP
EVT-TRIP-458-3,TRIP-45803a-0,2025-09-11 16:37:58,HARD_BRAKE,0.71,3,NONE
EVT-TRIP-458-0,TRIP-45803a-1,2025-09-11 16:37:28,SPEEDING,0.63,5,APP
EVT-TRIP-458-1,TRIP-45803a-1,2025-09-11 16:37:38,HARD_BRAKE,0.54,5,CALL
EVT-TRIP-458-0,TRIP-45803a-2,2025-09-11 16:37:28,SPEEDING,0.56,4,NONE
EVT-TRIP-458-1,TRIP-45803a-2,2025-09-11 16:37:38,SPEEDING,1.5,3,NONE
EVT-TRIP-458-2,TRIP-45803a-2,2025-09-11 16:37:48,SPEEDING,1.05,1,CALL
EVT-TRIP-458-3,TRIP-45803a-2,2025-09-11 16:37:58,DISTRACTION,1.35,4,NONE
EVT-TRIP-458-4,TRIP-45803a-2,2025-09-11 16:38:08,SPEEDING,1.17,4,CALL
EVT-TRIP-232-0,TRIP-232981-0,2025-09-11 16:37:28,SPEEDING,1.07,4,APP
EVT-TRIP-232-1,TRIP-232981-0,2025-09-11 16:37:38,DISTRACTION,0.52,4,CALL
EVT-TRIP-232-2,TRIP-232981-0,2025-09-11 16:37:48,SPEEDING,1.49,4,NONE
EVT-TRIP-232-3,TRIP-232981-0,2025-09-11 16:37:58,DISTRACTION,1.28,1,APP
EVT-TRIP-232-0,TRIP-232981-1,2025-09-11 16:37:28,HARD_BRAKE,0.94,1,CALL
EVT-TRIP-232-1,TRIP-232981-1,2025-09-11 16:37:38,DISTRACTION,1.32,2,CALL
EVT-TRIP-232-2,TRIP-232981-1,2025-09-11 16:37:48,DISTRACTION,0.58,3,NONE
EVT-TRIP-232-3,TRIP-232981-1,2025-09-11 16:37:58,SPEEDING,1.46,1,NONE
EVT-TRIP-232-4,TRIP-232981-1,2025-09-11 16:38:08,HARD_BRAKE,0.93,3,NONE
EVT-TRIP-232-0,TRIP-232981-2,2025-09-11 16:37:28,SPEEDING,1.31,5,NONE
EVT-TRIP-232-1,TRIP-232981-2,2025-09-11 16:37:38,DISTRACTION,0.58,1,APP
EVT-TRIP-232-2,TRIP-232981-2,2025-09-11 16:37:48,SPEEDING,1.05,3,NONE
EVT-TRIP-232-3,TRIP-232981-2,2025-09-11 16:37:58,DISTRACTION,1.42,5,APP
EVT-TRIP-232-4,TRIP-232981-2,2025-09-11 16:38:08,SPEEDING,1.19,5,NONE
EVT-TRIP-f93-0,TRIP-f93977-0,2025-09-11 16:37:28,HARD_BRAKE,1.38,5,TEXT
EVT-TRIP-f93-1,TRIP-f93977-0,2025-09-11 16:37:38,SPEEDING,1.04,3,NONE
EVT-TRIP-f93-0,TRIP-f93977-1,2025-09-11 16:37:28,SPEEDING,1.45,4,TEXT
EVT-TRIP-f93-1,TRIP-f93977-1,2025-09-11 16:37:38,SPEEDING,0.74,3,NONE
EVT-TRIP-f93-2,TRIP-f93977-1,2025-09-11 16:37:48,DISTRACTION,1.34,1,TEXT
EVT-TRIP-f93-3,TRIP-f93977-1,2025-09-11 16:37:58,HARD_BRAKE,0.93,3,TEXT
EVT-TRIP-f93-0,TRIP-f93977-2,2025-09-11 16:37:28,HARD_BRAKE,1.23,4,APP
EVT-TRIP-f93-1,TRIP-f93977-2,2025-09-11 16:37:38,DISTRACTION,0.56,1,CALL
EVT-TRIP-f93-2,TRIP-f93977-2,2025-09-11 16:37:48,SPEEDING,1.26,1,TEXT
EVT-TRIP-ce3-0,TRIP-ce3a27-0,2025-09-11 16:37:28,HARD_BRAKE,1.45,5,CALL
EVT-TRIP-ce3-1,TRIP-ce3a27-0,2025-09-11 16:37:38,HARD_BRAKE,0.64,3,CALL
EVT-TRIP-ce3-0,TRIP-ce3a27-1,2025-09-11 16:37:28,SPEEDING,0.5,5,CALL
EVT-TRIP-ce3-1,TRIP-ce3a27-1,2025-09-11 16:37:38,SPEEDING,1.4,2,APP
EVT-TRIP-ce3-2,TRIP-ce3a27-1,2025-09-11 16:37:48,HARD_BRAKE,1.07,4,TEXT
EVT-TRIP-ce3-3,TRIP-ce3a27-1,2025-09-11 16:37:58,HARD_BRAKE,0.81,4,CALL
EVT-TRIP-ce3-0,TRIP-ce3a27-2,2025-09-11 16:37:28,SPEEDING,1.46,5,TEXT
EVT-TRIP-ce3-1,TRIP-ce3a27-2,2025-09-11 16:37:38,SPEEDING,0.67,4,APP
EVT-TRIP-ce3-2,TRIP-ce3a27-2,2025-09-11 16:37:48,SPEEDING,0.79,3,APP
EVT-TRIP-ce3-3,TRIP-ce3a27-2,2025-09-11 16:37:58,HARD_BRAKE,1.1,2,NONE
EVT-TRIP-ce3-4,TRIP-ce3a27-2,2025-09-11 16:38:08,DISTRACTION,1.28,2,APP
EVT-TRIP-8d4-0,TRIP-8d4a01-0,2025-09-11 16:37:28,SPEEDING,1.04,4,NONE
EVT-TRIP-8d4-1,TRIP-8d4a01-0,2025-09-11 16:37:38,HARD_BRAKE,0.53,2,NONE
EVT-TRIP-8d4-2,TRIP-8d4a01-0,2025-09-11 16:37:48,HARD_BRAKE,1.36,2,NONE
EVT-TRIP-8d4-3,TRIP-8d4a01-0,2025-09-11 16:37:58,DISTRACTION,0.61,1,NONE
EVT-TRIP-8d4-4,TRIP-8d4a01-0,2025-09-11 16:38:08,SPEEDING,0.91,3,CALL
EVT-TRIP-8d4-0,TRIP-8d4a01-1,2025-09-11 16:37:28,SPEEDING,1.45,1,CALL
EVT-TRIP-8d4-1,TRIP-8d4a01-1,2025-09-11 16:37:38,HARD_BRAKE,0.71,5,TEXT
EVT-TRIP-8d4-2,TRIP-8d4a01-1,2025-09-11 16:37:48,HARD_BRAKE,1.09,2,CALL
EVT-TRIP-8d4-3,TRIP-8d4a01-1,2025-09-11 16:37:58,HARD_BRAKE,1.47,3,NONE
EVT-TRIP-8d4-4,TRIP-8d4a01-1,2025-09-11 16:38:08,DISTRACTION,0.6,1,APP
EVT-TRIP-8d4-0,TRIP-8d4a01-2,2025-09-11 16:37:28,DISTRACTION,0.81,1,CALL
EVT-TRIP-8d4-1,TRIP-8d4a01-2,2025-09-11 16:37:38,SPEEDING,0.87,3,TEXT
EVT-TRIP-cb5-0,TRIP-cb52d7-0,2025-09-11 16:37:28,SPEEDING,1.06,2,TEXT
EVT-TRIP-cb5-1,TRIP-cb52d7-0,2025-09-11 16:37:38,DISTRACTION,0.56,2,TEXT
EVT-TRIP-cb5-2,TRIP-cb52d7-0,2025-09-11 16:37:48,SPEEDING,0.96,2,TEXT
EVT-TRIP-cb5-0,TRIP-cb52d7-1,2025-09-11 16:37:28,DISTRACTION,0.86,5,CALL
EVT-TRIP-cb5-1,TRIP-cb52d7-1,2025-09-11 16:37:38,HARD_BRAKE,0.51,3,TEXT
EVT-TRIP-cb5-2,TRIP-cb52d7-1,2025-09-11 16:37:48,SPEEDING,1.47,5,TEXT
EVT-TRIP-cb5-0,TRIP-cb52d7-2,2025-09-11 16:37:28,HARD_BRAKE,1.25,4,APP
EVT-TRIP-cb5-1,TRIP-cb52d7-2,2025-09-11 16:37:38,DISTRACTION,0.97,2,TEXT
EVT-TRIP-cb5-2,TRIP-cb52d7-2,2025-09-11 16:37:48,DISTRACTION,1.2,5,NONE
EVT-TRIP-cb5-3,TRIP-cb52d7-2,2025-09-11 16:37:58,DISTRACTION,0.82,1,CALL
EVT-TRIP-e39-0,TRIP-e39887-0,2025-09-11 16:37:28,SPEEDING,1.45,4,APP
EVT-TRIP-e39-1,TRIP-e39887-0,2025-09-11 16:37:38,DISTRACTION,0.83,4,TEXT
EVT-TRIP-e39-2,TRIP-e39887-0,2025-09-11 16:37:48,HARD_BRAKE,0.83,3,NONE
EVT-TRIP-e39-0,TRIP-e39887-1,2025-09-11 16:37:28,HARD_BRAKE,0.95,3,APP
EVT-TRIP-e39-1,TRIP-e39887-1,2025-09-11 16:37:38,DISTRACTION,0.62,4,NONE
EVT-TRIP-e39-2,TRIP-e39887-1,2025-09-11 16:37:48,HARD_BRAKE,0.83,1,TEXT
EVT-TRIP-e39-3,TRIP-e39887-1,2025-09-11 16:37:58,HARD_BRAKE,1.05,4,TEXT
EVT-TRIP-e39-0,TRIP-e39887-2,2025-09-11 16:37:28,SPEEDING,0.74,4,APP
EVT-TRIP-e39-1,TRIP-e39887-2,2025-09-11 16:37:38,DISTRACTION,1.5,3,NONE
EVT-TRIP-e39-2,TRIP-e39887-2,2025-09-11 16:37:48,HARD_BRAKE,1.02,1,NONE
EVT-TRIP-366-0,TRIP-366013-0,2025-09-11 16:37:28,SPEEDING,0.85,4,APP
EVT-TRIP-366-1,TRIP-366013-0,2025-09-11 16:37:38,HARD_BRAKE,1.32,5,CALL
EVT-TRIP-366-2,TRIP-366013-0,2025-09-11 16:37:48,SPEEDING,0.94,4,NONE
EVT-TRIP-366-3,TRIP-366013-0,2025-09-11 16:37:58,DISTRACTION,0.92,3,NONE
EVT-TRIP-366-4,TRIP-366013-0,2025-09-11 16:38:08,DISTRACTION,1.28,2,TEXT
EVT-TRIP-366-0,TRIP-366013-1,2025-09-11 16:37:28,SPEEDING,1.31,5,TEXT
EVT-TRIP-366-1,TRIP-366013-1,2025-09-11 16:37:38,DISTRACTION,1.01,5,NONE
EVT-TRIP-366-0,TRIP-366013-2,2025-09-11 16:37:28,HARD_BRAKE,1.12,5,CALL
EVT-TRIP-366-1,TRIP-366013-2,2025-09-11 16:37:38,DISTRACTION,1.09,3,APP
EVT-TRIP-366-2,TRIP-366013-2,2025-09-11 16:37:48,HARD_BRAKE,1.45,5,CALL
EVT-TRIP-366-3,TRIP-366013-2,2025-09-11 16:37:58,DISTRACTION,1.04,5,CALL
EVT-TRIP-366-4,TRIP-366013-2,2025-09-11 16:38:08,DISTRACTION,0.67,4,NONE
EVT-TRIP-cf8-0,TRIP-cf8f4d-0,2025-09-11 16:37:28,HARD_BRAKE,1.19,5,TEXT
EVT-TRIP-cf8-1,TRIP-cf8f4d-0,2025-09-11 16:37:38,HARD_BRAKE,1.26,3,CALL
EVT-TRIP-cf8-2,TRIP-cf8f4d-0,2025-09-11 16:37:48,SPEEDING,1.47,4,APP
EVT-TRIP-cf8-0,TRIP-cf8f4d-1,2025-09-11 16:37:28,DISTRACTION,1.08,3,CALL
EVT-TRIP-cf8-1,TRIP-cf8f4d-1,2025-09-11 16:37:38,HARD_BRAKE,0.71,2,APP
EVT-TRIP-cf8-2,TRIP-cf8f4d-1,2025-09-11 16:37:48,SPEEDING,0.55,2,CALL
EVT-TRIP-cf8-3,TRIP-cf8f4d-1,2025-09-11 16:37:58,DISTRACTION,1.47,4,CALL
EVT-TRIP-cf8-0,TRIP-cf8f4d-2,2025-09-11 16:37:28,DISTRACTION,1.36,4,CALL
EVT-TRIP-cf8-1,TRIP-cf8f4d-2,2025-09-11 16:37:38,DISTRACTION,0.56,4,TEXT
EVT-TRIP-6d8-0,TRIP-6d8ef2-0,2025-09-11 16:37:28,HARD_BRAKE,1.42,1,NONE
EVT-TRIP-6d8-1,TRIP-6d8ef2-0,2025-09-11 16:37:38,HARD_BRAKE,1.26,4,TEXT
EVT-TRIP-6d8-2,TRIP-6d8ef2-0,2025-09-11 16:37:48,HARD_BRAKE,0.77,2,NONE
EVT-TRIP-6d8-0,TRIP-6d8ef2-1,2025-09-11 16:37:28,SPEEDING,1.42,3,APP
EVT-TRIP-6d8-1,TRIP-6d8ef2-1,2025-09-11 16:37:38,DISTRACTION,1.46,3,CALL
EVT-TRIP-6d8-0,TRIP-6d8ef2-2,2025-09-11 16:37:28,SPEEDING,1.38,5,TEXT
EVT-TRIP-6d8-1,TRIP-6d8ef2-2,2025-09-11 16:37:38,DISTRACTION,1.46,3,CALL
EVT-TRIP-6d8-2,TRIP-6d8ef2-2,2025-09-11 16:37:48,SPEEDING,1.29,5,NONE
EVT-TRIP-6d8-3,TRIP-6d8ef2-2,2025-09-11 16:37:58,DISTRACTION,0.72,1,APP
EVT-TRIP-6d8-4,TRIP-6d8ef2-2,2025-09-11 16:38:08,DISTRACTION,0.87,3,TEXT
EVT-TRIP-470-0,TRIP-470759-0,2025-09-11 16:37:28,DISTRACTION,1.08,2,CALL
EVT-TRIP-470-1,TRIP-470759-0,2025-09-11 16:37:38,HARD_BRAKE,1.47,1,CALL
EVT-TRIP-470-0,TRIP-470759-1,2025-09-11 16:37:28,HARD_BRAKE,0.84,3,APP
EVT-TRIP-470-1,TRIP-470759-1,2025-09-11 16:37:38,DISTRACTION,0.74,4,APP
EVT-TRIP-470-2,TRIP-470759-1,2025-09-11 16:37:48,SPEEDING,1.23,4,TEXT
EVT-TRIP-470-3,TRIP-470759-1,2025-09-11 16:37:58,SPEEDING,1.44,2,TEXT
EVT-TRIP-470-0,TRIP-470759-2,2025-09-11 16:37:28,HARD_BRAKE,1.46,3,TEXT
EVT-TRIP-470-1,TRIP-470759-2,2025-09-11 16:37:38,DISTRACTION,0.82,1,NONE
EVT-TRIP-470-2,TRIP-470759-2,2025-09-11 16:37:48,SPEEDING,0.8,4,APP
EVT-TRIP-470-3,TRIP-470759-2,2025-09-11 16:37:58,DISTRACTION,1.27,5,TEXT
EVT-TRIP-470-4,TRIP-470759-2,2025-09-11 16:38:08,DISTRACTION,0.91,2,APP
EVT-TRIP-4db-0,TRIP-4db8ff-0,2025-09-11 16:37:28,SPEEDING,0.94,4,APP
EVT-TRIP-4db-1,TRIP-4db8ff-0,2025-09-11 16:37:38,DISTRACTION,0.81,2,NONE
EVT-TRIP-4db-2,TRIP-4db8ff-0,2025-09-11 16:37:48,DISTRACTION,1.2,4,APP
EVT-TRIP-4db-3,TRIP-4db8ff-0,2025-09-11 16:37:58,HARD_BRAKE,1.24,1,APP
EVT-TRIP-4db-0,TRIP-4db8ff-1,2025-09-11 16:37:28,SPEEDING,0.73,5,APP
EVT-TRIP-4db-1,TRIP-4db8ff-1,2025-09-11 16:37:38,DISTRACTION,1.0,2,NONE
EVT-TRIP-4db-2,TRIP-4db8ff-1,2025-09-11 16:37:48,SPEEDING,0.88,1,CALL
EVT-TRIP-4db-0,TRIP-4db8ff-2,2025-09-11 16:37:28,HARD_BRAKE,1.39,1,APP
EVT-TRIP-4db-1,TRIP-4db8ff-2,2025-09-11 16:37:38,HARD_BRAKE,1.18,4,APP
EVT-TRIP-4db-2,TRIP-4db8ff-2,2025-09-11 16:37:48,DISTRACTION,1.47,5,APP
EVT-TRIP-4db-3,TRIP-4db8ff-2,2025-09-11 16:37:58,HARD_BRAKE,1.09,2,TEXT
EVT-TRIP-4db-4,TRIP-4db8ff-2,2025-09-11 16:38:08,HARD_BRAKE,1.05,1,TEXT
EVT-TRIP-dd0-0,TRIP-dd08a9-0,2025-09-11 16:37:28,DISTRACTION,0.98,3,CALL
EVT-TRIP-dd0-1,TRIP-dd08a9-0,2025-09-11 16:37:38,SPEEDING,0.56,5,NONE
EVT-TRIP-dd0-2,TRIP-dd08a9-0,2025-09-11 16:37:48,DISTRACTION,1.09,1,CALL
EVT-TRIP-dd0-3,TRIP-dd08a9-0,2025-09-11 16:37:58,SPEEDING,0.91,1,CALL
EVT-TRIP-dd0-0,TRIP-dd08a9-1,2025-09-11 16:37:28,SPEEDING,0.98,5,APP
EVT-TRIP-dd0-1,TRIP-dd08a9-1,2025-09-11 16:37:38,DISTRACTION,1.17,5,CALL
EVT-TRIP-dd0-2,TRIP-dd08a9-1,2025-09-11 16:37:48,SPEEDING,0.81,3,CALL
EVT-TRIP-dd0-3,TRIP-dd08a9-1,2025-09-11 16:37:58,HARD_BRAKE,1.43,5,APP
EVT-TRIP-dd0-0,TRIP-dd08a9-2,2025-09-11 16:37:28,HARD_BRAKE,0.62,3,TEXT
EVT-TRIP-dd0-1,TRIP-dd08a9-2,2025-09-11 16:37:38,SPEEDING,1.17,5,NONE
EVT-TRIP-dd0-2,TRIP-dd08a9-2,2025-09-11 16:37:48,SPEEDING,1.16,3,CALL
EVT-TRIP-dd0-3,TRIP-dd08a9-2,2025-09-11 16:37:58,DISTRACTION,0.96,4,NONE
EVT-TRIP-dd0-4,TRIP-dd08a9-2,2025-09-11 16:38:08,SPEEDING,1.37,1,APP
EVT-TRIP-9dd-0,TRIP-9dd626-0,2025-09-11 16:37:28,DISTRACTION,1.06,4,CALL
EVT-TRIP-9dd-1,TRIP-9dd626-0,2025-09-11 16:37:38,DISTRACTION,1.34,4,NONE
EVT-TRIP-9dd-0,TRIP-9dd626-1,2025-09-11 16:37:28,SPEEDING,0.94,3,TEXT
EVT-TRIP-9dd-1,TRIP-9dd626-1,2025-09-11 16:37:38,DISTRACTION,0.6,4,APP
EVT-TRIP-9dd-0,TRIP-9dd626-2,2025-09-11 16:37:28,DISTRACTION,0.5,1,APP
EVT-TRIP-9dd-1,TRIP-9dd626-2,2025-09-11 16:37:38,DISTRACTION,1.31,4,APP
EVT-TRIP-9dd-2,TRIP-9dd626-2,2025-09-11 16:37:48,SPEEDING,0.97,4,CALL
EVT-TRIP-9dd-3,TRIP-9dd626-2,2025-09-11 16:37:58,HARD_BRAKE,0.6,4,CALL
EVT-TRIP-9dd-4,TRIP-9dd626-2,2025-09-11 16:38:08,SPEEDING,0.99,1,CALL
EVT-TRIP-576-0,TRIP-57642a-0,2025-09-11 16:37:28,HARD_BRAKE,0.62,2,CALL
EVT-TRIP-576-1,TRIP-57642a-0,2025-09-11 16:37:38,SPEEDING,1.49,5,CALL
EVT-TRIP-576-0,TRIP-57642a-1,2025-09-11 16:37:28,DISTRACTION,0.72,4,TEXT
EVT-TRIP-576-1,TRIP-57642a-1,2025-09-11 16:37:38,DISTRACTION,1.3,1,NONE
EVT-TRIP-576-2,TRIP-57642a-1,2025-09-11 16:37:48,SPEEDING,0.7,3,APP
EVT-TRIP-576-3,TRIP-57642a-1,2025-09-11 16:37:58,DISTRACTION,0.74,3,APP
EVT-TRIP-576-4,TRIP-57642a-1,2025-09-11 16:38:08,HARD_BRAKE,0.84,3,CALL
EVT-TRIP-576-0,TRIP-57642a-2,2025-09-11 16:37:28,SPEEDING,1.18,3,TEXT
EVT-TRIP-576-1,TRIP-57642a-2,2025-09-11 16:37:38,SPEEDING,1.45,3,CALL
EVT-TRIP-761-0,TRIP-7619aa-0,2025-09-11 16:37:28,SPEEDING,1.47,4,APP
EVT-TRIP-761-1,TRIP-7619aa-0,2025-09-11 16:37:38,HARD_BRAKE,0.59,3,TEXT
EVT-TRIP-761-0,TRIP-7619aa-1,2025-09-11 16:37:28,SPEEDING,0.97,4,APP
EVT-TRIP-761-1,TRIP-7619aa-1,2025-09-11 16:37:38,HARD_BRAKE,1.11,4,NONE
EVT-TRIP-761-2,TRIP-7619aa-1,2025-09-11 16:37:48,SPEEDING,0.92,2,NONE
EVT-TRIP-761-3,TRIP-7619aa-1,2025-09-11 16:37:58,HARD_BRAKE,0.61,3,APP
EVT-TRIP-761-0,TRIP-7619aa-2,2025-09-11 16:37:28,HARD_BRAKE,1.0,2,APP
EVT-TRIP-761-1,TRIP-7619aa-2,2025-09-11 16:37:38,HARD_BRAKE,1.18,2,NONE
EVT-TRIP-761-2,TRIP-7619aa-2,2025-09-11 16:37:48,SPEEDING,0.97,5,APP
EVT-TRIP-8ee-0,TRIP-8ee14e-0,2025-09-11 16:37:28,DISTRACTION,0.88,5,NONE
EVT-TRIP-8ee-1,TRIP-8ee14e-0,2025-09-11 16:37:38,DISTRACTION,0.6,4,APP
EVT-TRIP-8ee-2,TRIP-8ee14e-0,2025-09-11 16:37:48,HARD_BRAKE,1.43,3,APP
EVT-TRIP-8ee-0,TRIP-8ee14e-1,2025-09-11 16:37:28,DISTRACTION,0.83,4,TEXT
EVT-TRIP-8ee-1,TRIP-8ee14e-1,2025-09-11 16:37:38,SPEEDING,1.36,5,NONE
EVT-TRIP-8ee-2,TRIP-8ee14e-1,2025-09-11 16:37:48,DISTRACTION,1.15,3,APP
EVT-TRIP-8ee-3,TRIP-8ee14e-1,2025-09-11 16:37:58,DISTRACTION,0.88,4,APP
EVT-TRIP-8ee-4,TRIP-8ee14e-1,2025-09-11 16:38:08,SPEEDING,1.4,2,NONE
EVT-TRIP-8ee-0,TRIP-8ee14e-2,2025-09-11 16:37:28,DISTRACTION,1.46,2,APP
EVT-TRIP-8ee-1,TRIP-8ee14e-2,2025-09-11 16:37:38,HARD_BRAKE,1.34,5,NONE
EVT-TRIP-a10-0,TRIP-a1026f-0,2025-09-11 16:37:28,DISTRACTION,0.76,3,NONE
EVT-TRIP-a10-1,TRIP-a1026f-0,2025-09-11 16:37:38,HARD_BRAKE,0.99,5,CALL
EVT-TRIP-a10-2,TRIP-a1026f-0,2025-09-11 16:37:48,DISTRACTION,0.8,4,TEXT
EVT-TRIP-a10-3,TRIP-a1026f-0,2025-09-11 16:37:58,SPEEDING,0.9,4,TEXT
EVT-TRIP-a10-4,TRIP-a1026f-0,2025-09-11 16:38:08,SPEEDING,0.84,2,CALL
EVT-TRIP-a10-0,TRIP-a1026f-1,2025-09-11 16:37:28,DISTRACTION,1.28,2,NONE
EVT-TRIP-a10-1,TRIP-a1026f-1,2025-09-11 16:37:38,SPEEDING,0.64,5,CALL
EVT-TRIP-a10-0,TRIP-a1026f-2,2025-09-11 16:37:28,DISTRACTION,0.74,1,NONE
EVT-TRIP-a10-1,TRIP-a1026f-2,2025-09-11 16:37:38,SPEEDING,0.96,3,TEXT
EVT-TRIP-a10-2,TRIP-a1026f-2,2025-09-11 16:37:48,DISTRACTION,1.22,4,APP
EVT-TRIP-a10-3,TRIP-a1026f-2,2025-09-11 16:37:58,HARD_BRAKE,0.61,1,NONE
EVT-TRIP-967-0,TRIP-967cb0-0,2025-09-11 16:37:28,DISTRACTION,1.45,1,APP
EVT-TRIP-967-1,TRIP-967cb0-0,2025-09-11 16:37:38,DISTRACTION,1.07,5,TEXT
EVT-TRIP-967-0,TRIP-967cb0-1,2025-09-11 16:37:28,DISTRACTION,0.75,4,TEXT
EVT-TRIP-967-1,TRIP-967cb0-1,2025-09-11 16:37:38,SPEEDING,1.16,1,NONE
EVT-TRIP-967-2,TRIP-967cb0-1,2025-09-11 16:37:48,HARD_BRAKE,0.89,4,TEXT
EVT-TRIP-967-0,TRIP-967cb0-2,2025-09-11 16:37:28,HARD_BRAKE,0.7,2,TEXT
EVT-TRIP-967-1,TRIP-967cb0-2,2025-09-11 16:37:38,HARD_BRAKE,0.99,2,CALL
EVT-TRIP-93b-0,TRIP-93b6d0-0,2025-09-11 16:37:28,HARD_BRAKE,0.52,5,NONE
EVT-TRIP-93b-1,TRIP-93b6d0-0,2025-09-11 16:37:38,HARD_BRAKE,0.58,2,CALL
EVT-TRIP-93b-2,TRIP-93b6d0-0,2025-09-11 16:37:48,HARD_BRAKE,1.08,3,CALL
EVT-TRIP-93b-3,TRIP-93b6d0-0,2025-09-11 16:37:58,HARD_BRAKE,0.71,5,NONE
EVT-TRIP-93b-4,TRIP-93b6d0-0,2025-09-11 16:38:08,SPEEDING,1.31,4,CALL
EVT-TRIP-93b-0,TRIP-93b6d0-1,2025-09-11 16:37:28,DISTRACTION,1.43,4,CALL
EVT-TRIP-93b-1,TRIP-93b6d0-1,2025-09-11 16:37:38,HARD_BRAKE,0.95,5,CALL
EVT-TRIP-93b-2,TRIP-93b6d0-1,2025-09-11 16:37:48,HARD_BRAKE,1.16,3,APP
EVT-TRIP-93b-3,TRIP-93b6d0-1,2025-09-11 16:37:58,DISTRACTION,1.32,5,CALL
EVT-TRIP-93b-4,TRIP-93b6d0-1,2025-09-11 16:38:08,HARD_BRAKE,1.39,4,TEXT
EVT-TRIP-93b-0,TRIP-93b6d0-2,2025-09-11 16:37:28,DISTRACTION,0.62,5,TEXT
EVT-TRIP-93b-1,TRIP-93b6d0-2,2025-09-11 16:37:38,SPEEDING,0.95,4,NONE
EVT-TRIP-b34-0,TRIP-b341f9-0,2025-09-11 16:37:28,HARD_BRAKE,0.7,1,CALL
EVT-TRIP-b34-1,TRIP-b341f9-0,2025-09-11 16:37:38,SPEEDING,1.1,3,APP
EVT-TRIP-b34-2,TRIP-b341f9-0,2025-09-11 16:37:48,SPEEDING,1.19,2,APP
EVT-TRIP-b34-3,TRIP-b341f9-0,2025-09-11 16:37:58,HARD_BRAKE,1.02,5,CALL
EVT-TRIP-b34-4,TRIP-b341f9-0,2025-09-11 16:38:08,SPEEDING,0.72,1,CALL
EVT-TRIP-b34-0,TRIP-b341f9-1,2025-09-11 16:37:28,DISTRACTION,1.25,2,NONE
EVT-TRIP-b34-1,TRIP-b341f9-1,2025-09-11 16:37:38,DISTRACTION,1.25,3,CALL
EVT-TRIP-b34-0,TRIP-b341f9-2,2025-09-11 16:37:28,HARD_BRAKE,0.54,1,CALL
EVT-TRIP-b34-1,TRIP-b341f9-2,2025-09-11 16:37:38,DISTRACTION,0.62,4,NONE
EVT-TRIP-b34-2,TRIP-b341f9-2,2025-09-11 16:37:48,SPEEDING,1.17,4,NONE
EVT-TRIP-b34-3,TRIP-b341f9-2,2025-09-11 16:37:58,DISTRACTION,1.34,5,TEXT
EVT-TRIP-8ae-0,TRIP-8ae25e-0,2025-09-11 16:37:28,SPEEDING,0.93,1,TEXT
EVT-TRIP-8ae-1,TRIP-8ae25e-0,2025-09-11 16:37:38,DISTRACTION,1.44,2,APP
EVT-TRIP-8ae-0,TRIP-8ae25e-1,2025-09-11 16:37:28,DISTRACTION,0.8,3,NONE
EVT-TRIP-8ae-1,TRIP-8ae25e-1,2025-09-11 16:37:38,SPEEDING,0.75,2,NONE
EVT-TRIP-8ae-2,TRIP-8ae25e-1,2025-09-11 16:37:48,DISTRACTION,0.95,2,NONE
EVT-TRIP-8ae-0,TRIP-8ae25e-2,2025-09-11 16:37:28,SPEEDING,0.72,4,NONE
EVT-TRIP-8ae-1,TRIP-8ae25e-2,2025-09-11 16:37:38,SPEEDING,1.32,5,APP
EVT-TRIP-8ae-2,TRIP-8ae25e-2,2025-09-11 16:37:48,DISTRACTION,1.4,4,APP
EVT-TRIP-8ae-3,TRIP-8ae25e-2,2025-09-11 16:37:58,SPEEDING,0.76,4,CALL
EVT-TRIP-8ae-4,TRIP-8ae25e-2,2025-09-11 16:38:08,DISTRACTION,1.01,1,APP
EVT-TRIP-c21-0,TRIP-c212e5-0,2025-09-11 16:37:28,HARD_BRAKE,1.3,4,NONE
EVT-TRIP-c21-1,TRIP-c212e5-0,2025-09-11 16:37:38,HARD_BRAKE,0.94,3,NONE
EVT-TRIP-c21-2,TRIP-c212e5-0,2025-09-11 16:37:48,HARD_BRAKE,0.76,5,CALL
EVT-TRIP-c21-0,TRIP-c212e5-1,2025-09-11 16:37:28,SPEEDING,1.08,4,TEXT
EVT-TRIP-c21-1,TRIP-c212e5-1,2025-09-11 16:37:38,HARD_BRAKE,1.05,4,TEXT
EVT-TRIP-c21-0,TRIP-c212e5-2,2025-09-11 16:37:28,HARD_BRAKE,0.99,5,NONE
EVT-TRIP-c21-1,TRIP-c212e5-2,2025-09-11 16:37:38,SPEEDING,1.07,5,TEXT
EVT-TRIP-c21-2,TRIP-c212e5-2,2025-09-11 16:37:48,DISTRACTION,0.8,5,NONE
EVT-TRIP-37e-0,TRIP-37e6e7-0,2025-09-11 16:37:28,DISTRACTION,1.22,4,TEXT
EVT-TRIP-37e-1,TRIP-37e6e7-0,2025-09-11 16:37:38,DISTRACTION,0.73,2,APP
EVT-TRIP-37e-2,TRIP-37e6e7-0,2025-09-11 16:37:48,SPEEDING,0.51,3,TEXT
EVT-TRIP-37e-0,TRIP-37e6e7-1,2025-09-11 16:37:28,DISTRACTION,0.55,1,CALL
EVT-TRIP-37e-1,TRIP-37e6e7-1,2025-09-11 16:37:38,SPEEDING,0.77,3,TEXT
EVT-TRIP-37e-2,TRIP-37e6e7-1,2025-09-11 16:37:48,DISTRACTION,1.14,1,APP
EVT-TRIP-37e-3,TRIP-37e6e7-1,2025-09-11 16:37:58,HARD_BRAKE,0.52,1,CALL
EVT-TRIP-37e-0,TRIP-37e6e7-2,2025-09-11 16:37:28,SPEEDING,0.89,3,APP
EVT-TRIP-37e-1,TRIP-37e6e7-2,2025-09-11 16:37:38,DISTRACTION,0.8,4,NONE
EVT-TRIP-2fa-0,TRIP-2fa87d-0,2025-09-11 16:37:28,HARD_BRAKE,0.65,3,APP
EVT-TRIP-2fa-1,TRIP-2fa87d-0,2025-09-11 16:37:38,DISTRACTION,1.4,4,CALL
EVT-TRIP-2fa-2,TRIP-2fa87d-0,2025-09-11 16:37:48,SPEEDING,1.31,5,NONE
EVT-TRIP-2fa-3,TRIP-2fa87d-0,2025-09-11 16:37:58,DISTRACTION,1.18,2,CALL
EVT-TRIP-2fa-4,TRIP-2fa87d-0,2025-09-11 16:38:08,SPEEDING,1.13,3,CALL
EVT-TRIP-2fa-0,TRIP-2fa87d-1,2025-09-11 16:37:28,HARD_BRAKE,0.76,3,CALL
EVT-TRIP-2fa-1,TRIP-2fa87d-1,2025-09-11 16:37:38,SPEEDING,1.5,1,NONE
EVT-TRIP-2fa-0,TRIP-2fa87d-2,2025-09-11 16:37:28,DISTRACTION,0.91,5,CALL
EVT-TRIP-2fa-1,TRIP-2fa87d-2,2025-09-11 16:37:38,HARD_BRAKE,0.98,5,APP
EVT-TRIP-2fa-2,TRIP-2fa87d-2,2025-09-11 16:37:48,HARD_BRAKE,0.74,3,NONE
EVT-TRIP-2fa-3,TRIP-2fa87d-2,2025-09-11 16:37:58,SPEEDING,1.21,2,APP
EVT-TRIP-2fa-4,TRIP-2fa87d-2,2025-09-11 16:38:08,DISTRACTION,0.67,2,NONE
EVT-TRIP-ad9-0,TRIP-ad9ff6-0,2025-09-11 16:37:28,HARD_BRAKE,1.31,1,CALL
EVT-TRIP-ad9-1,TRIP-ad9ff6-0,2025-09-11 16:37:38,DISTRACTION,1.18,2,TEXT
EVT-TRIP-ad9-0,TRIP-ad9ff6-1,2025-09-11 16:37:28,SPEEDING,1.39,2,CALL
EVT-TRIP-ad9-1,TRIP-ad9ff6-1,2025-09-11 16:37:38,SPEEDING,0.78,4,TEXT
EVT-TRIP-ad9-0,TRIP-ad9ff6-2,2025-09-11 16:37:28,SPEEDING,1.17,1,APP
EVT-TRIP-ad9-1,TRIP-ad9ff6-2,2025-09-11 16:37:38,SPEEDING,0.52,2,NONE
EVT-TRIP-ad9-2,TRIP-ad9ff6-2,2025-09-11 16:37:48,DISTRACTION,1.17,2,APP
EVT-TRIP-c99-0,TRIP-c99f2f-0,2025-09-11 16:37:28,HARD_BRAKE,1.03,3,NONE
EVT-TRIP-c99-1,TRIP-c99f2f-0,2025-09-11 16:37:38,DISTRACTION,1.06,5,CALL
EVT-TRIP-c99-0,TRIP-c99f2f-1,2025-09-11 16:37:28,DISTRACTION,0.52,1,TEXT
EVT-TRIP-c99-1,TRIP-c99f2f-1,2025-09-11 16:37:38,HARD_BRAKE,0.93,4,APP
EVT-TRIP-c99-2,TRIP-c99f2f-1,2025-09-11 16:37:48,DISTRACTION,0.85,3,NONE
EVT-TRIP-c99-0,TRIP-c99f2f-2,2025-09-11 16:37:28,HARD_BRAKE,0.78,4,APP
EVT-TRIP-c99-1,TRIP-c99f2f-2,2025-09-11 16:37:38,DISTRACTION,0.7,5,APP
EVT-TRIP-c99-2,TRIP-c99f2f-2,2025-09-11 16:37:48,HARD_BRAKE,1.39,5,NONE
EVT-TRIP-c99-3,TRIP-c99f2f-2,2025-09-11 16:37:58,HARD_BRAKE,0.82,3,CALL
EVT-TRIP-c99-4,TRIP-c99f2f-2,2025-09-11 16:38:08,HARD_BRAKE,1.36,2,APP
EVT-TRIP-7bb-0,TRIP-7bb9c0-0,2025-09-11 16:37:28,DISTRACTION,1.13,1,CALL
EVT-TRIP-7bb-1,TRIP-7bb9c0-0,2025-09-11 16:37:38,HARD_BRAKE,0.79,5,TEXT
EVT-TRIP-7bb-0,TRIP-7bb9c0-1,2025-09-11 16:37:28,DISTRACTION,0.5,3,CALL
EVT-TRIP-7bb-1,TRIP-7bb9c0-1,2025-09-11 16:37:38,DISTRACTION,1.37,5,NONE
EVT-TRIP-7bb-2,TRIP-7bb9c0-1,2025-09-11 16:37:48,HARD_BRAKE,0.51,4,TEXT
EVT-TRIP-7bb-3,TRIP-7bb9c0-1,2025-09-11 16:37:58,DISTRACTION,1.11,4,CALL
EVT-TRIP-7bb-0,TRIP-7bb9c0-2,2025-09-11 16:37:28,HARD_BRAKE,1.08,4,APP
EVT-TRIP-7bb-1,TRIP-7bb9c0-2,2025-09-11 16:37:38,DISTRACTION,1.01,2,APP
EVT-TRIP-7bb-2,TRIP-7bb9c0-2,2025-09-11 16:37:48,HARD_BRAKE,1.36,2,NONE
EVT-TRIP-7bb-3,TRIP-7bb9c0-2,2025-09-11 16:37:58,SPEEDING,0.9,4,NONE
EVT-TRIP-8d4-0,TRIP-8d40f1-0,2025-09-11 16:37:28,DISTRACTION,0.88,3,APP
EVT-TRIP-8d4-1,TRIP-8d40f1-0,2025-09-11 16:37:38,DISTRACTION,1.32,4,NONE
EVT-TRIP-8d4-0,TRIP-8d40f1-1,2025-09-11 16:37:28,DISTRACTION,1.34,5,APP
EVT-TRIP-8d4-1,TRIP-8d40f1-1,2025-09-11 16:37:38,HARD_BRAKE,1.43,1,NONE
EVT-TRIP-8d4-2,TRIP-8d40f1-1,2025-09-11 16:37:48,HARD_BRAKE,1.02,1,APP
EVT-TRIP-8d4-3,TRIP-8d40f1-1,2025-09-11 16:37:58,DISTRACTION,1.0,4,CALL
EVT-TRIP-8d4-4,TRIP-8d40f1-1,2025-09-11 16:38:08,HARD_BRAKE,1.2,3,APP
EVT-TRIP-8d4-0,TRIP-8d40f1-2,2025-09-11 16:37:28,SPEEDING,1.02,4,CALL
EVT-TRIP-8d4-1,TRIP-8d40f1-2,2025-09-11 16:37:38,SPEEDING,1.49,3,NONE
EVT-TRIP-8d4-2,TRIP-8d40f1-2,2025-09-11 16:37:48,HARD_BRAKE,1.08,3,NONE
EVT-TRIP-d8c-0,TRIP-d8c4d2-0,2025-09-11 16:37:28,HARD_BRAKE,1.3,1,APP
EVT-TRIP-d8c-1,TRIP-d8c4d2-0,2025-09-11 16:37:38,DISTRACTION,0.71,3,NONE
EVT-TRIP-d8c-2,TRIP-d8c4d2-0,2025-09-11 16:37:48,DISTRACTION,1.27,4,CALL
EVT-TRIP-d8c-3,TRIP-d8c4d2-0,2025-09-11 16:37:58,DISTRACTION,1.28,1,CALL
EVT-TRIP-d8c-4,TRIP-d8c4d2-0,2025-09-11 16:38:08,DISTRACTION,1.09,4,APP
EVT-TRIP-d8c-0,TRIP-d8c4d2-1,2025-09-11 16:37:28,SPEEDING,0.98,4,CALL
EVT-TRIP-d8c-1,TRIP-d8c4d2-1,2025-09-11 16:37:38,HARD_BRAKE,0.57,3,CALL
EVT-TRIP-d8c-2,TRIP-d8c4d2-1,2025-09-11 16:37:48,SPEEDING,1.1,4,TEXT
EVT-TRIP-d8c-3,TRIP-d8c4d2-1,2025-09-11 16:37:58,SPEEDING,0.98,2,APP
EVT-TRIP-d8c-4,TRIP-d8c4d2-1,2025-09-11 16:38:08,DISTRACTION,1.44,3,TEXT
EVT-TRIP-d8c-0,TRIP-d8c4d2-2,2025-09-11 16:37:28,SPEEDING,1.34,3,CALL
EVT-TRIP-d8c-1,TRIP-d8c4d2-2,2025-09-11 16:37:38,HARD_BRAKE,1.24,3,CALL
EVT-TRIP-d8c-2,TRIP-d8c4d2-2,2025-09-11 16:37:48,DISTRACTION,0.69,1,NONE
EVT-TRIP-d8c-3,TRIP-d8c4d2-2,2025-09-11 16:37:58,HARD_BRAKE,1.11,2,APP
EVT-TRIP-4aa-0,TRIP-4aa88b-0,2025-09-11 16:37:28,DISTRACTION,1.05,1,TEXT
EVT-TRIP-4aa-1,TRIP-4aa88b-0,2025-09-11 16:37:38,SPEEDING,0.61,2,APP
EVT-TRIP-4aa-2,TRIP-4aa88b-0,2025-09-11 16:37:48,DISTRACTION,1.44,3,CALL
EVT-TRIP-4aa-3,TRIP-4aa88b-0,2025-09-11 16:37:58,SPEEDING,0.56,4,NONE
EVT-TRIP-4aa-0,TRIP-4aa88b-1,2025-09-11 16:37:28,DISTRACTION,1.34,4,NONE
EVT-TRIP-4aa-1,TRIP-4aa88b-1,2025-09-11 16:37:38,DISTRACTION,0.67,3,TEXT
EVT-TRIP-4aa-2,TRIP-4aa88b-1,2025-09-11 16:37:48,HARD_BRAKE,0.51,4,TEXT
EVT-TRIP-4aa-0,TRIP-4aa88b-2,2025-09-11 16:37:28,DISTRACTION,0.86,3,TEXT
EVT-TRIP-4aa-1,TRIP-4aa88b-2,2025-09-11 16:37:38,HARD_BRAKE,0.69,5,NONE
EVT-TRIP-4aa-2,TRIP-4aa88b-2,2025-09-11 16:37:48,DISTRACTION,0.72,1,APP
EVT-TRIP-e75-0,TRIP-e75c70-0,2025-09-11 16:37:28,DISTRACTION,1.17,5,APP
EVT-TRIP-e75-1,TRIP-e75c70-0,2025-09-11 16:37:38,DISTRACTION,1.37,4,TEXT
EVT-TRIP-e75-2,TRIP-e75c70-0,2025-09-11 16:37:48,DISTRACTION,1.23,4,APP
EVT-TRIP-e75-3,TRIP-e75c70-0,2025-09-11 16:37:58,SPEEDING,0.87,2,APP
EVT-TRIP-e75-4,TRIP-e75c70-0,2025-09-11 16:38:08,SPEEDING,0.94,3,APP
EVT-TRIP-e75-0,TRIP-e75c70-1,2025-09-11 16:37:28,SPEEDING,0.76,2,APP
EVT-TRIP-e75-1,TRIP-e75c70-1,2025-09-11 16:37:38,HARD_BRAKE,0.65,2,APP
EVT-TRIP-e75-0,TRIP-e75c70-2,2025-09-11 16:37:28,HARD_BRAKE,0.72,4,TEXT
EVT-TRIP-e75-1,TRIP-e75c70-2,2025-09-11 16:37:38,HARD_BRAKE,0.72,1,CALL
EVT-TRIP-e75-2,TRIP-e75c70-2,2025-09-11 16:37:48,SPEEDING,1.01,3,APP
EVT-TRIP-e75-3,TRIP-e75c70-2,2025-09-11 16:37:58,HARD_BRAKE,0.88,3,TEXT
EVT-TRIP-e75-4,TRIP-e75c70-2,2025-09-11 16:38:08,HARD_BRAKE,1.44,5,CALL
EVT-TRIP-9dc-0,TRIP-9dcdb1-0,2025-09-11 16:37:28,HARD_BRAKE,1.25,5,TEXT
EVT-TRIP-9dc-1,TRIP-9dcdb1-0,2025-09-11 16:37:38,HARD_BRAKE,0.51,3,CALL
EVT-TRIP-9dc-2,TRIP-9dcdb1-0,2025-09-11 16:37:48,SPEEDING,1.31,3,TEXT
EVT-TRIP-9dc-0,TRIP-9dcdb1-1,2025-09-11 16:37:28,HARD_BRAKE,0.77,1,CALL
EVT-TRIP-9dc-1,TRIP-9dcdb1-1,2025-09-11 16:37:38,DISTRACTION,1.0,2,APP
EVT-TRIP-9dc-0,TRIP-9dcdb1-2,2025-09-11 16:37:28,HARD_BRAKE,1.14,3,APP
EVT-TRIP-9dc-1,TRIP-9dcdb1-2,2025-09-11 16:37:38,HARD_BRAKE,1.35,1,TEXT
EVT-TRIP-9dc-2,TRIP-9dcdb1-2,2025-09-11 16:37:48,DISTRACTION,0.69,1,CALL
EVT-TRIP-1c7-0,TRIP-1c7122-0,2025-09-11 16:37:28,HARD_BRAKE,1.17,1,APP
EVT-TRIP-1c7-1,TRIP-1c7122-0,2025-09-11 16:37:38,DISTRACTION,0.76,5,APP
EVT-TRIP-1c7-0,TRIP-1c7122-1,2025-09-11 16:37:28,SPEEDING,0.53,3,TEXT
EVT-TRIP-1c7-1,TRIP-1c7122-1,2025-09-11 16:37:38,DISTRACTION,0.55,1,CALL
EVT-TRIP-1c7-2,TRIP-1c7122-1,2025-09-11 16:37:48,SPEEDING,1.44,4,TEXT
EVT-TRIP-1c7-3,TRIP-1c7122-1,2025-09-11 16:37:58,SPEEDING,1.32,4,TEXT
EVT-TRIP-1c7-0,TRIP-1c7122-2,2025-09-11 16:37:28,SPEEDING,1.46,3,NONE
EVT-TRIP-1c7-1,TRIP-1c7122-2,2025-09-11 16:37:38,SPEEDING,0.53,4,NONE
EVT-TRIP-1c7-2,TRIP-1c7122-2,2025-09-11 16:37:48,DISTRACTION,1.11,5,TEXT
EVT-TRIP-d9e-0,TRIP-d9e824-0,2025-09-11 16:37:28,HARD_BRAKE,1.47,5,TEXT
EVT-TRIP-d9e-1,TRIP-d9e824-0,2025-09-11 16:37:38,HARD_BRAKE,1.26,2,CALL
EVT-TRIP-d9e-0,TRIP-d9e824-1,2025-09-11 16:37:28,SPEEDING,0.8,2,APP
EVT-TRIP-d9e-1,TRIP-d9e824-1,2025-09-11 16:37:38,DISTRACTION,0.81,1,NONE
EVT-TRIP-d9e-2,TRIP-d9e824-1,2025-09-11 16:37:48,HARD_BRAKE,1.1,3,APP
EVT-TRIP-d9e-3,TRIP-d9e824-1,2025-09-11 16:37:58,SPEEDING,0.84,3,CALL
EVT-TRIP-d9e-0,TRIP-d9e824-2,2025-09-11 16:37:28,DISTRACTION,0.68,4,CALL
EVT-TRIP-d9e-1,TRIP-d9e824-2,2025-09-11 16:37:38,HARD_BRAKE,1.15,1,TEXT
EVT-TRIP-d9e-2,TRIP-d9e824-2,2025-09-11 16:37:48,SPEEDING,0.9,5,APP
EVT-TRIP-d9e-3,TRIP-d9e824-2,2025-09-11 16:37:58,DISTRACTION,1.46,5,NONE
EVT-TRIP-d9e-4,TRIP-d9e824-2,2025-09-11 16:38:08,HARD_BRAKE,1.09,4,NONE
EVT-TRIP-82f-0,TRIP-82f4ac-0,2025-09-11 16:37:28,HARD_BRAKE,1.33,1,NONE
EVT-TRIP-82f-1,TRIP-82f4ac-0,2025-09-11 16:37:38,DISTRACTION,1.08,4,APP
EVT-TRIP-82f-2,TRIP-82f4ac-0,2025-09-11 16:37:48,HARD_BRAKE,1.13,4,NONE
EVT-TRIP-82f-3,TRIP-82f4ac-0,2025-09-11 16:37:58,HARD_BRAKE,0.68,5,CALL
EVT-TRIP-82f-4,TRIP-82f4ac-0,2025-09-11 16:38:08,SPEEDING,0.67,3,APP
EVT-TRIP-82f-0,TRIP-82f4ac-1,2025-09-11 16:37:28,HARD_BRAKE,1.22,3,NONE
EVT-TRIP-82f-1,TRIP-82f4ac-1,2025-09-11 16:37:38,HARD_BRAKE,0.82,1,APP
EVT-TRIP-82f-2,TRIP-82f4ac-1,2025-09-11 16:37:48,SPEEDING,0.55,2,CALL
EVT-TRIP-82f-3,TRIP-82f4ac-1,2025-09-11 16:37:58,SPEEDING,0.61,4,TEXT
EVT-TRIP-82f-4,TRIP-82f4ac-1,2025-09-11 16:38:08,HARD_BRAKE,0.53,3,CALL
EVT-TRIP-82f-0,TRIP-82f4ac-2,2025-09-11 16:37:28,DISTRACTION,1.42,4,APP
EVT-TRIP-82f-1,TRIP-82f4ac-2,2025-09-11 16:37:38,SPEEDING,0.9,2,CALL
EVT-TRIP-82f-2,TRIP-82f4ac-2,2025-09-11 16:37:48,HARD_BRAKE,0.98,5,NONE
EVT-TRIP-82f-3,TRIP-82f4ac-2,2025-09-11 16:37:58,SPEEDING,1.0,3,CALL
EVT-TRIP-a20-0,TRIP-a20f96-0,2025-09-11 16:37:28,DISTRACTION,0.76,5,CALL
EVT-TRIP-a20-1,TRIP-a20f96-0,2025-09-11 16:37:38,DISTRACTION,1.05,4,APP
EVT-TRIP-a20-2,TRIP-a20f96-0,2025-09-11 16:37:48,SPEEDING,1.19,3,APP
EVT-TRIP-a20-0,TRIP-a20f96-1,2025-09-11 16:37:28,DISTRACTION,1.05,3,CALL
EVT-TRIP-a20-1,TRIP-a20f96-1,2025-09-11 16:37:38,DISTRACTION,0.99,2,NONE
EVT-TRIP-a20-2,TRIP-a20f96-1,2025-09-11 16:37:48,HARD_BRAKE,1.43,5,NONE
EVT-TRIP-a20-3,TRIP-a20f96-1,2025-09-11 16:37:58,SPEEDING,1.06,1,CALL
EVT-TRIP-a20-4,TRIP-a20f96-1,2025-09-11 16:38:08,HARD_BRAKE,1.01,1,NONE
EVT-TRIP-a20-0,TRIP-a20f96-2,2025-09-11 16:37:28,DISTRACTION,0.53,4,NONE
EVT-TRIP-a20-1,TRIP-a20f96-2,2025-09-11 16:37:38,HARD_BRAKE,1.12,1,CALL
EVT-TRIP-a20-2,TRIP-a20f96-2,2025-09-11 16:37:48,HARD_BRAKE,1.42,4,APP
EVT-TRIP-a20-3,TRIP-a20f96-2,2025-09-11 16:37:58,SPEEDING,1.47,3,NONE
EVT-TRIP-906-0,TRIP-906b37-0,2025-09-11 16:37:28,SPEEDING,1.07,4,APP
EVT-TRIP-906-1,TRIP-906b37-0,2025-09-11 16:37:38,HARD_BRAKE,0.5,4,CALL
EVT-TRIP-906-2,TRIP-906b37-0,2025-09-11 16:37:48,SPEEDING,0.63,1,NONE
EVT-TRIP-906-3,TRIP-906b37-0,2025-09-11 16:37:58,DISTRACTION,1.12,4,CALL
EVT-TRIP-906-4,TRIP-906b37-0,2025-09-11 16:38:08,DISTRACTION,1.31,4,TEXT
EVT-TRIP-906-0,TRIP-906b37-1,2025-09-11 16:37:28,DISTRACTION,0.83,5,TEXT
EVT-TRIP-906-1,TRIP-906b37-1,2025-09-11 16:37:38,SPEEDING,1.18,4,TEXT
EVT-TRIP-906-2,TRIP-906b37-1,2025-09-11 16:37:48,HARD_BRAKE,0.51,3,CALL
EVT-TRIP-906-3,TRIP-906b37-1,2025-09-11 16:37:58,SPEEDING,0.64,3,CALL
EVT-TRIP-906-0,TRIP-906b37-2,2025-09-11 16:37:28,DISTRACTION,0.92,2,APP
EVT-TRIP-906-1,TRIP-906b37-2,2025-09-11 16:37:38,SPEEDING,1.2,5,NONE
EVT-TRIP-c27-0,TRIP-c27a91-0,2025-09-11 16:37:28,HARD_BRAKE,1.33,2,TEXT
EVT-TRIP-c27-1,TRIP-c27a91-0,2025-09-11 16:37:38,SPEEDING,1.33,3,NONE
EVT-TRIP-c27-2,TRIP-c27a91-0,2025-09-11 16:37:48,SPEEDING,0.89,3,APP
EVT-TRIP-c27-3,TRIP-c27a91-0,2025-09-11 16:37:58,SPEEDING,0.9,4,NONE
EVT-TRIP-c27-0,TRIP-c27a91-1,2025-09-11 16:37:28,HARD_BRAKE,0.85,2,APP
EVT-TRIP-c27-1,TRIP-c27a91-1,2025-09-11 16:37:38,DISTRACTION,0.63,4,NONE
EVT-TRIP-c27-2,TRIP-c27a91-1,2025-09-11 16:37:48,HARD_BRAKE,0.67,4,APP
EVT-TRIP-c27-0,TRIP-c27a91-2,2025-09-11 16:37:28,SPEEDING,1.2,1,NONE
EVT-TRIP-c27-1,TRIP-c27a91-2,2025-09-11 16:37:38,HARD_BRAKE,1.42,3,CALL
EVT-TRIP-c27-2,TRIP-c27a91-2,2025-09-11 16:37:48,DISTRACTION,1.11,2,CALL
EVT-TRIP-c27-3,TRIP-c27a91-2,2025-09-11 16:37:58,DISTRACTION,1.34,4,NONE
EVT-TRIP-6eb-0,TRIP-6ebabe-0,2025-09-11 16:37:28,HARD_BRAKE,1.26,4,CALL
EVT-TRIP-6eb-1,TRIP-6ebabe-0,2025-09-11 16:37:38,DISTRACTION,1.02,1,CALL
EVT-TRIP-6eb-2,TRIP-6ebabe-0,2025-09-11 16:37:48,SPEEDING,1.3,3,APP
EVT-TRIP-6eb-3,TRIP-6ebabe-0,2025-09-11 16:37:58,HARD_BRAKE,1.34,3,APP
EVT-TRIP-6eb-0,TRIP-6ebabe-1,2025-09-11 16:37:28,DISTRACTION,1.1,2,NONE
EVT-TRIP-6eb-1,TRIP-6ebabe-1,2025-09-11 16:37:38,HARD_BRAKE,1.44,4,CALL
EVT-TRIP-6eb-2,TRIP-6ebabe-1,2025-09-11 16:37:48,HARD_BRAKE,1.09,4,CALL
EVT-TRIP-6eb-3,TRIP-6ebabe-1,2025-09-11 16:37:58,SPEEDING,1.31,2,TEXT
EVT-TRIP-6eb-0,TRIP-6ebabe-2,2025-09-11 16:37:28,SPEEDING,1.38,4,TEXT
EVT-TRIP-6eb-1,TRIP-6ebabe-2,2025-09-11 16:37:38,HARD_BRAKE,0.97,3,CALL
EVT-TRIP-6eb-2,TRIP-6ebabe-2,2025-09-11 16:37:48,DISTRACTION,0.74,4,CALL
EVT-TRIP-6eb-3,TRIP-6ebabe-2,2025-09-11 16:37:58,SPEEDING,1.26,5,CALL
EVT-TRIP-676-0,TRIP-6769ff-0,2025-09-11 16:37:28,SPEEDING,0.96,4,NONE
EVT-TRIP-676-1,TRIP-6769ff-0,2025-09-11 16:37:38,HARD_BRAKE,1.4,1,APP
EVT-TRIP-676-0,TRIP-6769ff-1,2025-09-11 16:37:28,DISTRACTION,0.87,3,CALL
EVT-TRIP-676-1,TRIP-6769ff-1,2025-09-11 16:37:38,HARD_BRAKE,0.76,4,CALL
EVT-TRIP-676-2,TRIP-6769ff-1,2025-09-11 16:37:48,SPEEDING,1.38,3,NONE
EVT-TRIP-676-3,TRIP-6769ff-1,2025-09-11 16:37:58,DISTRACTION,0.52,2,CALL
EVT-TRIP-676-4,TRIP-6769ff-1,2025-09-11 16:38:08,HARD_BRAKE,1.15,2,TEXT
EVT-TRIP-676-0,TRIP-6769ff-2,2025-09-11 16:37:28,HARD_BRAKE,0.78,2,TEXT
EVT-TRIP-676-1,TRIP-6769ff-2,2025-09-11 16:37:38,SPEEDING,1.05,4,CALL
EVT-TRIP-676-2,TRIP-6769ff-2,2025-09-11 16:37:48,SPEEDING,0.74,4,APP
EVT-TRIP-676-3,TRIP-6769ff-2,2025-09-11 16:37:58,HARD_BRAKE,1.33,4,CALL
EVT-TRIP-676-4,TRIP-6769ff-2,2025-09-11 16:38:08,DISTRACTION,1.32,1,APP
EVT-TRIP-279-0,TRIP-2794f8-0,2025-09-11 16:37:28,HARD_BRAKE,0.76,1,APP
EVT-TRIP-279-1,TRIP-2794f8-0,2025-09-11 16:37:38,HARD_BRAKE,1.12,1,CALL
EVT-TRIP-279-0,TRIP-2794f8-1,2025-09-11 16:37:28,HARD_BRAKE,0.57,4,TEXT
EVT-TRIP-279-1,TRIP-2794f8-1,2025-09-11 16:37:38,SPEEDING,0.59,1,NONE
EVT-TRIP-279-0,TRIP-2794f8-2,2025-09-11 16:37:28,HARD_BRAKE,1.22,4,CALL
EVT-TRIP-279-1,TRIP-2794f8-2,2025-09-11 16:37:38,HARD_BRAKE,1.14,3,APP
EVT-TRIP-279-2,TRIP-2794f8-2,2025-09-11 16:37:48,DISTRACTION,1.09,5,CALL
EVT-TRIP-279-3,TRIP-2794f8-2,2025-09-11 16:37:58,SPEEDING,1.49,5,APP
EVT-TRIP-b04-0,TRIP-b04eab-0,2025-09-11 16:37:28,DISTRACTION,0.77,1,NONE
EVT-TRIP-b04-1,TRIP-b04eab-0,2025-09-11 16:37:38,HARD_BRAKE,0.69,2,CALL
EVT-TRIP-b04-2,TRIP-b04eab-0,2025-09-11 16:37:48,HARD_BRAKE,1.04,3,NONE
EVT-TRIP-b04-0,TRIP-b04eab-1,2025-09-11 16:37:28,HARD_BRAKE,1.32,2,TEXT
EVT-TRIP-b04-1,TRIP-b04eab-1,2025-09-11 16:37:38,DISTRACTION,0.89,4,NONE
EVT-TRIP-b04-2,TRIP-b04eab-1,2025-09-11 16:37:48,HARD_BRAKE,1.36,4,NONE
EVT-TRIP-b04-3,TRIP-b04eab-1,2025-09-11 16:37:58,SPEEDING,0.78,5,NONE
EVT-TRIP-b04-0,TRIP-b04eab-2,2025-09-11 16:37:28,SPEEDING,1.44,2,APP
EVT-TRIP-b04-1,TRIP-b04eab-2,2025-09-11 16:37:38,HARD_BRAKE,0.58,2,CALL
EVT-TRIP-b3d-0,TRIP-b3d870-0,2025-09-11 16:37:28,HARD_BRAKE,1.5,2,TEXT
EVT-TRIP-b3d-1,TRIP-b3d870-0,2025-09-11 16:37:38,HARD_BRAKE,1.23,1,NONE
EVT-TRIP-b3d-0,TRIP-b3d870-1,2025-09-11 16:37:28,SPEEDING,1.31,1,TEXT
EVT-TRIP-b3d-1,TRIP-b3d870-1,2025-09-11 16:37:38,SPEEDING,0.96,5,APP
EVT-TRIP-b3d-0,TRIP-b3d870-2,2025-09-11 16:37:28,DISTRACTION,0.58,2,CALL
EVT-TRIP-b3d-1,TRIP-b3d870-2,2025-09-11 16:37:38,DISTRACTION,1.46,4,NONE
EVT-TRIP-b3d-2,TRIP-b3d870-2,2025-09-11 16:37:48,HARD_BRAKE,1.03,2,CALL
EVT-TRIP-20c-0,TRIP-20c865-0,2025-09-11 16:37:28,DISTRACTION,0.52,4,CALL
EVT-TRIP-20c-1,TRIP-20c865-0,2025-09-11 16:37:38,DISTRACTION,1.3,3,TEXT
EVT-TRIP-20c-0,TRIP-20c865-1,2025-09-11 16:37:28,SPEEDING,1.41,3,APP
EVT-TRIP-20c-1,TRIP-20c865-1,2025-09-11 16:37:38,SPEEDING,1.44,3,CALL
EVT-TRIP-20c-2,TRIP-20c865-1,2025-09-11 16:37:48,SPEEDING,0.7,4,TEXT
EVT-TRIP-20c-3,TRIP-20c865-1,2025-09-11 16:37:58,DISTRACTION,1.45,2,APP
EVT-TRIP-20c-4,TRIP-20c865-1,2025-09-11 16:38:08,DISTRACTION,0.93,4,TEXT
EVT-TRIP-20c-0,TRIP-20c865-2,2025-09-11 16:37:28,DISTRACTION,0.78,1,APP
EVT-TRIP-20c-1,TRIP-20c865-2,2025-09-11 16:37:38,DISTRACTION,0.99,5,NONE
EVT-TRIP-c98-0,TRIP-c98e0f-0,2025-09-11 16:37:28,DISTRACTION,0.78,2,NONE
EVT-TRIP-c98-1,TRIP-c98e0f-0,2025-09-11 16:37:38,SPEEDING,1.14,2,CALL
EVT-TRIP-c98-2,TRIP-c98e0f-0,2025-09-11 16:37:48,SPEEDING,1.42,3,APP
EVT-TRIP-c98-3,TRIP-c98e0f-0,2025-09-11 16:37:58,HARD_BRAKE,0.67,3,TEXT
EVT-TRIP-c98-4,TRIP-c98e0f-0,2025-09-11 16:38:08,DISTRACTION,0.8,4,APP
EVT-TRIP-c98-0,TRIP-c98e0f-1,2025-09-11 16:37:28,SPEEDING,0.73,1,NONE
EVT-TRIP-c98-1,TRIP-c98e0f-1,2025-09-11 16:37:38,DISTRACTION,0.76,3,NONE
EVT-TRIP-c98-2,TRIP-c98e0f-1,2025-09-11 16:37:48,HARD_BRAKE,1.21,5,TEXT
EVT-TRIP-c98-3,TRIP-c98e0f-1,2025-09-11 16:37:58,HARD_BRAKE,0.83,4,NONE
EVT-TRIP-c98-4,TRIP-c98e0f-1,2025-09-11 16:38:08,HARD_BRAKE,1.02,4,NONE
EVT-TRIP-c98-0,TRIP-c98e0f-2,2025-09-11 16:37:28,SPEEDING,0.98,1,APP
EVT-TRIP-c98-1,TRIP-c98e0f-2,2025-09-11 16:37:38,HARD_BRAKE,0.81,5,CALL
EVT-TRIP-c98-2,TRIP-c98e0f-2,2025-09-11 16:37:48,SPEEDING,0.58,2,CALL
EVT-TRIP-680-0,TRIP-680a95-0,2025-09-11 16:37:28,HARD_BRAKE,0.61,1,TEXT
EVT-TRIP-680-1,TRIP-680a95-0,2025-09-11 16:37:38,HARD_BRAKE,0.76,1,NONE
EVT-TRIP-680-0,TRIP-680a95-1,2025-09-11 16:37:28,HARD_BRAKE,0.52,4,CALL
EVT-TRIP-680-1,TRIP-680a95-1,2025-09-11 16:37:38,HARD_BRAKE,0.51,1,TEXT
EVT-TRIP-680-2,TRIP-680a95-1,2025-09-11 16:37:48,HARD_BRAKE,0.88,2,NONE
EVT-TRIP-680-3,TRIP-680a95-1,2025-09-11 16:37:58,DISTRACTION,1.47,2,APP
EVT-TRIP-680-4,TRIP-680a95-1,2025-09-11 16:38:08,SPEEDING,0.67,1,TEXT
EVT-TRIP-680-0,TRIP-680a95-2,2025-09-11 16:37:28,DISTRACTION,0.96,3,TEXT
EVT-TRIP-680-1,TRIP-680a95-2,2025-09-11 16:37:38,HARD_BRAKE,1.24,4,APP
EVT-TRIP-680-2,TRIP-680a95-2,2025-09-11 16:37:48,HARD_BRAKE,1.15,5,TEXT
EVT-TRIP-680-3,TRIP-680a95-2,2025-09-11 16:37:58,HARD_BRAKE,0.55,2,NONE
EVT-TRIP-680-4,TRIP-680a95-2,2025-09-11 16:38:08,DISTRACTION,0.88,2,NONE
EVT-TRIP-453-0,TRIP-4539ce-0,2025-09-11 16:37:28,HARD_BRAKE,0.92,1,NONE
EVT-TRIP-453-1,TRIP-4539ce-0,2025-09-11 16:37:38,HARD_BRAKE,0.82,4,TEXT
EVT-TRIP-453-0,TRIP-4539ce-1,2025-09-11 16:37:28,SPEEDING,0.9,2,APP
EVT-TRIP-453-1,TRIP-4539ce-1,2025-09-11 16:37:38,HARD_BRAKE,0.98,5,CALL
EVT-TRIP-453-2,TRIP-4539ce-1,2025-09-11 16:37:48,DISTRACTION,1.42,3,APP
EVT-TRIP-453-0,TRIP-4539ce-2,2025-09-11 16:37:28,SPEEDING,0.92,5,APP
EVT-TRIP-453-1,TRIP-4539ce-2,2025-09-11 16:37:38,DISTRACTION,0.95,2,TEXT
EVT-TRIP-453-2,TRIP-4539ce-2,2025-09-11 16:37:48,HARD_BRAKE,0.56,3,APP
EVT-TRIP-453-3,TRIP-4539ce-2,2025-09-11 16:37:58,HARD_BRAKE,1.08,3,TEXT
EVT-TRIP-453-4,TRIP-4539ce-2,2025-09-11 16:38:08,HARD_BRAKE,1.33,2,NONE
EVT-TRIP-7db-0,TRIP-7dba6d-0,2025-09-11 16:37:28,HARD_BRAKE,0.57,2,APP
EVT-TRIP-7db-1,TRIP-7dba6d-0,2025-09-11 16:37:38,SPEEDING,0.81,2,NONE
EVT-TRIP-7db-2,TRIP-7dba6d-0,2025-09-11 16:37:48,DISTRACTION,1.18,4,TEXT
EVT-TRIP-7db-3,TRIP-7dba6d-0,2025-09-11 16:37:58,SPEEDING,0.92,3,NONE
EVT-TRIP-7db-0,TRIP-7dba6d-1,2025-09-11 16:37:28,HARD_BRAKE,0.51,3,CALL
EVT-TRIP-7db-1,TRIP-7dba6d-1,2025-09-11 16:37:38,HARD_BRAKE,0.81,4,TEXT
EVT-TRIP-7db-2,TRIP-7dba6d-1,2025-09-11 16:37:48,SPEEDING,0.77,1,APP
EVT-TRIP-7db-3,TRIP-7dba6d-1,2025-09-11 16:37:58,DISTRACTION,0.7,2,TEXT
EVT-TRIP-7db-0,TRIP-7dba6d-2,2025-09-11 16:37:28,SPEEDING,1.44,2,APP
EVT-TRIP-7db-1,TRIP-7dba6d-2,2025-09-11 16:37:38,SPEEDING,1.33,2,APP
EVT-TRIP-8a5-0,TRIP-8a5e7f-0,2025-09-11 16:37:28,SPEEDING,0.64,2,NONE
EVT-TRIP-8a5-1,TRIP-8a5e7f-0,2025-09-11 16:37:38,SPEEDING,0.51,5,NONE
EVT-TRIP-8a5-0,TRIP-8a5e7f-1,2025-09-11 16:37:28,SPEEDING,0.59,1,NONE
EVT-TRIP-8a5-1,TRIP-8a5e7f-1,2025-09-11 16:37:38,SPEEDING,0.86,2,APP
EVT-TRIP-8a5-2,TRIP-8a5e7f-1,2025-09-11 16:37:48,SPEEDING,0.54,3,APP
EVT-TRIP-8a5-3,TRIP-8a5e7f-1,2025-09-11 16:37:58,HARD_BRAKE,1.07,2,TEXT
EVT-TRIP-8a5-4,TRIP-8a5e7f-1,2025-09-11 16:38:08,DISTRACTION,0.82,5,CALL
EVT-TRIP-8a5-0,TRIP-8a5e7f-2,2025-09-11 16:37:28,DISTRACTION,1.27,3,TEXT
EVT-TRIP-8a5-1,TRIP-8a5e7f-2,2025-09-11 16:37:38,HARD_BRAKE,1.14,3,NONE
EVT-TRIP-8a5-2,TRIP-8a5e7f-2,2025-09-11 16:37:48,HARD_BRAKE,1.12,4,NONE
EVT-TRIP-8a5-3,TRIP-8a5e7f-2,2025-09-11 16:37:58,DISTRACTION,1.19,2,CALL
EVT-TRIP-8a5-4,TRIP-8a5e7f-2,2025-09-11 16:38:08,DISTRACTION,0.91,5,CALL
EVT-TRIP-788-0,TRIP-788b0c-0,2025-09-11 16:37:28,SPEEDING,0.51,4,CALL
EVT-TRIP-788-1,TRIP-788b0c-0,2025-09-11 16:37:38,DISTRACTION,1.05,1,TEXT
EVT-TRIP-788-0,TRIP-788b0c-1,2025-09-11 16:37:28,HARD_BRAKE,0.85,1,NONE
EVT-TRIP-788-1,TRIP-788b0c-1,2025-09-11 16:37:38,SPEEDING,0.84,4,CALL
EVT-TRIP-788-2,TRIP-788b0c-1,2025-09-11 16:37:48,SPEEDING,1.48,3,NONE
EVT-TRIP-788-0,TRIP-788b0c-2,2025-09-11 16:37:28,SPEEDING,0.94,5,CALL
EVT-TRIP-788-1,TRIP-788b0c-2,2025-09-11 16:37:38,DISTRACTION,1.36,5,NONE
EVT-TRIP-788-2,TRIP-788b0c-2,2025-09-11 16:37:48,DISTRACTION,1.08,5,NONE
EVT-TRIP-73d-0,TRIP-73d21d-0,2025-09-11 16:37:28,HARD_BRAKE,1.47,3,NONE
EVT-TRIP-73d-1,TRIP-73d21d-0,2025-09-11 16:37:38,HARD_BRAKE,0.95,3,TEXT
EVT-TRIP-73d-0,TRIP-73d21d-1,2025-09-11 16:37:28,SPEEDING,0.83,4,TEXT
EVT-TRIP-73d-1,TRIP-73d21d-1,2025-09-11 16:37:38,HARD_BRAKE,1.48,2,CALL
EVT-TRIP-73d-2,TRIP-73d21d-1,2025-09-11 16:37:48,SPEEDING,0.95,3,NONE
EVT-TRIP-73d-3,TRIP-73d21d-1,2025-09-11 16:37:58,SPEEDING,0.79,2,APP
EVT-TRIP-73d-4,TRIP-73d21d-1,2025-09-11 16:38:08,SPEEDING,1.28,2,TEXT
EVT-TRIP-73d-0,TRIP-73d21d-2,2025-09-11 16:37:28,SPEEDING,0.68,5,TEXT
EVT-TRIP-73d-1,TRIP-73d21d-2,2025-09-11 16:37:38,SPEEDING,1.04,3,NONE
EVT-TRIP-73d-2,TRIP-73d21d-2,2025-09-11 16:37:48,HARD_BRAKE,0.73,4,APP
EVT-TRIP-177-0,TRIP-1778c0-0,2025-09-11 16:37:28,SPEEDING,1.26,5,TEXT
EVT-TRIP-177-1,TRIP-1778c0-0,2025-09-11 16:37:38,DISTRACTION,1.41,3,TEXT
EVT-TRIP-177-2,TRIP-1778c0-0,2025-09-11 16:37:48,DISTRACTION,1.2,1,TEXT
EVT-TRIP-177-3,TRIP-1778c0-0,2025-09-11 16:37:58,HARD_BRAKE,0.62,3,CALL
EVT-TRIP-177-0,TRIP-1778c0-1,2025-09-11 16:37:28,DISTRACTION,0.81,1,NONE
EVT-TRIP-177-1,TRIP-1778c0-1,2025-09-11 16:37:38,HARD_BRAKE,1.44,5,APP
EVT-TRIP-177-2,TRIP-1778c0-1,2025-09-11 16:37:48,HARD_BRAKE,0.62,3,CALL
EVT-TRIP-177-3,TRIP-1778c0-1,2025-09-11 16:37:58,DISTRACTION,1.09,2,NONE
EVT-TRIP-177-0,TRIP-1778c0-2,2025-09-11 16:37:28,DISTRACTION,0.74,1,NONE
EVT-TRIP-177-1,TRIP-1778c0-2,2025-09-11 16:37:38,DISTRACTION,1.07,1,APP
EVT-TRIP-177-2,TRIP-1778c0-2,2025-09-11 16:37:48,HARD_BRAKE,0.68,4,CALL
EVT-TRIP-b1c-0,TRIP-b1cf81-0,2025-09-11 16:37:28,SPEEDING,1.44,1,NONE
EVT-TRIP-b1c-1,TRIP-b1cf81-0,2025-09-11 16:37:38,HARD_BRAKE,1.32,4,APP
EVT-TRIP-b1c-2,TRIP-b1cf81-0,2025-09-11 16:37:48,DISTRACTION,0.82,4,NONE
EVT-TRIP-b1c-3,TRIP-b1cf81-0,2025-09-11 16:37:58,HARD_BRAKE,0.83,4,APP
EVT-TRIP-b1c-4,TRIP-b1cf81-0,2025-09-11 16:38:08,HARD_BRAKE,1.34,3,APP
EVT-TRIP-b1c-0,TRIP-b1cf81-1,2025-09-11 16:37:28,HARD_BRAKE,1.07,4,TEXT
EVT-TRIP-b1c-1,TRIP-b1cf81-1,2025-09-11 16:37:38,HARD_BRAKE,0.55,1,NONE
EVT-TRIP-b1c-0,TRIP-b1cf81-2,2025-09-11 16:37:28,SPEEDING,1.44,3,APP
EVT-TRIP-b1c-1,TRIP-b1cf81-2,2025-09-11 16:37:38,DISTRACTION,0.83,1,CALL
EVT-TRIP-b1c-2,TRIP-b1cf81-2,2025-09-11 16:37:48,SPEEDING,1.4,3,CALL
EVT-TRIP-b1c-3,TRIP-b1cf81-2,2025-09-11 16:37:58,DISTRACTION,1.24,1,APP
EVT-TRIP-b1c-4,TRIP-b1cf81-2,2025-09-11 16:38:08,HARD_BRAKE,0.96,3,NONE
EVT-TRIP-ed0-0,TRIP-ed0188-0,2025-09-11 16:37:28,DISTRACTION,1.03,3,CALL
EVT-TRIP-ed0-1,TRIP-ed0188-0,2025-09-11 16:37:38,SPEEDING,1.08,1,CALL
EVT-TRIP-ed0-2,TRIP-ed0188-0,2025-09-11 16:37:48,HARD_BRAKE,1.06,4,CALL
EVT-TRIP-ed0-3,TRIP-ed0188-0,2025-09-11 16:37:58,HARD_BRAKE,1.22,5,APP
EVT-TRIP-ed0-0,TRIP-ed0188-1,2025-09-11 16:37:28,DISTRACTION,1.47,4,CALL
EVT-TRIP-ed0-1,TRIP-ed0188-1,2025-09-11 16:37:38,HARD_BRAKE,1.4,4,CALL
EVT-TRIP-ed0-2,TRIP-ed0188-1,2025-09-11 16:37:48,SPEEDING,0.5,5,APP
EVT-TRIP-ed0-0,TRIP-ed0188-2,2025-09-11 16:37:28,DISTRACTION,0.92,4,NONE
EVT-TRIP-ed0-1,TRIP-ed0188-2,2025-09-11 16:37:38,HARD_BRAKE,0.54,1,TEXT
EVT-TRIP-7c6-0,TRIP-7c6736-0,2025-09-11 16:37:28,DISTRACTION,0.81,5,NONE
EVT-TRIP-7c6-1,TRIP-7c6736-0,2025-09-11 16:37:38,SPEEDING,1.34,4,CALL
EVT-TRIP-7c6-2,TRIP-7c6736-0,2025-09-11 16:37:48,DISTRACTION,1.49,2,TEXT
EVT-TRIP-7c6-3,TRIP-7c6736-0,2025-09-11 16:37:58,HARD_BRAKE,1.01,3,NONE
EVT-TRIP-7c6-0,TRIP-7c6736-1,2025-09-11 16:37:28,DISTRACTION,0.62,2,NONE
EVT-TRIP-7c6-1,TRIP-7c6736-1,2025-09-11 16:37:38,SPEEDING,0.66,3,CALL
EVT-TRIP-7c6-2,TRIP-7c6736-1,2025-09-11 16:37:48,DISTRACTION,1.29,2,NONE
EVT-TRIP-7c6-3,TRIP-7c6736-1,2025-09-11 16:37:58,DISTRACTION,1.49,1,APP
EVT-TRIP-7c6-4,TRIP-7c6736-1,2025-09-11 16:38:08,SPEEDING,0.82,3,CALL
EVT-TRIP-7c6-0,TRIP-7c6736-2,2025-09-11 16:37:28,SPEEDING,1.21,1,TEXT
EVT-TRIP-7c6-1,TRIP-7c6736-2,2025-09-11 16:37:38,SPEEDING,1.15,2,NONE
EVT-TRIP-7c6-2,TRIP-7c6736-2,2025-09-11 16:37:48,DISTRACTION,0.81,4,CALL
EVT-TRIP-7c6-3,TRIP-7c6736-2,2025-09-11 16:37:58,DISTRACTION,0.59,3,TEXT
EVT-TRIP-7c6-4,TRIP-7c6736-2,2025-09-11 16:38:08,SPEEDING,1.05,1,APP
EVT-TRIP-e7a-0,TRIP-e7a8dc-0,2025-09-11 16:37:28,HARD_BRAKE,1.06,3,APP
EVT-TRIP-e7a-1,TRIP-e7a8dc-0,2025-09-11 16:37:38,HARD_BRAKE,0.99,5,TEXT
EVT-TRIP-e7a-2,TRIP-e7a8dc-0,2025-09-11 16:37:48,DISTRACTION,1.27,1,APP
EVT-TRIP-e7a-3,TRIP-e7a8dc-0,2025-09-11 16:37:58,HARD_BRAKE,0.9,2,APP
EVT-TRIP-e7a-0,TRIP-e7a8dc-1,2025-09-11 16:37:28,HARD_BRAKE,0.74,3,CALL
EVT-TRIP-e7a-1,TRIP-e7a8dc-1,2025-09-11 16:37:38,SPEEDING,1.17,4,TEXT
EVT-TRIP-e7a-0,TRIP-e7a8dc-2,2025-09-11 16:37:28,HARD_BRAKE,1.35,3,TEXT
EVT-TRIP-e7a-1,TRIP-e7a8dc-2,2025-09-11 16:37:38,SPEEDING,0.92,5,NONE
EVT-TRIP-e7a-2,TRIP-e7a8dc-2,2025-09-11 16:37:48,SPEEDING,0.84,4,CALL
EVT-TRIP-dea-0,TRIP-deaa75-0,2025-09-11 16:37:28,DISTRACTION,0.91,4,APP
EVT-TRIP-dea-1,TRIP-deaa75-0,2025-09-11 16:37:38,DISTRACTION,1.0,1,CALL
EVT-TRIP-dea-2,TRIP-deaa75-0,2025-09-11 16:37:48,SPEEDING,1.47,1,APP
EVT-TRIP-dea-0,TRIP-deaa75-1,2025-09-11 16:37:28,DISTRACTION,0.53,2,CALL
EVT-TRIP-dea-1,TRIP-deaa75-1,2025-09-11 16:37:38,HARD_BRAKE,1.39,2,TEXT
EVT-TRIP-dea-2,TRIP-deaa75-1,2025-09-11 16:37:48,SPEEDING,1.19,3,APP
EVT-TRIP-dea-3,TRIP-deaa75-1,2025-09-11 16:37:58,HARD_BRAKE,0.88,2,APP
EVT-TRIP-dea-4,TRIP-deaa75-1,2025-09-11 16:38:08,SPEEDING,0.72,4,CALL
EVT-TRIP-dea-0,TRIP-deaa75-2,2025-09-11 16:37:28,HARD_BRAKE,1.39,5,TEXT
EVT-TRIP-dea-1,TRIP-deaa75-2,2025-09-11 16:37:38,SPEEDING,0.55,1,TEXT
EVT-TRIP-03d-0,TRIP-03db2b-0,2025-09-11 16:37:28,HARD_BRAKE,0.92,3,CALL
EVT-TRIP-03d-1,TRIP-03db2b-0,2025-09-11 16:37:38,HARD_BRAKE,0.9,5,CALL
EVT-TRIP-03d-2,TRIP-03db2b-0,2025-09-11 16:37:48,HARD_BRAKE,0.66,4,TEXT
EVT-TRIP-03d-3,TRIP-03db2b-0,2025-09-11 16:37:58,HARD_BRAKE,1.07,5,CALL
EVT-TRIP-03d-0,TRIP-03db2b-1,2025-09-11 16:37:28,SPEEDING,0.55,3,TEXT
EVT-TRIP-03d-1,TRIP-03db2b-1,2025-09-11 16:37:38,DISTRACTION,1.22,5,CALL
EVT-TRIP-03d-2,TRIP-03db2b-1,2025-09-11 16:37:48,HARD_BRAKE,0.93,2,CALL
EVT-TRIP-03d-3,TRIP-03db2b-1,2025-09-11 16:37:58,DISTRACTION,0.84,3,CALL
EVT-TRIP-03d-0,TRIP-03db2b-2,2025-09-11 16:37:28,DISTRACTION,0.61,4,TEXT
EVT-TRIP-03d-1,TRIP-03db2b-2,2025-09-11 16:37:38,DISTRACTION,0.86,1,NONE
EVT-TRIP-03d-2,TRIP-03db2b-2,2025-09-11 16:37:48,HARD_BRAKE,0.66,1,NONE
EVT-TRIP-03d-3,TRIP-03db2b-2,2025-09-11 16:37:58,HARD_BRAKE,1.13,2,APP
EVT-TRIP-e7b-0,TRIP-e7b956-0,2025-09-11 16:37:28,HARD_BRAKE,1.09,5,CALL
EVT-TRIP-e7b-1,TRIP-e7b956-0,2025-09-11 16:37:38,DISTRACTION,1.37,2,CALL
EVT-TRIP-e7b-0,TRIP-e7b956-1,2025-09-11 16:37:28,SPEEDING,1.45,1,APP
EVT-TRIP-e7b-1,TRIP-e7b956-1,2025-09-11 16:37:38,SPEEDING,1.11,1,CALL
EVT-TRIP-e7b-2,TRIP-e7b956-1,2025-09-11 16:37:48,HARD_BRAKE,0.81,5,APP
EVT-TRIP-e7b-3,TRIP-e7b956-1,2025-09-11 16:37:58,SPEEDING,1.33,1,APP
EVT-TRIP-e7b-0,TRIP-e7b956-2,2025-09-11 16:37:28,DISTRACTION,0.85,2,NONE
EVT-TRIP-e7b-1,TRIP-e7b956-2,2025-09-11 16:37:38,DISTRACTION,0.84,4,TEXT
EVT-TRIP-24f-0,TRIP-24f482-0,2025-09-11 16:37:28,SPEEDING,1.46,2,TEXT
EVT-TRIP-24f-1,TRIP-24f482-0,2025-09-11 16:37:38,DISTRACTION,0.53,1,CALL
EVT-TRIP-24f-0,TRIP-24f482-1,2025-09-11 16:37:28,HARD_BRAKE,0.69,5,TEXT
EVT-TRIP-24f-1,TRIP-24f482-1,2025-09-11 16:37:38,DISTRACTION,1.46,1,NONE
EVT-TRIP-24f-2,TRIP-24f482-1,2025-09-11 16:37:48,DISTRACTION,0.96,2,CALL
EVT-TRIP-24f-3,TRIP-24f482-1,2025-09-11 16:37:58,SPEEDING,1.12,4,CALL
EVT-TRIP-24f-0,TRIP-24f482-2,2025-09-11 16:37:28,SPEEDING,0.64,1,CALL
EVT-TRIP-24f-1,TRIP-24f482-2,2025-09-11 16:37:38,HARD_BRAKE,0.94,5,TEXT
EVT-TRIP-c22-0,TRIP-c22d84-0,2025-09-11 16:37:28,DISTRACTION,0.51,4,NONE
EVT-TRIP-c22-1,TRIP-c22d84-0,2025-09-11 16:37:38,DISTRACTION,1.26,2,NONE
EVT-TRIP-c22-2,TRIP-c22d84-0,2025-09-11 16:37:48,SPEEDING,1.43,3,TEXT
EVT-TRIP-c22-3,TRIP-c22d84-0,2025-09-11 16:37:58,DISTRACTION,1.42,1,NONE
EVT-TRIP-c22-0,TRIP-c22d84-1,2025-09-11 16:37:28,SPEEDING,1.43,2,NONE
EVT-TRIP-c22-1,TRIP-c22d84-1,2025-09-11 16:37:38,SPEEDING,0.97,1,TEXT
EVT-TRIP-c22-2,TRIP-c22d84-1,2025-09-11 16:37:48,SPEEDING,1.21,3,CALL
EVT-TRIP-c22-3,TRIP-c22d84-1,2025-09-11 16:37:58,DISTRACTION,1.41,3,NONE
EVT-TRIP-c22-4,TRIP-c22d84-1,2025-09-11 16:38:08,SPEEDING,1.5,4,NONE
EVT-TRIP-c22-0,TRIP-c22d84-2,2025-09-11 16:37:28,DISTRACTION,1.32,3,CALL
EVT-TRIP-c22-1,TRIP-c22d84-2,2025-09-11 16:37:38,SPEEDING,0.93,4,APP
EVT-TRIP-c22-2,TRIP-c22d84-2,2025-09-11 16:37:48,HARD_BRAKE,0.77,5,APP
EVT-TRIP-c22-3,TRIP-c22d84-2,2025-09-11 16:37:58,DISTRACTION,0.61,3,NONE
EVT-TRIP-ba2-0,TRIP-ba2a63-0,2025-09-11 16:37:28,DISTRACTION,1.42,2,TEXT
EVT-TRIP-ba2-1,TRIP-ba2a63-0,2025-09-11 16:37:38,HARD_BRAKE,1.08,1,CALL
EVT-TRIP-ba2-2,TRIP-ba2a63-0,2025-09-11 16:37:48,DISTRACTION,0.64,2,TEXT
EVT-TRIP-ba2-0,TRIP-ba2a63-1,2025-09-11 16:37:28,SPEEDING,0.93,5,APP
EVT-TRIP-ba2-1,TRIP-ba2a63-1,2025-09-11 16:37:38,DISTRACTION,0.93,1,CALL
EVT-TRIP-ba2-0,TRIP-ba2a63-2,2025-09-11 16:37:28,SPEEDING,1.28,3,NONE
EVT-TRIP-ba2-1,TRIP-ba2a63-2,2025-09-11 16:37:38,SPEEDING,0.94,4,NONE
EVT-TRIP-ba2-2,TRIP-ba2a63-2,2025-09-11 16:37:48,HARD_BRAKE,0.73,5,APP
EVT-TRIP-ba2-3,TRIP-ba2a63-2,2025-09-11 16:37:58,DISTRACTION,1.05,4,NONE
EVT-TRIP-ba2-4,TRIP-ba2a63-2,2025-09-11 16:38:08,SPEEDING,1.09,1,CALL
EVT-TRIP-32d-0,TRIP-32da54-0,2025-09-11 16:37:28,SPEEDING,0.84,3,APP
EVT-TRIP-32d-1,TRIP-32da54-0,2025-09-11 16:37:38,DISTRACTION,1.22,5,NONE
EVT-TRIP-32d-2,TRIP-32da54-0,2025-09-11 16:37:48,DISTRACTION,1.33,2,NONE
EVT-TRIP-32d-3,TRIP-32da54-0,2025-09-11 16:37:58,SPEEDING,0.7,2,APP
EVT-TRIP-32d-0,TRIP-32da54-1,2025-09-11 16:37:28,SPEEDING,1.0,5,APP
EVT-TRIP-32d-1,TRIP-32da54-1,2025-09-11 16:37:38,SPEEDING,0.96,5,CALL
EVT-TRIP-32d-2,TRIP-32da54-1,2025-09-11 16:37:48,DISTRACTION,1.28,5,TEXT
EVT-TRIP-32d-3,TRIP-32da54-1,2025-09-11 16:37:58,SPEEDING,1.46,5,APP
EVT-TRIP-32d-4,TRIP-32da54-1,2025-09-11 16:38:08,SPEEDING,0.54,2,CALL
EVT-TRIP-32d-0,TRIP-32da54-2,2025-09-11 16:37:28,SPEEDING,1.46,2,TEXT
EVT-TRIP-32d-1,TRIP-32da54-2,2025-09-11 16:37:38,HARD_BRAKE,1.18,5,CALL
EVT-TRIP-caf-0,TRIP-caf617-0,2025-09-11 16:37:28,SPEEDING,1.34,2,NONE
EVT-TRIP-caf-1,TRIP-caf617-0,2025-09-11 16:37:38,HARD_BRAKE,0.54,2,TEXT
EVT-TRIP-caf-2,TRIP-caf617-0,2025-09-11 16:37:48,DISTRACTION,0.75,4,CALL
EVT-TRIP-caf-3,TRIP-caf617-0,2025-09-11 16:37:58,HARD_BRAKE,1.07,1,CALL
EVT-TRIP-caf-0,TRIP-caf617-1,2025-09-11 16:37:28,DISTRACTION,1.24,4,TEXT
EVT-TRIP-caf-1,TRIP-caf617-1,2025-09-11 16:37:38,SPEEDING,1.23,3,APP
EVT-TRIP-caf-2,TRIP-caf617-1,2025-09-11 16:37:48,SPEEDING,0.98,3,APP
EVT-TRIP-caf-3,TRIP-caf617-1,2025-09-11 16:37:58,SPEEDING,1.24,5,TEXT
EVT-TRIP-caf-4,TRIP-caf617-1,2025-09-11 16:38:08,HARD_BRAKE,1.27,2,NONE
EVT-TRIP-caf-0,TRIP-caf617-2,2025-09-11 16:37:28,HARD_BRAKE,0.97,3,NONE
EVT-TRIP-caf-1,TRIP-caf617-2,2025-09-11 16:37:38,SPEEDING,0.8,3,CALL
EVT-TRIP-866-0,TRIP-86640a-0,2025-09-11 16:37:28,HARD_BRAKE,1.34,4,APP
EVT-TRIP-866-1,TRIP-86640a-0,2025-09-11 16:37:38,HARD_BRAKE,1.43,3,NONE
EVT-TRIP-866-0,TRIP-86640a-1,2025-09-11 16:37:28,HARD_BRAKE,0.86,2,NONE
EVT-TRIP-866-1,TRIP-86640a-1,2025-09-11 16:37:38,DISTRACTION,1.15,2,APP
EVT-TRIP-866-0,TRIP-86640a-2,2025-09-11 16:37:28,SPEEDING,1.49,2,APP
EVT-TRIP-866-1,TRIP-86640a-2,2025-09-11 16:37:38,DISTRACTION,1.45,2,APP
EVT-TRIP-a87-0,TRIP-a87a31-0,2025-09-11 16:37:28,HARD_BRAKE,0.67,2,TEXT
EVT-TRIP-a87-1,TRIP-a87a31-0,2025-09-11 16:37:38,DISTRACTION,0.65,1,CALL
EVT-TRIP-a87-2,TRIP-a87a31-0,2025-09-11 16:37:48,DISTRACTION,1.32,5,CALL
EVT-TRIP-a87-0,TRIP-a87a31-1,2025-09-11 16:37:28,SPEEDING,1.13,1,TEXT
EVT-TRIP-a87-1,TRIP-a87a31-1,2025-09-11 16:37:38,DISTRACTION,0.67,1,APP
EVT-TRIP-a87-2,TRIP-a87a31-1,2025-09-11 16:37:48,DISTRACTION,0.7,5,APP
EVT-TRIP-a87-3,TRIP-a87a31-1,2025-09-11 16:37:58,DISTRACTION,1.14,5,APP
EVT-TRIP-a87-0,TRIP-a87a31-2,2025-09-11 16:37:28,HARD_BRAKE,1.34,2,APP
EVT-TRIP-a87-1,TRIP-a87a31-2,2025-09-11 16:37:38,SPEEDING,0.66,1,CALL
EVT-TRIP-b00-0,TRIP-b00038-0,2025-09-11 16:37:28,SPEEDING,0.96,2,TEXT
EVT-TRIP-b00-1,TRIP-b00038-0,2025-09-11 16:37:38,HARD_BRAKE,1.5,3,CALL
EVT-TRIP-b00-2,TRIP-b00038-0,2025-09-11 16:37:48,SPEEDING,0.56,1,APP
EVT-TRIP-b00-3,TRIP-b00038-0,2025-09-11 16:37:58,HARD_BRAKE,0.79,5,NONE
EVT-TRIP-b00-4,TRIP-b00038-0,2025-09-11 16:38:08,HARD_BRAKE,1.5,3,CALL
EVT-TRIP-b00-0,TRIP-b00038-1,2025-09-11 16:37:28,HARD_BRAKE,0.9,4,NONE
EVT-TRIP-b00-1,TRIP-b00038-1,2025-09-11 16:37:38,DISTRACTION,0.77,3,NONE
EVT-TRIP-b00-2,TRIP-b00038-1,2025-09-11 16:37:48,DISTRACTION,1.49,2,NONE
EVT-TRIP-b00-3,TRIP-b00038-1,2025-09-11 16:37:58,DISTRACTION,0.69,3,NONE
EVT-TRIP-b00-0,TRIP-b00038-2,2025-09-11 16:37:28,SPEEDING,1.39,4,APP
EVT-TRIP-b00-1,TRIP-b00038-2,2025-09-11 16:37:38,HARD_BRAKE,1.34,2,APP
EVT-TRIP-b00-2,TRIP-b00038-2,2025-09-11 16:37:48,HARD_BRAKE,1.29,1,CALL
EVT-TRIP-b11-0,TRIP-b11f66-0,2025-09-11 16:37:28,SPEEDING,0.52,5,TEXT
EVT-TRIP-b11-1,TRIP-b11f66-0,2025-09-11 16:37:38,SPEEDING,1.11,4,TEXT
EVT-TRIP-b11-0,TRIP-b11f66-1,2025-09-11 16:37:28,SPEEDING,1.41,1,CALL
EVT-TRIP-b11-1,TRIP-b11f66-1,2025-09-11 16:37:38,DISTRACTION,1.08,2,NONE
EVT-TRIP-b11-0,TRIP-b11f66-2,2025-09-11 16:37:28,HARD_BRAKE,0.75,5,CALL
EVT-TRIP-b11-1,TRIP-b11f66-2,2025-09-11 16:37:38,DISTRACTION,0.94,4,NONE
EVT-TRIP-515-0,TRIP-5153a2-0,2025-09-11 16:37:28,HARD_BRAKE,1.45,5,TEXT
EVT-TRIP-515-1,TRIP-5153a2-0,2025-09-11 16:37:38,HARD_BRAKE,1.45,5,TEXT
EVT-TRIP-515-2,TRIP-5153a2-0,2025-09-11 16:37:48,DISTRACTION,0.67,2,APP
EVT-TRIP-515-0,TRIP-5153a2-1,2025-09-11 16:37:28,SPEEDING,1.42,4,CALL
EVT-TRIP-515-1,TRIP-5153a2-1,2025-09-11 16:37:38,DISTRACTION,1.07,5,APP
EVT-TRIP-515-2,TRIP-5153a2-1,2025-09-11 16:37:48,DISTRACTION,0.8,4,CALL
EVT-TRIP-515-0,TRIP-5153a2-2,2025-09-11 16:37:28,SPEEDING,0.5,5,NONE
EVT-TRIP-515-1,TRIP-5153a2-2,2025-09-11 16:37:38,DISTRACTION,1.25,4,CALL
EVT-TRIP-515-2,TRIP-5153a2-2,2025-09-11 16:37:48,DISTRACTION,1.39,1,APP
EVT-TRIP-785-0,TRIP-78596e-0,2025-09-11 16:37:28,HARD_BRAKE,0.98,1,NONE
EVT-TRIP-785-1,TRIP-78596e-0,2025-09-11 16:37:38,DISTRACTION,0.6,1,APP
EVT-TRIP-785-0,TRIP-78596e-1,2025-09-11 16:37:28,SPEEDING,0.95,4,NONE
EVT-TRIP-785-1,TRIP-78596e-1,2025-09-11 16:37:38,HARD_BRAKE,0.61,5,APP
EVT-TRIP-785-2,TRIP-78596e-1,2025-09-11 16:37:48,DISTRACTION,0.78,1,TEXT
EVT-TRIP-785-3,TRIP-78596e-1,2025-09-11 16:37:58,SPEEDING,1.06,2,APP
EVT-TRIP-785-4,TRIP-78596e-1,2025-09-11 16:38:08,DISTRACTION,1.27,4,TEXT
EVT-TRIP-785-0,TRIP-78596e-2,2025-09-11 16:37:28,DISTRACTION,0.97,5,NONE
EVT-TRIP-785-1,TRIP-78596e-2,2025-09-11 16:37:38,SPEEDING,1.18,2,CALL
EVT-TRIP-785-2,TRIP-78596e-2,2025-09-11 16:37:48,SPEEDING,1.06,4,APP
EVT-TRIP-785-3,TRIP-78596e-2,2025-09-11 16:37:58,DISTRACTION,1.2,2,TEXT
EVT-TRIP-785-4,TRIP-78596e-2,2025-09-11 16:38:08,HARD_BRAKE,0.56,3,APP
EVT-TRIP-052-0,TRIP-052b7a-0,2025-09-11 16:37:28,DISTRACTION,0.98,3,TEXT
EVT-TRIP-052-1,TRIP-052b7a-0,2025-09-11 16:37:38,SPEEDING,0.74,2,APP
EVT-TRIP-052-2,TRIP-052b7a-0,2025-09-11 16:37:48,HARD_BRAKE,0.96,3,APP
EVT-TRIP-052-0,TRIP-052b7a-1,2025-09-11 16:37:28,HARD_BRAKE,0.51,1,NONE
EVT-TRIP-052-1,TRIP-052b7a-1,2025-09-11 16:37:38,DISTRACTION,1.38,4,NONE
EVT-TRIP-052-0,TRIP-052b7a-2,2025-09-11 16:37:28,SPEEDING,1.32,3,NONE
EVT-TRIP-052-1,TRIP-052b7a-2,2025-09-11 16:37:38,DISTRACTION,0.78,4,TEXT
EVT-TRIP-052-2,TRIP-052b7a-2,2025-09-11 16:37:48,DISTRACTION,1.37,1,NONE
EVT-TRIP-55b-0,TRIP-55bfa8-0,2025-09-11 16:37:28,SPEEDING,0.6,5,CALL
EVT-TRIP-55b-1,TRIP-55bfa8-0,2025-09-11 16:37:38,SPEEDING,1.15,2,TEXT
EVT-TRIP-55b-2,TRIP-55bfa8-0,2025-09-11 16:37:48,HARD_BRAKE,0.69,4,APP
EVT-TRIP-55b-3,TRIP-55bfa8-0,2025-09-11 16:37:58,HARD_BRAKE,0.66,4,APP
EVT-TRIP-55b-0,TRIP-55bfa8-1,2025-09-11 16:37:28,SPEEDING,0.95,4,CALL
EVT-TRIP-55b-1,TRIP-55bfa8-1,2025-09-11 16:37:38,HARD_BRAKE,1.41,3,CALL
EVT-TRIP-55b-2,TRIP-55bfa8-1,2025-09-11 16:37:48,HARD_BRAKE,0.71,5,NONE
EVT-TRIP-55b-3,TRIP-55bfa8-1,2025-09-11 16:37:58,DISTRACTION,0.89,3,APP
EVT-TRIP-55b-4,TRIP-55bfa8-1,2025-09-11 16:38:08,SPEEDING,1.22,5,NONE
EVT-TRIP-55b-0,TRIP-55bfa8-2,2025-09-11 16:37:28,HARD_BRAKE,0.55,4,TEXT
EVT-TRIP-55b-1,TRIP-55bfa8-2,2025-09-11 16:37:38,DISTRACTION,1.21,1,NONE
EVT-TRIP-55b-2,TRIP-55bfa8-2,2025-09-11 16:37:48,DISTRACTION,1.44,5,APP
EVT-TRIP-16d-0,TRIP-16db46-0,2025-09-11 16:37:28,SPEEDING,1.22,3,TEXT
EVT-TRIP-16d-1,TRIP-16db46-0,2025-09-11 16:37:38,SPEEDING,0.98,4,APP
EVT-TRIP-16d-0,TRIP-16db46-1,2025-09-11 16:37:28,HARD_BRAKE,0.81,1,NONE
EVT-TRIP-16d-1,TRIP-16db46-1,2025-09-11 16:37:38,SPEEDING,1.34,2,APP
EVT-TRIP-16d-0,TRIP-16db46-2,2025-09-11 16:37:28,SPEEDING,0.57,1,NONE
EVT-TRIP-16d-1,TRIP-16db46-2,2025-09-11 16:37:38,HARD_BRAKE,0.57,1,APP
EVT-TRIP-16d-2,TRIP-16db46-2,2025-09-11 16:37:48,DISTRACTION,0.76,5,CALL
EVT-TRIP-16d-3,TRIP-16db46-2,2025-09-11 16:37:58,DISTRACTION,0.92,2,CALL
EVT-TRIP-16d-4,TRIP-16db46-2,2025-09-11 16:38:08,SPEEDING,1.41,2,APP
EVT-TRIP-efc-0,TRIP-efc2d1-0,2025-09-11 16:37:28,HARD_BRAKE,1.47,4,NONE
EVT-TRIP-efc-1,TRIP-efc2d1-0,2025-09-11 16:37:38,HARD_BRAKE,0.86,2,APP
EVT-TRIP-efc-2,TRIP-efc2d1-0,2025-09-11 16:37:48,HARD_BRAKE,1.16,3,CALL
EVT-TRIP-efc-3,TRIP-efc2d1-0,2025-09-11 16:37:58,DISTRACTION,0.89,3,TEXT
EVT-TRIP-efc-0,TRIP-efc2d1-1,2025-09-11 16:37:28,SPEEDING,1.24,2,CALL
EVT-TRIP-efc-1,TRIP-efc2d1-1,2025-09-11 16:37:38,DISTRACTION,1.3,1,CALL
EVT-TRIP-efc-2,TRIP-efc2d1-1,2025-09-11 16:37:48,HARD_BRAKE,1.12,2,TEXT
EVT-TRIP-efc-3,TRIP-efc2d1-1,2025-09-11 16:37:58,DISTRACTION,1.2,1,APP
EVT-TRIP-efc-0,TRIP-efc2d1-2,2025-09-11 16:37:28,DISTRACTION,1.08,4,NONE
EVT-TRIP-efc-1,TRIP-efc2d1-2,2025-09-11 16:37:38,HARD_BRAKE,0.98,2,TEXT
EVT-TRIP-efc-2,TRIP-efc2d1-2,2025-09-11 16:37:48,DISTRACTION,1.18,4,TEXT
EVT-TRIP-cc1-0,TRIP-cc14a9-0,2025-09-11 16:37:28,DISTRACTION,1.06,2,TEXT
EVT-TRIP-cc1-1,TRIP-cc14a9-0,2025-09-11 16:37:38,DISTRACTION,1.47,4,APP
EVT-TRIP-cc1-2,TRIP-cc14a9-0,2025-09-11 16:37:48,DISTRACTION,0.65,1,APP
EVT-TRIP-cc1-0,TRIP-cc14a9-1,2025-09-11 16:37:28,DISTRACTION,1.26,2,APP
EVT-TRIP-cc1-1,TRIP-cc14a9-1,2025-09-11 16:37:38,SPEEDING,0.58,2,CALL
EVT-TRIP-cc1-2,TRIP-cc14a9-1,2025-09-11 16:37:48,HARD_BRAKE,1.41,3,APP
EVT-TRIP-cc1-3,TRIP-cc14a9-1,2025-09-11 16:37:58,HARD_BRAKE,0.92,2,TEXT
EVT-TRIP-cc1-4,TRIP-cc14a9-1,2025-09-11 16:38:08,HARD_BRAKE,0.73,1,TEXT
EVT-TRIP-cc1-0,TRIP-cc14a9-2,2025-09-11 16:37:28,DISTRACTION,0.86,1,NONE
EVT-TRIP-cc1-1,TRIP-cc14a9-2,2025-09-11 16:37:38,DISTRACTION,0.94,4,CALL
EVT-TRIP-cc1-2,TRIP-cc14a9-2,2025-09-11 16:37:48,DISTRACTION,0.68,1,NONE
EVT-TRIP-cc1-3,TRIP-cc14a9-2,2025-09-11 16:37:58,SPEEDING,0.94,5,TEXT
EVT-TRIP-cc1-4,TRIP-cc14a9-2,2025-09-11 16:38:08,HARD_BRAKE,0.87,1,CALL
EVT-TRIP-51d-0,TRIP-51d4f2-0,2025-09-11 16:37:28,HARD_BRAKE,1.41,3,APP
EVT-TRIP-51d-1,TRIP-51d4f2-0,2025-09-11 16:37:38,DISTRACTION,1.22,1,CALL
EVT-TRIP-51d-2,TRIP-51d4f2-0,2025-09-11 16:37:48,DISTRACTION,0.76,3,APP
EVT-TRIP-51d-3,TRIP-51d4f2-0,2025-09-11 16:37:58,HARD_BRAKE,0.72,1,CALL
EVT-TRIP-51d-4,TRIP-51d4f2-0,2025-09-11 16:38:08,HARD_BRAKE,0.51,3,CALL
EVT-TRIP-51d-0,TRIP-51d4f2-1,2025-09-11 16:37:28,HARD_BRAKE,0.85,2,TEXT
EVT-TRIP-51d-1,TRIP-51d4f2-1,2025-09-11 16:37:38,DISTRACTION,0.89,3,CALL
EVT-TRIP-51d-2,TRIP-51d4f2-1,2025-09-11 16:37:48,DISTRACTION,0.97,3,NONE
EVT-TRIP-51d-0,TRIP-51d4f2-2,2025-09-11 16:37:28,SPEEDING,0.66,3,NONE
EVT-TRIP-51d-1,TRIP-51d4f2-2,2025-09-11 16:37:38,SPEEDING,0.78,5,CALL
EVT-TRIP-51d-2,TRIP-51d4f2-2,2025-09-11 16:37:48,DISTRACTION,0.9,2,APP
EVT-TRIP-51d-3,TRIP-51d4f2-2,2025-09-11 16:37:58,DISTRACTION,0.92,4,APP
EVT-TRIP-0ab-0,TRIP-0ab194-0,2025-09-11 16:37:28,DISTRACTION,1.0,1,TEXT
EVT-TRIP-0ab-1,TRIP-0ab194-0,2025-09-11 16:37:38,DISTRACTION,1.35,3,CALL
EVT-TRIP-0ab-2,TRIP-0ab194-0,2025-09-11 16:37:48,HARD_BRAKE,0.7,3,NONE
EVT-TRIP-0ab-3,TRIP-0ab194-0,2025-09-11 16:37:58,DISTRACTION,1.07,4,APP
EVT-TRIP-0ab-4,TRIP-0ab194-0,2025-09-11 16:38:08,DISTRACTION,0.71,3,APP
EVT-TRIP-0ab-0,TRIP-0ab194-1,2025-09-11 16:37:28,DISTRACTION,0.65,4,NONE
EVT-TRIP-0ab-1,TRIP-0ab194-1,2025-09-11 16:37:38,SPEEDING,1.4,5,TEXT
EVT-TRIP-0ab-2,TRIP-0ab194-1,2025-09-11 16:37:48,DISTRACTION,0.77,5,APP
EVT-TRIP-0ab-3,TRIP-0ab194-1,2025-09-11 16:37:58,DISTRACTION,1.08,4,CALL
EVT-TRIP-0ab-4,TRIP-0ab194-1,2025-09-11 16:38:08,SPEEDING,0.78,4,TEXT
EVT-TRIP-0ab-0,TRIP-0ab194-2,2025-09-11 16:37:28,SPEEDING,0.89,5,CALL
EVT-TRIP-0ab-1,TRIP-0ab194-2,2025-09-11 16:37:38,HARD_BRAKE,1.39,2,NONE
EVT-TRIP-2f5-0,TRIP-2f514e-0,2025-09-11 16:37:28,DISTRACTION,0.97,2,APP
EVT-TRIP-2f5-1,TRIP-2f514e-0,2025-09-11 16:37:38,HARD_BRAKE,0.64,2,CALL
EVT-TRIP-2f5-0,TRIP-2f514e-1,2025-09-11 16:37:28,DISTRACTION,0.72,4,NONE
EVT-TRIP-2f5-1,TRIP-2f514e-1,2025-09-11 16:37:38,DISTRACTION,0.92,1,TEXT
EVT-TRIP-2f5-0,TRIP-2f514e-2,2025-09-11 16:37:28,HARD_BRAKE,0.68,1,APP
EVT-TRIP-2f5-1,TRIP-2f514e-2,2025-09-11 16:37:38,DISTRACTION,0.6,5,NONE
EVT-TRIP-2f5-2,TRIP-2f514e-2,2025-09-11 16:37:48,DISTRACTION,1.25,4,CALL
EVT-TRIP-c4c-0,TRIP-c4c189-0,2025-09-11 16:37:28,HARD_BRAKE,1.03,5,NONE
EVT-TRIP-c4c-1,TRIP-c4c189-0,2025-09-11 16:37:38,SPEEDING,1.48,5,NONE
EVT-TRIP-c4c-2,TRIP-c4c189-0,2025-09-11 16:37:48,SPEEDING,0.68,4,TEXT
EVT-TRIP-c4c-3,TRIP-c4c189-0,2025-09-11 16:37:58,DISTRACTION,1.31,1,NONE
EVT-TRIP-c4c-4,TRIP-c4c189-0,2025-09-11 16:38:08,SPEEDING,0.89,5,TEXT
EVT-TRIP-c4c-0,TRIP-c4c189-1,2025-09-11 16:37:28,SPEEDING,1.35,5,CALL
EVT-TRIP-c4c-1,TRIP-c4c189-1,2025-09-11 16:37:38,SPEEDING,1.27,5,NONE
EVT-TRIP-c4c-2,TRIP-c4c189-1,2025-09-11 16:37:48,HARD_BRAKE,0.96,2,NONE
EVT-TRIP-c4c-3,TRIP-c4c189-1,2025-09-11 16:37:58,DISTRACTION,1.22,2,CALL
EVT-TRIP-c4c-0,TRIP-c4c189-2,2025-09-11 16:37:28,DISTRACTION,1.34,2,TEXT
EVT-TRIP-c4c-1,TRIP-c4c189-2,2025-09-11 16:37:38,HARD_BRAKE,1.33,4,NONE
EVT-TRIP-7e1-0,TRIP-7e178e-0,2025-09-11 16:37:28,DISTRACTION,1.32,4,NONE
EVT-TRIP-7e1-1,TRIP-7e178e-0,2025-09-11 16:37:38,HARD_BRAKE,0.67,1,NONE
EVT-TRIP-7e1-0,TRIP-7e178e-1,2025-09-11 16:37:28,HARD_BRAKE,0.86,5,TEXT
EVT-TRIP-7e1-1,TRIP-7e178e-1,2025-09-11 16:37:38,SPEEDING,1.12,2,NONE
EVT-TRIP-7e1-0,TRIP-7e178e-2,2025-09-11 16:37:28,SPEEDING,1.06,1,NONE
EVT-TRIP-7e1-1,TRIP-7e178e-2,2025-09-11 16:37:38,SPEEDING,1.23,2,TEXT
EVT-TRIP-7e1-2,TRIP-7e178e-2,2025-09-11 16:37:48,SPEEDING,0.95,5,APP
EVT-TRIP-7e1-3,TRIP-7e178e-2,2025-09-11 16:37:58,SPEEDING,0.58,1,CALL
EVT-TRIP-68a-0,TRIP-68a881-0,2025-09-11 16:37:28,DISTRACTION,1.5,1,APP
EVT-TRIP-68a-1,TRIP-68a881-0,2025-09-11 16:37:38,SPEEDING,0.81,2,CALL
EVT-TRIP-68a-2,TRIP-68a881-0,2025-09-11 16:37:48,HARD_BRAKE,1.37,3,CALL
EVT-TRIP-68a-3,TRIP-68a881-0,2025-09-11 16:37:58,HARD_BRAKE,1.41,4,APP
EVT-TRIP-68a-0,TRIP-68a881-1,2025-09-11 16:37:28,DISTRACTION,0.84,3,APP
EVT-TRIP-68a-1,TRIP-68a881-1,2025-09-11 16:37:38,DISTRACTION,0.7,4,NONE
EVT-TRIP-68a-2,TRIP-68a881-1,2025-09-11 16:37:48,HARD_BRAKE,1.31,1,NONE
EVT-TRIP-68a-3,TRIP-68a881-1,2025-09-11 16:37:58,HARD_BRAKE,0.63,4,TEXT
EVT-TRIP-68a-4,TRIP-68a881-1,2025-09-11 16:38:08,HARD_BRAKE,1.32,2,NONE
EVT-TRIP-68a-0,TRIP-68a881-2,2025-09-11 16:37:28,DISTRACTION,0.75,2,NONE
EVT-TRIP-68a-1,TRIP-68a881-2,2025-09-11 16:37:38,HARD_BRAKE,0.66,3,CALL
EVT-TRIP-578-0,TRIP-578c8a-0,2025-09-11 16:37:28,DISTRACTION,0.83,5,TEXT
EVT-TRIP-578-1,TRIP-578c8a-0,2025-09-11 16:37:38,SPEEDING,0.94,2,APP
EVT-TRIP-578-0,TRIP-578c8a-1,2025-09-11 16:37:28,SPEEDING,1.03,5,CALL
EVT-TRIP-578-1,TRIP-578c8a-1,2025-09-11 16:37:38,HARD_BRAKE,0.91,4,TEXT
EVT-TRIP-578-2,TRIP-578c8a-1,2025-09-11 16:37:48,HARD_BRAKE,0.69,2,CALL
EVT-TRIP-578-3,TRIP-578c8a-1,2025-09-11 16:37:58,HARD_BRAKE,1.19,3,CALL
EVT-TRIP-578-4,TRIP-578c8a-1,2025-09-11 16:38:08,HARD_BRAKE,0.64,3,APP
EVT-TRIP-578-0,TRIP-578c8a-2,2025-09-11 16:37:28,SPEEDING,0.68,3,APP
EVT-TRIP-578-1,TRIP-578c8a-2,2025-09-11 16:37:38,DISTRACTION,1.15,3,NONE
EVT-TRIP-578-2,TRIP-578c8a-2,2025-09-11 16:37:48,SPEEDING,1.47,3,NONE
EVT-TRIP-578-3,TRIP-578c8a-2,2025-09-11 16:37:58,SPEEDING,0.61,3,CALL
EVT-TRIP-578-4,TRIP-578c8a-2,2025-09-11 16:38:08,DISTRACTION,1.25,2,APP
EVT-TRIP-2bb-0,TRIP-2bb0a5-0,2025-09-11 16:37:28,HARD_BRAKE,0.68,3,CALL
EVT-TRIP-2bb-1,TRIP-2bb0a5-0,2025-09-11 16:37:38,SPEEDING,0.94,3,CALL
EVT-TRIP-2bb-0,TRIP-2bb0a5-1,2025-09-11 16:37:28,HARD_BRAKE,0.52,1,NONE
EVT-TRIP-2bb-1,TRIP-2bb0a5-1,2025-09-11 16:37:38,DISTRACTION,0.85,5,CALL
EVT-TRIP-2bb-0,TRIP-2bb0a5-2,2025-09-11 16:37:28,DISTRACTION,1.1,3,TEXT
EVT-TRIP-2bb-1,TRIP-2bb0a5-2,2025-09-11 16:37:38,HARD_BRAKE,1.1,5,NONE
EVT-TRIP-2bb-2,TRIP-2bb0a5-2,2025-09-11 16:37:48,DISTRACTION,0.87,2,TEXT
EVT-TRIP-2bb-3,TRIP-2bb0a5-2,2025-09-11 16:37:58,DISTRACTION,0.78,1,NONE
EVT-TRIP-2bb-4,TRIP-2bb0a5-2,2025-09-11 16:38:08,DISTRACTION,1.27,2,APP
EVT-TRIP-bd4-0,TRIP-bd455e-0,2025-09-11 16:37:28,DISTRACTION,0.76,5,APP
EVT-TRIP-bd4-1,TRIP-bd455e-0,2025-09-11 16:37:38,DISTRACTION,0.51,1,TEXT
EVT-TRIP-bd4-2,TRIP-bd455e-0,2025-09-11 16:37:48,SPEEDING,0.67,5,NONE
EVT-TRIP-bd4-3,TRIP-bd455e-0,2025-09-11 16:37:58,DISTRACTION,1.06,5,CALL
EVT-TRIP-bd4-0,TRIP-bd455e-1,2025-09-11 16:37:28,SPEEDING,1.06,3,NONE
EVT-TRIP-bd4-1,TRIP-bd455e-1,2025-09-11 16:37:38,HARD_BRAKE,0.51,4,APP
EVT-TRIP-bd4-0,TRIP-bd455e-2,2025-09-11 16:37:28,HARD_BRAKE,1.06,3,NONE
EVT-TRIP-bd4-1,TRIP-bd455e-2,2025-09-11 16:37:38,HARD_BRAKE,1.11,1,CALL
EVT-TRIP-99d-0,TRIP-99dedb-0,2025-09-11 16:37:28,DISTRACTION,0.98,1,APP
EVT-TRIP-99d-1,TRIP-99dedb-0,2025-09-11 16:37:38,DISTRACTION,1.5,2,CALL
EVT-TRIP-99d-2,TRIP-99dedb-0,2025-09-11 16:37:48,HARD_BRAKE,1.38,4,NONE
EVT-TRIP-99d-3,TRIP-99dedb-0,2025-09-11 16:37:58,DISTRACTION,1.49,3,NONE
EVT-TRIP-99d-4,TRIP-99dedb-0,2025-09-11 16:38:08,SPEEDING,1.05,2,APP
EVT-TRIP-99d-0,TRIP-99dedb-1,2025-09-11 16:37:28,DISTRACTION,1.08,3,NONE
EVT-TRIP-99d-1,TRIP-99dedb-1,2025-09-11 16:37:38,DISTRACTION,0.66,1,NONE
EVT-TRIP-99d-2,TRIP-99dedb-1,2025-09-11 16:37:48,HARD_BRAKE,1.17,2,CALL
EVT-TRIP-99d-3,TRIP-99dedb-1,2025-09-11 16:37:58,SPEEDING,0.7,3,NONE
EVT-TRIP-99d-0,TRIP-99dedb-2,2025-09-11 16:37:28,SPEEDING,0.58,3,CALL
EVT-TRIP-99d-1,TRIP-99dedb-2,2025-09-11 16:37:38,HARD_BRAKE,1.19,1,NONE
EVT-TRIP-99d-2,TRIP-99dedb-2,2025-09-11 16:37:48,HARD_BRAKE,0.71,3,APP
EVT-TRIP-99d-3,TRIP-99dedb-2,2025-09-11 16:37:58,SPEEDING,1.08,1,NONE
EVT-TRIP-6ca-0,TRIP-6ca513-0,2025-09-11 16:37:28,HARD_BRAKE,1.34,3,TEXT
EVT-TRIP-6ca-1,TRIP-6ca513-0,2025-09-11 16:37:38,SPEEDING,1.05,1,APP
EVT-TRIP-6ca-2,TRIP-6ca513-0,2025-09-11 16:37:48,SPEEDING,1.47,1,NONE
EVT-TRIP-6ca-3,TRIP-6ca513-0,2025-09-11 16:37:58,SPEEDING,0.62,3,CALL
EVT-TRIP-6ca-0,TRIP-6ca513-1,2025-09-11 16:37:28,SPEEDING,0.93,3,TEXT
EVT-TRIP-6ca-1,TRIP-6ca513-1,2025-09-11 16:37:38,DISTRACTION,1.4,3,TEXT
EVT-TRIP-6ca-2,TRIP-6ca513-1,2025-09-11 16:37:48,SPEEDING,1.08,5,TEXT
EVT-TRIP-6ca-3,TRIP-6ca513-1,2025-09-11 16:37:58,HARD_BRAKE,1.4,5,TEXT
EVT-TRIP-6ca-0,TRIP-6ca513-2,2025-09-11 16:37:28,SPEEDING,0.68,1,CALL
EVT-TRIP-6ca-1,TRIP-6ca513-2,2025-09-11 16:37:38,SPEEDING,0.72,2,TEXT
EVT-TRIP-6ca-2,TRIP-6ca513-2,2025-09-11 16:37:48,DISTRACTION,1.16,4,TEXT
EVT-TRIP-6ca-3,TRIP-6ca513-2,2025-09-11 16:37:58,HARD_BRAKE,0.6,1,APP
EVT-TRIP-6ca-4,TRIP-6ca513-2,2025-09-11 16:38:08,DISTRACTION,1.23,4,CALL
EVT-TRIP-e13-0,TRIP-e13b59-0,2025-09-11 16:37:28,HARD_BRAKE,1.07,3,TEXT
EVT-TRIP-e13-1,TRIP-e13b59-0,2025-09-11 16:37:38,HARD_BRAKE,0.6,4,APP
EVT-TRIP-e13-2,TRIP-e13b59-0,2025-09-11 16:37:48,SPEEDING,1.2,5,APP
EVT-TRIP-e13-0,TRIP-e13b59-1,2025-09-11 16:37:28,HARD_BRAKE,0.56,4,NONE
EVT-TRIP-e13-1,TRIP-e13b59-1,2025-09-11 16:37:38,HARD_BRAKE,0.65,4,APP
EVT-TRIP-e13-0,TRIP-e13b59-2,2025-09-11 16:37:28,DISTRACTION,0.74,3,TEXT
EVT-TRIP-e13-1,TRIP-e13b59-2,2025-09-11 16:37:38,DISTRACTION,0.97,2,APP
EVT-TRIP-e13-2,TRIP-e13b59-2,2025-09-11 16:37:48,DISTRACTION,0.63,5,NONE
EVT-TRIP-471-0,TRIP-4710dd-0,2025-09-11 16:37:28,HARD_BRAKE,0.69,5,APP
EVT-TRIP-471-1,TRIP-4710dd-0,2025-09-11 16:37:38,HARD_BRAKE,0.9,4,NONE
EVT-TRIP-471-2,TRIP-4710dd-0,2025-09-11 16:37:48,HARD_BRAKE,1.49,2,TEXT
EVT-TRIP-471-0,TRIP-4710dd-1,2025-09-11 16:37:28,DISTRACTION,1.48,5,CALL
EVT-TRIP-471-1,TRIP-4710dd-1,2025-09-11 16:37:38,DISTRACTION,1.37,2,NONE
EVT-TRIP-471-2,TRIP-4710dd-1,2025-09-11 16:37:48,DISTRACTION,1.02,2,NONE
EVT-TRIP-471-3,TRIP-4710dd-1,2025-09-11 16:37:58,SPEEDING,1.04,5,NONE
EVT-TRIP-471-4,TRIP-4710dd-1,2025-09-11 16:38:08,HARD_BRAKE,0.53,1,CALL
EVT-TRIP-471-0,TRIP-4710dd-2,2025-09-11 16:37:28,SPEEDING,0.78,1,TEXT
EVT-TRIP-471-1,TRIP-4710dd-2,2025-09-11 16:37:38,DISTRACTION,1.12,5,CALL
EVT-TRIP-471-2,TRIP-4710dd-2,2025-09-11 16:37:48,HARD_BRAKE,0.92,3,CALL
EVT-TRIP-7ba-0,TRIP-7ba662-0,2025-09-11 16:37:28,DISTRACTION,1.19,5,APP
EVT-TRIP-7ba-1,TRIP-7ba662-0,2025-09-11 16:37:38,HARD_BRAKE,0.61,1,CALL
EVT-TRIP-7ba-2,TRIP-7ba662-0,2025-09-11 16:37:48,SPEEDING,0.64,1,APP
EVT-TRIP-7ba-3,TRIP-7ba662-0,2025-09-11 16:37:58,SPEEDING,0.72,5,NONE
EVT-TRIP-7ba-0,TRIP-7ba662-1,2025-09-11 16:37:28,HARD_BRAKE,0.93,5,TEXT
EVT-TRIP-7ba-1,TRIP-7ba662-1,2025-09-11 16:37:38,HARD_BRAKE,1.05,2,NONE
EVT-TRIP-7ba-2,TRIP-7ba662-1,2025-09-11 16:37:48,DISTRACTION,1.31,2,APP
EVT-TRIP-7ba-0,TRIP-7ba662-2,2025-09-11 16:37:28,HARD_BRAKE,0.61,2,TEXT
EVT-TRIP-7ba-1,TRIP-7ba662-2,2025-09-11 16:37:38,DISTRACTION,1.25,2,NONE
EVT-TRIP-7ba-2,TRIP-7ba662-2,2025-09-11 16:37:48,DISTRACTION,0.95,2,TEXT
EVT-TRIP-7ba-3,TRIP-7ba662-2,2025-09-11 16:37:58,SPEEDING,1.21,2,CALL
EVT-TRIP-7ba-4,TRIP-7ba662-2,2025-09-11 16:38:08,SPEEDING,1.41,1,NONE
EVT-TRIP-64b-0,TRIP-64bad3-0,2025-09-11 16:37:28,DISTRACTION,0.91,1,TEXT
EVT-TRIP-64b-1,TRIP-64bad3-0,2025-09-11 16:37:38,HARD_BRAKE,1.28,5,APP
EVT-TRIP-64b-0,TRIP-64bad3-1,2025-09-11 16:37:28,SPEEDING,1.12,5,NONE
EVT-TRIP-64b-1,TRIP-64bad3-1,2025-09-11 16:37:38,SPEEDING,0.96,3,TEXT
EVT-TRIP-64b-2,TRIP-64bad3-1,2025-09-11 16:37:48,DISTRACTION,1.31,1,TEXT
EVT-TRIP-64b-0,TRIP-64bad3-2,2025-09-11 16:37:28,DISTRACTION,1.43,4,TEXT
EVT-TRIP-64b-1,TRIP-64bad3-2,2025-09-11 16:37:38,DISTRACTION,0.74,2,TEXT
EVT-TRIP-64b-2,TRIP-64bad3-2,2025-09-11 16:37:48,HARD_BRAKE,0.81,3,CALL
EVT-TRIP-64b-3,TRIP-64bad3-2,2025-09-11 16:37:58,DISTRACTION,1.41,4,APP
EVT-TRIP-5ee-0,TRIP-5ee0e5-0,2025-09-11 16:37:28,DISTRACTION,0.75,5,APP
EVT-TRIP-5ee-1,TRIP-5ee0e5-0,2025-09-11 16:37:38,HARD_BRAKE,1.46,5,APP
EVT-TRIP-5ee-2,TRIP-5ee0e5-0,2025-09-11 16:37:48,HARD_BRAKE,1.12,4,TEXT
EVT-TRIP-5ee-0,TRIP-5ee0e5-1,2025-09-11 16:37:28,DISTRACTION,0.75,1,CALL
EVT-TRIP-5ee-1,TRIP-5ee0e5-1,2025-09-11 16:37:38,HARD_BRAKE,1.36,5,TEXT
EVT-TRIP-5ee-0,TRIP-5ee0e5-2,2025-09-11 16:37:28,SPEEDING,0.61,3,TEXT
EVT-TRIP-5ee-1,TRIP-5ee0e5-2,2025-09-11 16:37:38,SPEEDING,0.89,1,NONE
EVT-TRIP-5ee-2,TRIP-5ee0e5-2,2025-09-11 16:37:48,DISTRACTION,1.33,4,CALL
EVT-TRIP-5ee-3,TRIP-5ee0e5-2,2025-09-11 16:37:58,DISTRACTION,0.98,3,NONE
EVT-TRIP-38e-0,TRIP-38e905-0,2025-09-11 16:37:28,SPEEDING,0.9,5,CALL
EVT-TRIP-38e-1,TRIP-38e905-0,2025-09-11 16:37:38,HARD_BRAKE,1.35,5,NONE
EVT-TRIP-38e-2,TRIP-38e905-0,2025-09-11 16:37:48,HARD_BRAKE,1.24,5,CALL
EVT-TRIP-38e-0,TRIP-38e905-1,2025-09-11 16:37:28,HARD_BRAKE,0.61,4,NONE
EVT-TRIP-38e-1,TRIP-38e905-1,2025-09-11 16:37:38,SPEEDING,1.03,3,CALL
EVT-TRIP-38e-2,TRIP-38e905-1,2025-09-11 16:37:48,HARD_BRAKE,0.64,1,TEXT
EVT-TRIP-38e-3,TRIP-38e905-1,2025-09-11 16:37:58,SPEEDING,0.85,2,APP
EVT-TRIP-38e-0,TRIP-38e905-2,2025-09-11 16:37:28,HARD_BRAKE,0.56,2,TEXT
EVT-TRIP-38e-1,TRIP-38e905-2,2025-09-11 16:37:38,SPEEDING,1.11,5,APP
EVT-TRIP-38e-2,TRIP-38e905-2,2025-09-11 16:37:48,HARD_BRAKE,0.56,4,CALL
EVT-TRIP-4fb-0,TRIP-4fbbd4-0,2025-09-11 16:37:28,SPEEDING,0.8,4,APP
EVT-TRIP-4fb-1,TRIP-4fbbd4-0,2025-09-11 16:37:38,SPEEDING,0.8,2,NONE
EVT-TRIP-4fb-2,TRIP-4fbbd4-0,2025-09-11 16:37:48,SPEEDING,0.59,2,CALL
EVT-TRIP-4fb-3,TRIP-4fbbd4-0,2025-09-11 16:37:58,HARD_BRAKE,0.81,5,TEXT
EVT-TRIP-4fb-4,TRIP-4fbbd4-0,2025-09-11 16:38:08,HARD_BRAKE,1.45,2,TEXT
EVT-TRIP-4fb-0,TRIP-4fbbd4-1,2025-09-11 16:37:28,DISTRACTION,1.03,1,TEXT
EVT-TRIP-4fb-1,TRIP-4fbbd4-1,2025-09-11 16:37:38,DISTRACTION,1.47,2,NONE
EVT-TRIP-4fb-2,TRIP-4fbbd4-1,2025-09-11 16:37:48,SPEEDING,0.96,5,CALL
EVT-TRIP-4fb-3,TRIP-4fbbd4-1,2025-09-11 16:37:58,HARD_BRAKE,1.1,5,TEXT
EVT-TRIP-4fb-4,TRIP-4fbbd4-1,2025-09-11 16:38:08,HARD_BRAKE,1.38,2,APP
EVT-TRIP-4fb-0,TRIP-4fbbd4-2,2025-09-11 16:37:28,DISTRACTION,1.2,2,CALL
EVT-TRIP-4fb-1,TRIP-4fbbd4-2,2025-09-11 16:37:38,SPEEDING,1.28,3,NONE
EVT-TRIP-4fb-2,TRIP-4fbbd4-2,2025-09-11 16:37:48,HARD_BRAKE,0.52,3,APP
EVT-TRIP-e50-0,TRIP-e506ac-0,2025-09-11 16:37:28,DISTRACTION,1.37,4,CALL
EVT-TRIP-e50-1,TRIP-e506ac-0,2025-09-11 16:37:38,DISTRACTION,0.93,2,APP
EVT-TRIP-e50-0,TRIP-e506ac-1,2025-09-11 16:37:28,HARD_BRAKE,1.42,2,NONE
EVT-TRIP-e50-1,TRIP-e506ac-1,2025-09-11 16:37:38,SPEEDING,0.82,5,NONE
EVT-TRIP-e50-2,TRIP-e506ac-1,2025-09-11 16:37:48,HARD_BRAKE,0.75,3,NONE
EVT-TRIP-e50-0,TRIP-e506ac-2,2025-09-11 16:37:28,HARD_BRAKE,1.32,1,CALL
EVT-TRIP-e50-1,TRIP-e506ac-2,2025-09-11 16:37:38,HARD_BRAKE,0.89,3,TEXT
EVT-TRIP-e50-2,TRIP-e506ac-2,2025-09-11 16:37:48,DISTRACTION,1.23,3,APP
EVT-TRIP-e50-3,TRIP-e506ac-2,2025-09-11 16:37:58,DISTRACTION,1.04,4,TEXT
EVT-TRIP-1b4-0,TRIP-1b458e-0,2025-09-11 16:37:28,SPEEDING,1.36,1,CALL
EVT-TRIP-1b4-1,TRIP-1b458e-0,2025-09-11 16:37:38,HARD_BRAKE,1.05,3,APP
EVT-TRIP-1b4-2,TRIP-1b458e-0,2025-09-11 16:37:48,HARD_BRAKE,0.76,1,NONE
EVT-TRIP-1b4-0,TRIP-1b458e-1,2025-09-11 16:37:28,DISTRACTION,1.11,3,CALL
EVT-TRIP-1b4-1,TRIP-1b458e-1,2025-09-11 16:37:38,DISTRACTION,0.64,4,APP
EVT-TRIP-1b4-2,TRIP-1b458e-1,2025-09-11 16:37:48,DISTRACTION,1.44,1,TEXT
EVT-TRIP-1b4-3,TRIP-1b458e-1,2025-09-11 16:37:58,HARD_BRAKE,1.44,2,TEXT
EVT-TRIP-1b4-4,TRIP-1b458e-1,2025-09-11 16:38:08,HARD_BRAKE,0.99,2,TEXT
EVT-TRIP-1b4-0,TRIP-1b458e-2,2025-09-11 16:37:28,SPEEDING,0.94,2,CALL
EVT-TRIP-1b4-1,TRIP-1b458e-2,2025-09-11 16:37:38,HARD_BRAKE,1.46,5,CALL
EVT-TRIP-1b4-2,TRIP-1b458e-2,2025-09-11 16:37:48,DISTRACTION,0.99,2,CALL
EVT-TRIP-1b4-3,TRIP-1b458e-2,2025-09-11 16:37:58,HARD_BRAKE,1.06,1,CALL
EVT-TRIP-1b4-4,TRIP-1b458e-2,2025-09-11 16:38:08,HARD_BRAKE,1.12,3,APP
EVT-TRIP-1b7-0,TRIP-1b7529-0,2025-09-11 16:37:28,SPEEDING,0.58,5,CALL
EVT-TRIP-1b7-1,TRIP-1b7529-0,2025-09-11 16:37:38,SPEEDING,1.29,5,NONE
EVT-TRIP-1b7-2,TRIP-1b7529-0,2025-09-11 16:37:48,DISTRACTION,1.08,5,APP
EVT-TRIP-1b7-3,TRIP-1b7529-0,2025-09-11 16:37:58,DISTRACTION,0.8,1,TEXT
EVT-TRIP-1b7-0,TRIP-1b7529-1,2025-09-11 16:37:28,DISTRACTION,0.79,5,NONE
EVT-TRIP-1b7-1,TRIP-1b7529-1,2025-09-11 16:37:38,DISTRACTION,0.54,2,TEXT
EVT-TRIP-1b7-2,TRIP-1b7529-1,2025-09-11 16:37:48,HARD_BRAKE,1.07,5,TEXT
EVT-TRIP-1b7-3,TRIP-1b7529-1,2025-09-11 16:37:58,DISTRACTION,1.44,4,APP
EVT-TRIP-1b7-0,TRIP-1b7529-2,2025-09-11 16:37:28,DISTRACTION,1.43,5,NONE
EVT-TRIP-1b7-1,TRIP-1b7529-2,2025-09-11 16:37:38,HARD_BRAKE,1.04,3,TEXT
EVT-TRIP-1b7-2,TRIP-1b7529-2,2025-09-11 16:37:48,DISTRACTION,0.7,2,NONE
EVT-TRIP-1b7-3,TRIP-1b7529-2,2025-09-11 16:37:58,SPEEDING,1.25,1,NONE
EVT-TRIP-1b7-4,TRIP-1b7529-2,2025-09-11 16:38:08,DISTRACTION,1.08,5,CALL
EVT-TRIP-ef8-0,TRIP-ef864b-0,2025-09-11 16:37:28,DISTRACTION,0.69,5,NONE
EVT-TRIP-ef8-1,TRIP-ef864b-0,2025-09-11 16:37:38,HARD_BRAKE,0.94,4,TEXT
EVT-TRIP-ef8-2,TRIP-ef864b-0,2025-09-11 16:37:48,HARD_BRAKE,1.07,2,APP
EVT-TRIP-ef8-0,TRIP-ef864b-1,2025-09-11 16:37:28,HARD_BRAKE,1.29,5,TEXT
EVT-TRIP-ef8-1,TRIP-ef864b-1,2025-09-11 16:37:38,SPEEDING,1.33,1,CALL
EVT-TRIP-ef8-2,TRIP-ef864b-1,2025-09-11 16:37:48,SPEEDING,1.29,4,TEXT
EVT-TRIP-ef8-0,TRIP-ef864b-2,2025-09-11 16:37:28,SPEEDING,1.11,2,TEXT
EVT-TRIP-ef8-1,TRIP-ef864b-2,2025-09-11 16:37:38,SPEEDING,1.29,4,CALL
EVT-TRIP-ef8-2,TRIP-ef864b-2,2025-09-11 16:37:48,HARD_BRAKE,1.35,5,CALL
EVT-TRIP-ef8-3,TRIP-ef864b-2,2025-09-11 16:37:58,DISTRACTION,0.57,1,APP
EVT-TRIP-ef8-4,TRIP-ef864b-2,2025-09-11 16:38:08,DISTRACTION,0.86,4,APP
EVT-TRIP-2d7-0,TRIP-2d790d-0,2025-09-11 16:37:28,DISTRACTION,0.99,4,CALL
EVT-TRIP-2d7-1,TRIP-2d790d-0,2025-09-11 16:37:38,DISTRACTION,1.1,2,CALL
EVT-TRIP-2d7-0,TRIP-2d790d-1,2025-09-11 16:37:28,HARD_BRAKE,1.02,1,NONE
EVT-TRIP-2d7-1,TRIP-2d790d-1,2025-09-11 16:37:38,SPEEDING,0.94,3,NONE
EVT-TRIP-2d7-2,TRIP-2d790d-1,2025-09-11 16:37:48,HARD_BRAKE,0.54,4,APP
EVT-TRIP-2d7-3,TRIP-2d790d-1,2025-09-11 16:37:58,DISTRACTION,1.04,4,CALL
EVT-TRIP-2d7-0,TRIP-2d790d-2,2025-09-11 16:37:28,HARD_BRAKE,1.16,4,APP
EVT-TRIP-2d7-1,TRIP-2d790d-2,2025-09-11 16:37:38,HARD_BRAKE,0.61,3,TEXT
EVT-TRIP-e30-0,TRIP-e30e01-0,2025-09-11 16:37:28,DISTRACTION,1.2,5,TEXT
EVT-TRIP-e30-1,TRIP-e30e01-0,2025-09-11 16:37:38,SPEEDING,1.46,3,TEXT
EVT-TRIP-e30-0,TRIP-e30e01-1,2025-09-11 16:37:28,SPEEDING,0.94,1,APP
EVT-TRIP-e30-1,TRIP-e30e01-1,2025-09-11 16:37:38,HARD_BRAKE,1.13,2,APP
EVT-TRIP-e30-2,TRIP-e30e01-1,2025-09-11 16:37:48,SPEEDING,1.16,4,NONE
EVT-TRIP-e30-0,TRIP-e30e01-2,2025-09-11 16:37:28,DISTRACTION,0.94,3,CALL
EVT-TRIP-e30-1,TRIP-e30e01-2,2025-09-11 16:37:38,HARD_BRAKE,1.01,1,APP
EVT-TRIP-d0e-0,TRIP-d0e006-0,2025-09-11 16:37:28,DISTRACTION,0.78,2,APP
EVT-TRIP-d0e-1,TRIP-d0e006-0,2025-09-11 16:37:38,DISTRACTION,1.26,1,APP
EVT-TRIP-d0e-2,TRIP-d0e006-0,2025-09-11 16:37:48,DISTRACTION,1.43,2,TEXT
EVT-TRIP-d0e-0,TRIP-d0e006-1,2025-09-11 16:37:28,HARD_BRAKE,0.81,5,NONE
EVT-TRIP-d0e-1,TRIP-d0e006-1,2025-09-11 16:37:38,SPEEDING,1.03,4,NONE
EVT-TRIP-d0e-0,TRIP-d0e006-2,2025-09-11 16:37:28,SPEEDING,0.89,3,APP
EVT-TRIP-d0e-1,TRIP-d0e006-2,2025-09-11 16:37:38,HARD_BRAKE,1.37,5,NONE
EVT-TRIP-d0e-2,TRIP-d0e006-2,2025-09-11 16:37:48,DISTRACTION,1.13,1,APP
EVT-TRIP-a96-0,TRIP-a96dff-0,2025-09-11 16:37:28,HARD_BRAKE,1.29,3,TEXT
EVT-TRIP-a96-1,TRIP-a96dff-0,2025-09-11 16:37:38,HARD_BRAKE,0.89,2,CALL
EVT-TRIP-a96-0,TRIP-a96dff-1,2025-09-11 16:37:28,HARD_BRAKE,0.61,5,NONE
EVT-TRIP-a96-1,TRIP-a96dff-1,2025-09-11 16:37:38,HARD_BRAKE,0.89,3,APP
EVT-TRIP-a96-0,TRIP-a96dff-2,2025-09-11 16:37:28,DISTRACTION,0.93,1,CALL
EVT-TRIP-a96-1,TRIP-a96dff-2,2025-09-11 16:37:38,HARD_BRAKE,0.53,4,NONE
EVT-TRIP-a96-2,TRIP-a96dff-2,2025-09-11 16:37:48,HARD_BRAKE,0.57,2,APP
EVT-TRIP-a96-3,TRIP-a96dff-2,2025-09-11 16:37:58,DISTRACTION,1.15,3,CALL
EVT-TRIP-8a3-0,TRIP-8a3869-0,2025-09-11 16:37:28,SPEEDING,1.31,5,NONE
EVT-TRIP-8a3-1,TRIP-8a3869-0,2025-09-11 16:37:38,DISTRACTION,1.2,1,TEXT
EVT-TRIP-8a3-2,TRIP-8a3869-0,2025-09-11 16:37:48,DISTRACTION,0.93,1,APP
EVT-TRIP-8a3-3,TRIP-8a3869-0,2025-09-11 16:37:58,DISTRACTION,0.65,5,CALL
EVT-TRIP-8a3-4,TRIP-8a3869-0,2025-09-11 16:38:08,DISTRACTION,1.39,5,NONE
EVT-TRIP-8a3-0,TRIP-8a3869-1,2025-09-11 16:37:28,SPEEDING,1.38,4,NONE
EVT-TRIP-8a3-1,TRIP-8a3869-1,2025-09-11 16:37:38,HARD_BRAKE,0.54,2,NONE
EVT-TRIP-8a3-2,TRIP-8a3869-1,2025-09-11 16:37:48,HARD_BRAKE,1.16,3,TEXT
EVT-TRIP-8a3-3,TRIP-8a3869-1,2025-09-11 16:37:58,HARD_BRAKE,0.7,4,CALL
EVT-TRIP-8a3-4,TRIP-8a3869-1,2025-09-11 16:38:08,DISTRACTION,1.28,2,APP
EVT-TRIP-8a3-0,TRIP-8a3869-2,2025-09-11 16:37:28,HARD_BRAKE,0.81,1,TEXT
EVT-TRIP-8a3-1,TRIP-8a3869-2,2025-09-11 16:37:38,HARD_BRAKE,1.38,2,CALL
EVT-TRIP-8a3-2,TRIP-8a3869-2,2025-09-11 16:37:48,HARD_BRAKE,0.62,4,CALL
EVT-TRIP-8a3-3,TRIP-8a3869-2,2025-09-11 16:37:58,HARD_BRAKE,1.5,2,TEXT
EVT-TRIP-8a3-4,TRIP-8a3869-2,2025-09-11 16:38:08,DISTRACTION,0.88,2,CALL
EVT-TRIP-f32-0,TRIP-f327a6-0,2025-09-11 16:37:28,SPEEDING,0.82,1,APP
EVT-TRIP-f32-1,TRIP-f327a6-0,2025-09-11 16:37:38,SPEEDING,1.3,3,TEXT
EVT-TRIP-f32-2,TRIP-f327a6-0,2025-09-11 16:37:48,HARD_BRAKE,0.51,2,CALL
EVT-TRIP-f32-0,TRIP-f327a6-1,2025-09-11 16:37:28,HARD_BRAKE,1.46,2,CALL
EVT-TRIP-f32-1,TRIP-f327a6-1,2025-09-11 16:37:38,HARD_BRAKE,0.54,4,NONE
EVT-TRIP-f32-2,TRIP-f327a6-1,2025-09-11 16:37:48,DISTRACTION,0.79,2,APP
EVT-TRIP-f32-3,TRIP-f327a6-1,2025-09-11 16:37:58,SPEEDING,0.88,2,CALL
EVT-TRIP-f32-4,TRIP-f327a6-1,2025-09-11 16:38:08,HARD_BRAKE,0.99,4,CALL
EVT-TRIP-f32-0,TRIP-f327a6-2,2025-09-11 16:37:28,SPEEDING,1.3,5,APP
EVT-TRIP-f32-1,TRIP-f327a6-2,2025-09-11 16:37:38,HARD_BRAKE,1.31,5,APP
EVT-TRIP-f32-2,TRIP-f327a6-2,2025-09-11 16:37:48,DISTRACTION,0.87,4,TEXT
EVT-TRIP-f32-3,TRIP-f327a6-2,2025-09-11 16:37:58,HARD_BRAKE,1.26,4,TEXT
EVT-TRIP-f32-4,TRIP-f327a6-2,2025-09-11 16:38:08,DISTRACTION,0.82,5,TEXT
EVT-TRIP-988-0,TRIP-98899c-0,2025-09-11 16:37:28,SPEEDING,0.96,5,APP
EVT-TRIP-988-1,TRIP-98899c-0,2025-09-11 16:37:38,DISTRACTION,1.26,3,NONE
EVT-TRIP-988-2,TRIP-98899c-0,2025-09-11 16:37:48,DISTRACTION,0.82,5,APP
EVT-TRIP-988-3,TRIP-98899c-0,2025-09-11 16:37:58,SPEEDING,0.7,1,CALL
EVT-TRIP-988-4,TRIP-98899c-0,2025-09-11 16:38:08,SPEEDING,0.74,4,APP
EVT-TRIP-988-0,TRIP-98899c-1,2025-09-11 16:37:28,DISTRACTION,1.26,2,TEXT
EVT-TRIP-988-1,TRIP-98899c-1,2025-09-11 16:37:38,HARD_BRAKE,1.35,2,TEXT
EVT-TRIP-988-0,TRIP-98899c-2,2025-09-11 16:37:28,SPEEDING,0.56,1,APP
EVT-TRIP-988-1,TRIP-98899c-2,2025-09-11 16:37:38,HARD_BRAKE,0.74,2,CALL
EVT-TRIP-2d2-0,TRIP-2d21b8-0,2025-09-11 16:37:28,SPEEDING,1.39,1,APP
EVT-TRIP-2d2-1,TRIP-2d21b8-0,2025-09-11 16:37:38,HARD_BRAKE,0.62,1,CALL
EVT-TRIP-2d2-2,TRIP-2d21b8-0,2025-09-11 16:37:48,SPEEDING,0.97,5,APP
EVT-TRIP-2d2-3,TRIP-2d21b8-0,2025-09-11 16:37:58,DISTRACTION,0.74,3,NONE
EVT-TRIP-2d2-4,TRIP-2d21b8-0,2025-09-11 16:38:08,HARD_BRAKE,1.02,5,CALL
EVT-TRIP-2d2-0,TRIP-2d21b8-1,2025-09-11 16:37:28,SPEEDING,0.87,2,TEXT
EVT-TRIP-2d2-1,TRIP-2d21b8-1,2025-09-11 16:37:38,SPEEDING,0.92,3,CALL
EVT-TRIP-2d2-2,TRIP-2d21b8-1,2025-09-11 16:37:48,SPEEDING,0.58,1,TEXT
EVT-TRIP-2d2-3,TRIP-2d21b8-1,2025-09-11 16:37:58,SPEEDING,0.98,2,TEXT
EVT-TRIP-2d2-4,TRIP-2d21b8-1,2025-09-11 16:38:08,HARD_BRAKE,0.97,3,APP
EVT-TRIP-2d2-0,TRIP-2d21b8-2,2025-09-11 16:37:28,DISTRACTION,0.89,1,NONE
EVT-TRIP-2d2-1,TRIP-2d21b8-2,2025-09-11 16:37:38,SPEEDING,0.9,5,TEXT
EVT-TRIP-2d2-2,TRIP-2d21b8-2,2025-09-11 16:37:48,HARD_BRAKE,0.69,3,TEXT
EVT-TRIP-2d2-3,TRIP-2d21b8-2,2025-09-11 16:37:58,SPEEDING,1.15,1,TEXT
EVT-TRIP-2d2-4,TRIP-2d21b8-2,2025-09-11 16:38:08,SPEEDING,1.08,2,NONE
EVT-TRIP-f65-0,TRIP-f65250-0,2025-09-11 16:37:28,DISTRACTION,0.91,3,TEXT
EVT-TRIP-f65-1,TRIP-f65250-0,2025-09-11 16:37:38,DISTRACTION,0.71,2,APP
EVT-TRIP-f65-2,TRIP-f65250-0,2025-09-11 16:37:48,HARD_BRAKE,0.53,4,NONE
EVT-TRIP-f65-0,TRIP-f65250-1,2025-09-11 16:37:28,HARD_BRAKE,1.21,3,APP
EVT-TRIP-f65-1,TRIP-f65250-1,2025-09-11 16:37:38,DISTRACTION,0.53,5,CALL
EVT-TRIP-f65-2,TRIP-f65250-1,2025-09-11 16:37:48,SPEEDING,1.01,4,CALL
EVT-TRIP-f65-3,TRIP-f65250-1,2025-09-11 16:37:58,SPEEDING,1.22,4,APP
EVT-TRIP-f65-4,TRIP-f65250-1,2025-09-11 16:38:08,DISTRACTION,1.09,2,APP
EVT-TRIP-f65-0,TRIP-f65250-2,2025-09-11 16:37:28,SPEEDING,1.45,5,TEXT
EVT-TRIP-f65-1,TRIP-f65250-2,2025-09-11 16:37:38,HARD_BRAKE,1.24,1,APP
EVT-TRIP-f65-2,TRIP-f65250-2,2025-09-11 16:37:48,DISTRACTION,1.26,3,NONE
EVT-TRIP-f65-3,TRIP-f65250-2,2025-09-11 16:37:58,DISTRACTION,0.88,5,CALL
EVT-TRIP-beb-0,TRIP-beb325-0,2025-09-11 16:37:28,DISTRACTION,1.33,3,NONE
EVT-TRIP-beb-1,TRIP-beb325-0,2025-09-11 16:37:38,SPEEDING,1.09,3,APP
EVT-TRIP-beb-2,TRIP-beb325-0,2025-09-11 16:37:48,DISTRACTION,1.08,3,NONE
EVT-TRIP-beb-0,TRIP-beb325-1,2025-09-11 16:37:28,HARD_BRAKE,0.96,3,APP
EVT-TRIP-beb-1,TRIP-beb325-1,2025-09-11 16:37:38,HARD_BRAKE,1.31,1,TEXT
EVT-TRIP-beb-2,TRIP-beb325-1,2025-09-11 16:37:48,DISTRACTION,1.17,4,NONE
EVT-TRIP-beb-3,TRIP-beb325-1,2025-09-11 16:37:58,HARD_BRAKE,0.84,2,TEXT
EVT-TRIP-beb-4,TRIP-beb325-1,2025-09-11 16:38:08,HARD_BRAKE,0.6,5,NONE
EVT-TRIP-beb-0,TRIP-beb325-2,2025-09-11 16:37:28,DISTRACTION,1.06,5,CALL
EVT-TRIP-beb-1,TRIP-beb325-2,2025-09-11 16:37:38,HARD_BRAKE,0.66,3,APP
EVT-TRIP-3a1-0,TRIP-3a1d1a-0,2025-09-11 16:37:28,SPEEDING,0.69,2,TEXT
EVT-TRIP-3a1-1,TRIP-3a1d1a-0,2025-09-11 16:37:38,HARD_BRAKE,0.94,1,CALL
EVT-TRIP-3a1-0,TRIP-3a1d1a-1,2025-09-11 16:37:28,SPEEDING,0.56,1,TEXT
EVT-TRIP-3a1-1,TRIP-3a1d1a-1,2025-09-11 16:37:38,DISTRACTION,0.91,4,APP
EVT-TRIP-3a1-0,TRIP-3a1d1a-2,2025-09-11 16:37:28,SPEEDING,1.06,2,CALL
EVT-TRIP-3a1-1,TRIP-3a1d1a-2,2025-09-11 16:37:38,HARD_BRAKE,0.61,3,CALL
EVT-TRIP-3a1-2,TRIP-3a1d1a-2,2025-09-11 16:37:48,DISTRACTION,0.9,5,NONE
EVT-TRIP-186-0,TRIP-1863ed-0,2025-09-11 16:37:28,DISTRACTION,0.9,3,TEXT
EVT-TRIP-186-1,TRIP-1863ed-0,2025-09-11 16:37:38,DISTRACTION,0.98,4,APP
EVT-TRIP-186-2,TRIP-1863ed-0,2025-09-11 16:37:48,HARD_BRAKE,1.03,5,APP
EVT-TRIP-186-3,TRIP-1863ed-0,2025-09-11 16:37:58,HARD_BRAKE,0.79,2,CALL
EVT-TRIP-186-0,TRIP-1863ed-1,2025-09-11 16:37:28,SPEEDING,0.55,2,APP
EVT-TRIP-186-1,TRIP-1863ed-1,2025-09-11 16:37:38,DISTRACTION,0.85,2,CALL
EVT-TRIP-186-2,TRIP-1863ed-1,2025-09-11 16:37:48,HARD_BRAKE,0.63,4,APP
EVT-TRIP-186-0,TRIP-1863ed-2,2025-09-11 16:37:28,DISTRACTION,1.25,1,CALL
EVT-TRIP-186-1,TRIP-1863ed-2,2025-09-11 16:37:38,SPEEDING,0.58,2,TEXT
EVT-TRIP-373-0,TRIP-373030-0,2025-09-11 16:37:28,SPEEDING,1.15,3,TEXT
EVT-TRIP-373-1,TRIP-373030-0,2025-09-11 16:37:38,DISTRACTION,0.94,2,TEXT
EVT-TRIP-373-2,TRIP-373030-0,2025-09-11 16:37:48,SPEEDING,0.79,5,CALL
EVT-TRIP-373-0,TRIP-373030-1,2025-09-11 16:37:28,DISTRACTION,1.49,2,CALL
EVT-TRIP-373-1,TRIP-373030-1,2025-09-11 16:37:38,SPEEDING,0.84,2,APP
EVT-TRIP-373-2,TRIP-373030-1,2025-09-11 16:37:48,HARD_BRAKE,0.71,3,CALL
EVT-TRIP-373-3,TRIP-373030-1,2025-09-11 16:37:58,DISTRACTION,1.47,5,APP
EVT-TRIP-373-4,TRIP-373030-1,2025-09-11 16:38:08,HARD_BRAKE,0.77,3,APP
EVT-TRIP-373-0,TRIP-373030-2,2025-09-11 16:37:28,SPEEDING,1.42,4,TEXT
EVT-TRIP-373-1,TRIP-373030-2,2025-09-11 16:37:38,SPEEDING,1.46,3,TEXT
EVT-TRIP-032-0,TRIP-03256d-0,2025-09-11 16:37:28,HARD_BRAKE,1.23,5,CALL
EVT-TRIP-032-1,TRIP-03256d-0,2025-09-11 16:37:38,DISTRACTION,1.2,1,CALL
EVT-TRIP-032-2,TRIP-03256d-0,2025-09-11 16:37:48,SPEEDING,1.1,3,CALL
EVT-TRIP-032-3,TRIP-03256d-0,2025-09-11 16:37:58,HARD_BRAKE,1.33,4,APP
EVT-TRIP-032-4,TRIP-03256d-0,2025-09-11 16:38:08,DISTRACTION,0.68,5,TEXT
EVT-TRIP-032-0,TRIP-03256d-1,2025-09-11 16:37:28,SPEEDING,1.13,4,NONE
EVT-TRIP-032-1,TRIP-03256d-1,2025-09-11 16:37:38,HARD_BRAKE,0.76,2,CALL
EVT-TRIP-032-0,TRIP-03256d-2,2025-09-11 16:37:28,SPEEDING,0.98,4,TEXT
EVT-TRIP-032-1,TRIP-03256d-2,2025-09-11 16:37:38,SPEEDING,1.33,2,TEXT
EVT-TRIP-032-2,TRIP-03256d-2,2025-09-11 16:37:48,SPEEDING,0.59,2,TEXT
EVT-TRIP-032-3,TRIP-03256d-2,2025-09-11 16:37:58,HARD_BRAKE,0.58,1,CALL
EVT-TRIP-032-4,TRIP-03256d-2,2025-09-11 16:38:08,HARD_BRAKE,1.23,3,TEXT
EVT-TRIP-8cc-0,TRIP-8cc82a-0,2025-09-11 16:37:28,SPEEDING,0.53,3,NONE
EVT-TRIP-8cc-1,TRIP-8cc82a-0,2025-09-11 16:37:38,HARD_BRAKE,0.75,3,TEXT
EVT-TRIP-8cc-2,TRIP-8cc82a-0,2025-09-11 16:37:48,HARD_BRAKE,0.93,3,NONE
EVT-TRIP-8cc-0,TRIP-8cc82a-1,2025-09-11 16:37:28,DISTRACTION,0.64,4,TEXT
EVT-TRIP-8cc-1,TRIP-8cc82a-1,2025-09-11 16:37:38,SPEEDING,1.4,3,NONE
EVT-TRIP-8cc-2,TRIP-8cc82a-1,2025-09-11 16:37:48,HARD_BRAKE,1.35,2,NONE
EVT-TRIP-8cc-0,TRIP-8cc82a-2,2025-09-11 16:37:28,DISTRACTION,1.39,1,APP
EVT-TRIP-8cc-1,TRIP-8cc82a-2,2025-09-11 16:37:38,HARD_BRAKE,0.92,4,NONE
EVT-TRIP-a37-0,TRIP-a379ea-0,2025-09-11 16:37:28,SPEEDING,0.59,4,TEXT
EVT-TRIP-a37-1,TRIP-a379ea-0,2025-09-11 16:37:38,DISTRACTION,0.65,1,TEXT
EVT-TRIP-a37-2,TRIP-a379ea-0,2025-09-11 16:37:48,DISTRACTION,0.81,5,APP
EVT-TRIP-a37-3,TRIP-a379ea-0,2025-09-11 16:37:58,DISTRACTION,0.5,5,NONE
EVT-TRIP-a37-4,TRIP-a379ea-0,2025-09-11 16:38:08,DISTRACTION,0.82,5,NONE
EVT-TRIP-a37-0,TRIP-a379ea-1,2025-09-11 16:37:28,HARD_BRAKE,1.36,4,APP
EVT-TRIP-a37-1,TRIP-a379ea-1,2025-09-11 16:37:38,SPEEDING,1.02,2,NONE
EVT-TRIP-a37-0,TRIP-a379ea-2,2025-09-11 16:37:28,DISTRACTION,1.41,1,APP
EVT-TRIP-a37-1,TRIP-a379ea-2,2025-09-11 16:37:38,HARD_BRAKE,0.63,2,TEXT
EVT-TRIP-a37-2,TRIP-a379ea-2,2025-09-11 16:37:48,DISTRACTION,1.49,4,APP
EVT-TRIP-0a1-0,TRIP-0a17c9-0,2025-09-11 16:37:28,HARD_BRAKE,1.35,5,APP
EVT-TRIP-0a1-1,TRIP-0a17c9-0,2025-09-11 16:37:38,DISTRACTION,1.32,4,NONE
EVT-TRIP-0a1-2,TRIP-0a17c9-0,2025-09-11 16:37:48,HARD_BRAKE,1.31,5,APP
EVT-TRIP-0a1-3,TRIP-0a17c9-0,2025-09-11 16:37:58,DISTRACTION,1.42,4,CALL
EVT-TRIP-0a1-4,TRIP-0a17c9-0,2025-09-11 16:38:08,DISTRACTION,0.54,1,TEXT
EVT-TRIP-0a1-0,TRIP-0a17c9-1,2025-09-11 16:37:28,HARD_BRAKE,1.4,4,APP
EVT-TRIP-0a1-1,TRIP-0a17c9-1,2025-09-11 16:37:38,DISTRACTION,0.82,2,APP
EVT-TRIP-0a1-2,TRIP-0a17c9-1,2025-09-11 16:37:48,DISTRACTION,0.89,2,APP
EVT-TRIP-0a1-3,TRIP-0a17c9-1,2025-09-11 16:37:58,DISTRACTION,1.31,1,CALL
EVT-TRIP-0a1-4,TRIP-0a17c9-1,2025-09-11 16:38:08,SPEEDING,1.33,5,TEXT
EVT-TRIP-0a1-0,TRIP-0a17c9-2,2025-09-11 16:37:28,SPEEDING,0.84,3,APP
EVT-TRIP-0a1-1,TRIP-0a17c9-2,2025-09-11 16:37:38,HARD_BRAKE,0.6,1,APP
EVT-TRIP-0a1-2,TRIP-0a17c9-2,2025-09-11 16:37:48,DISTRACTION,0.74,1,APP
EVT-TRIP-0a1-3,TRIP-0a17c9-2,2025-09-11 16:37:58,DISTRACTION,0.89,1,CALL
EVT-TRIP-0a1-4,TRIP-0a17c9-2,2025-09-11 16:38:08,SPEEDING,1.24,5,NONE
EVT-TRIP-2a3-0,TRIP-2a370b-0,2025-09-11 16:37:28,HARD_BRAKE,0.51,3,CALL
EVT-TRIP-2a3-1,TRIP-2a370b-0,2025-09-11 16:37:38,DISTRACTION,1.07,5,CALL
EVT-TRIP-2a3-2,TRIP-2a370b-0,2025-09-11 16:37:48,HARD_BRAKE,0.76,4,NONE
EVT-TRIP-2a3-3,TRIP-2a370b-0,2025-09-11 16:37:58,DISTRACTION,1.08,1,CALL
EVT-TRIP-2a3-0,TRIP-2a370b-1,2025-09-11 16:37:28,HARD_BRAKE,1.14,5,APP
EVT-TRIP-2a3-1,TRIP-2a370b-1,2025-09-11 16:37:38,HARD_BRAKE,0.9,4,TEXT
EVT-TRIP-2a3-0,TRIP-2a370b-2,2025-09-11 16:37:28,HARD_BRAKE,0.77,2,NONE
EVT-TRIP-2a3-1,TRIP-2a370b-2,2025-09-11 16:37:38,SPEEDING,1.23,4,APP
EVT-TRIP-2a3-2,TRIP-2a370b-2,2025-09-11 16:37:48,SPEEDING,0.85,5,CALL
EVT-TRIP-2a3-3,TRIP-2a370b-2,2025-09-11 16:37:58,HARD_BRAKE,0.97,4,APP
EVT-TRIP-b04-0,TRIP-b04092-0,2025-09-11 16:37:28,HARD_BRAKE,0.61,2,TEXT
EVT-TRIP-b04-1,TRIP-b04092-0,2025-09-11 16:37:38,HARD_BRAKE,1.33,5,CALL
EVT-TRIP-b04-0,TRIP-b04092-1,2025-09-11 16:37:28,HARD_BRAKE,1.48,2,TEXT
EVT-TRIP-b04-1,TRIP-b04092-1,2025-09-11 16:37:38,DISTRACTION,0.74,2,TEXT
EVT-TRIP-b04-2,TRIP-b04092-1,2025-09-11 16:37:48,SPEEDING,0.85,1,APP
EVT-TRIP-b04-3,TRIP-b04092-1,2025-09-11 16:37:58,HARD_BRAKE,1.14,1,TEXT
EVT-TRIP-b04-4,TRIP-b04092-1,2025-09-11 16:38:08,HARD_BRAKE,0.93,3,NONE
EVT-TRIP-b04-0,TRIP-b04092-2,2025-09-11 16:37:28,SPEEDING,0.67,5,APP
EVT-TRIP-b04-1,TRIP-b04092-2,2025-09-11 16:37:38,SPEEDING,0.61,5,NONE
EVT-TRIP-b04-2,TRIP-b04092-2,2025-09-11 16:37:48,SPEEDING,1.23,3,TEXT
EVT-TRIP-b04-3,TRIP-b04092-2,2025-09-11 16:37:58,SPEEDING,1.19,4,APP
EVT-TRIP-b04-4,TRIP-b04092-2,2025-09-11 16:38:08,DISTRACTION,0.67,4,CALL
EVT-TRIP-e2c-0,TRIP-e2c223-0,2025-09-11 16:37:28,DISTRACTION,1.19,2,NONE
EVT-TRIP-e2c-1,TRIP-e2c223-0,2025-09-11 16:37:38,DISTRACTION,1.37,2,NONE
EVT-TRIP-e2c-2,TRIP-e2c223-0,2025-09-11 16:37:48,HARD_BRAKE,0.86,4,TEXT
EVT-TRIP-e2c-0,TRIP-e2c223-1,2025-09-11 16:37:28,HARD_BRAKE,1.25,4,APP
EVT-TRIP-e2c-1,TRIP-e2c223-1,2025-09-11 16:37:38,DISTRACTION,1.38,2,NONE
EVT-TRIP-e2c-0,TRIP-e2c223-2,2025-09-11 16:37:28,DISTRACTION,0.82,4,APP
EVT-TRIP-e2c-1,TRIP-e2c223-2,2025-09-11 16:37:38,DISTRACTION,0.56,4,APP
EVT-TRIP-4b3-0,TRIP-4b309d-0,2025-09-11 16:37:28,SPEEDING,0.8,3,APP
EVT-TRIP-4b3-1,TRIP-4b309d-0,2025-09-11 16:37:38,SPEEDING,1.08,2,NONE
EVT-TRIP-4b3-0,TRIP-4b309d-1,2025-09-11 16:37:28,SPEEDING,0.74,2,CALL
EVT-TRIP-4b3-1,TRIP-4b309d-1,2025-09-11 16:37:38,SPEEDING,1.27,3,TEXT
EVT-TRIP-4b3-2,TRIP-4b309d-1,2025-09-11 16:37:48,HARD_BRAKE,1.42,4,NONE
EVT-TRIP-4b3-3,TRIP-4b309d-1,2025-09-11 16:37:58,SPEEDING,0.88,2,CALL
EVT-TRIP-4b3-0,TRIP-4b309d-2,2025-09-11 16:37:28,HARD_BRAKE,0.96,2,APP
EVT-TRIP-4b3-1,TRIP-4b309d-2,2025-09-11 16:37:38,SPEEDING,1.28,3,NONE
EVT-TRIP-bdd-0,TRIP-bdd69a-0,2025-09-11 16:37:28,DISTRACTION,1.5,4,NONE
EVT-TRIP-bdd-1,TRIP-bdd69a-0,2025-09-11 16:37:38,HARD_BRAKE,1.14,1,NONE
EVT-TRIP-bdd-2,TRIP-bdd69a-0,2025-09-11 16:37:48,HARD_BRAKE,1.48,3,TEXT
EVT-TRIP-bdd-0,TRIP-bdd69a-1,2025-09-11 16:37:28,SPEEDING,1.21,5,APP
EVT-TRIP-bdd-1,TRIP-bdd69a-1,2025-09-11 16:37:38,HARD_BRAKE,0.77,3,CALL
EVT-TRIP-bdd-0,TRIP-bdd69a-2,2025-09-11 16:37:28,DISTRACTION,1.05,3,APP
EVT-TRIP-bdd-1,TRIP-bdd69a-2,2025-09-11 16:37:38,HARD_BRAKE,0.91,5,CALL
EVT-TRIP-86e-0,TRIP-86efb7-0,2025-09-11 16:37:28,DISTRACTION,0.58,1,CALL
EVT-TRIP-86e-1,TRIP-86efb7-0,2025-09-11 16:37:38,DISTRACTION,0.84,5,APP
EVT-TRIP-86e-2,TRIP-86efb7-0,2025-09-11 16:37:48,SPEEDING,0.77,4,TEXT
EVT-TRIP-86e-0,TRIP-86efb7-1,2025-09-11 16:37:28,DISTRACTION,0.72,2,CALL
EVT-TRIP-86e-1,TRIP-86efb7-1,2025-09-11 16:37:38,DISTRACTION,1.23,4,APP
EVT-TRIP-86e-2,TRIP-86efb7-1,2025-09-11 16:37:48,DISTRACTION,1.38,3,APP
EVT-TRIP-86e-3,TRIP-86efb7-1,2025-09-11 16:37:58,DISTRACTION,1.16,5,CALL
EVT-TRIP-86e-4,TRIP-86efb7-1,2025-09-11 16:38:08,SPEEDING,1.22,3,CALL
EVT-TRIP-86e-0,TRIP-86efb7-2,2025-09-11 16:37:28,DISTRACTION,0.83,5,CALL
EVT-TRIP-86e-1,TRIP-86efb7-2,2025-09-11 16:37:38,DISTRACTION,1.07,4,CALL
EVT-TRIP-52e-0,TRIP-52e662-0,2025-09-11 16:37:28,DISTRACTION,0.99,3,TEXT
EVT-TRIP-52e-1,TRIP-52e662-0,2025-09-11 16:37:38,HARD_BRAKE,1.29,4,NONE
EVT-TRIP-52e-2,TRIP-52e662-0,2025-09-11 16:37:48,SPEEDING,1.49,4,TEXT
EVT-TRIP-52e-3,TRIP-52e662-0,2025-09-11 16:37:58,HARD_BRAKE,0.7,3,APP
EVT-TRIP-52e-0,TRIP-52e662-1,2025-09-11 16:37:28,SPEEDING,1.48,1,TEXT
EVT-TRIP-52e-1,TRIP-52e662-1,2025-09-11 16:37:38,DISTRACTION,0.58,2,TEXT
EVT-TRIP-52e-0,TRIP-52e662-2,2025-09-11 16:37:28,DISTRACTION,1.29,1,NONE
EVT-TRIP-52e-1,TRIP-52e662-2,2025-09-11 16:37:38,HARD_BRAKE,1.41,5,NONE
EVT-TRIP-52e-2,TRIP-52e662-2,2025-09-11 16:37:48,HARD_BRAKE,1.46,5,CALL
EVT-TRIP-503-0,TRIP-5036eb-0,2025-09-11 16:37:28,DISTRACTION,0.64,5,CALL
EVT-TRIP-503-1,TRIP-5036eb-0,2025-09-11 16:37:38,SPEEDING,0.68,5,TEXT
EVT-TRIP-503-2,TRIP-5036eb-0,2025-09-11 16:37:48,SPEEDING,0.63,4,TEXT
EVT-TRIP-503-3,TRIP-5036eb-0,2025-09-11 16:37:58,HARD_BRAKE,1.19,3,NONE
EVT-TRIP-503-4,TRIP-5036eb-0,2025-09-11 16:38:08,HARD_BRAKE,0.51,3,NONE
EVT-TRIP-503-0,TRIP-5036eb-1,2025-09-11 16:37:28,SPEEDING,1.05,2,APP
EVT-TRIP-503-1,TRIP-5036eb-1,2025-09-11 16:37:38,HARD_BRAKE,1.37,3,APP
EVT-TRIP-503-2,TRIP-5036eb-1,2025-09-11 16:37:48,DISTRACTION,1.05,5,APP
EVT-TRIP-503-3,TRIP-5036eb-1,2025-09-11 16:37:58,SPEEDING,0.67,4,NONE
EVT-TRIP-503-0,TRIP-5036eb-2,2025-09-11 16:37:28,HARD_BRAKE,0.65,4,APP
EVT-TRIP-503-1,TRIP-5036eb-2,2025-09-11 16:37:38,SPEEDING,0.65,5,CALL
EVT-TRIP-f26-0,TRIP-f26a94-0,2025-09-11 16:37:28,SPEEDING,0.71,3,NONE
EVT-TRIP-f26-1,TRIP-f26a94-0,2025-09-11 16:37:38,DISTRACTION,0.87,2,TEXT
EVT-TRIP-f26-0,TRIP-f26a94-1,2025-09-11 16:37:28,DISTRACTION,1.44,5,TEXT
EVT-TRIP-f26-1,TRIP-f26a94-1,2025-09-11 16:37:38,HARD_BRAKE,1.25,2,NONE
EVT-TRIP-f26-2,TRIP-f26a94-1,2025-09-11 16:37:48,SPEEDING,0.54,4,NONE
EVT-TRIP-f26-0,TRIP-f26a94-2,2025-09-11 16:37:28,SPEEDING,0.95,5,CALL
EVT-TRIP-f26-1,TRIP-f26a94-2,2025-09-11 16:37:38,DISTRACTION,0.53,1,NONE
EVT-TRIP-f26-2,TRIP-f26a94-2,2025-09-11 16:37:48,HARD_BRAKE,0.99,1,TEXT
EVT-TRIP-031-0,TRIP-0314f2-0,2025-09-11 16:37:28,SPEEDING,1.5,5,CALL
EVT-TRIP-031-1,TRIP-0314f2-0,2025-09-11 16:37:38,SPEEDING,0.63,5,CALL
EVT-TRIP-031-2,TRIP-0314f2-0,2025-09-11 16:37:48,DISTRACTION,0.95,4,TEXT
EVT-TRIP-031-3,TRIP-0314f2-0,2025-09-11 16:37:58,DISTRACTION,1.03,5,NONE
EVT-TRIP-031-0,TRIP-0314f2-1,2025-09-11 16:37:28,HARD_BRAKE,1.16,1,CALL
EVT-TRIP-031-1,TRIP-0314f2-1,2025-09-11 16:37:38,SPEEDING,0.98,3,NONE
EVT-TRIP-031-2,TRIP-0314f2-1,2025-09-11 16:37:48,DISTRACTION,1.12,1,CALL
EVT-TRIP-031-0,TRIP-0314f2-2,2025-09-11 16:37:28,SPEEDING,0.8,1,NONE
EVT-TRIP-031-1,TRIP-0314f2-2,2025-09-11 16:37:38,SPEEDING,0.82,1,APP
EVT-TRIP-031-2,TRIP-0314f2-2,2025-09-11 16:37:48,DISTRACTION,1.44,5,NONE
EVT-TRIP-031-3,TRIP-0314f2-2,2025-09-11 16:37:58,SPEEDING,0.62,1,TEXT
EVT-TRIP-031-4,TRIP-0314f2-2,2025-09-11 16:38:08,SPEEDING,1.47,2,TEXT
EVT-TRIP-0f2-0,TRIP-0f2e58-0,2025-09-11 16:37:28,SPEEDING,0.94,3,CALL
EVT-TRIP-0f2-1,TRIP-0f2e58-0,2025-09-11 16:37:38,HARD_BRAKE,1.28,2,CALL
EVT-TRIP-0f2-0,TRIP-0f2e58-1,2025-09-11 16:37:28,DISTRACTION,0.64,4,CALL
EVT-TRIP-0f2-1,TRIP-0f2e58-1,2025-09-11 16:37:38,HARD_BRAKE,1.11,5,NONE
EVT-TRIP-0f2-2,TRIP-0f2e58-1,2025-09-11 16:37:48,HARD_BRAKE,1.05,4,TEXT
EVT-TRIP-0f2-3,TRIP-0f2e58-1,2025-09-11 16:37:58,HARD_BRAKE,0.8,3,NONE
EVT-TRIP-0f2-4,TRIP-0f2e58-1,2025-09-11 16:38:08,DISTRACTION,1.08,1,APP
EVT-TRIP-0f2-0,TRIP-0f2e58-2,2025-09-11 16:37:28,HARD_BRAKE,0.61,5,APP
EVT-TRIP-0f2-1,TRIP-0f2e58-2,2025-09-11 16:37:38,HARD_BRAKE,1.15,5,APP
EVT-TRIP-b9f-0,TRIP-b9f7a2-0,2025-09-11 16:37:28,HARD_BRAKE,0.97,2,APP
EVT-TRIP-b9f-1,TRIP-b9f7a2-0,2025-09-11 16:37:38,SPEEDING,0.66,4,NONE
EVT-TRIP-b9f-2,TRIP-b9f7a2-0,2025-09-11 16:37:48,HARD_BRAKE,0.67,2,CALL
EVT-TRIP-b9f-0,TRIP-b9f7a2-1,2025-09-11 16:37:28,DISTRACTION,0.91,1,APP
EVT-TRIP-b9f-1,TRIP-b9f7a2-1,2025-09-11 16:37:38,SPEEDING,1.24,2,APP
EVT-TRIP-b9f-2,TRIP-b9f7a2-1,2025-09-11 16:37:48,HARD_BRAKE,0.69,3,CALL
EVT-TRIP-b9f-3,TRIP-b9f7a2-1,2025-09-11 16:37:58,HARD_BRAKE,1.2,4,APP
EVT-TRIP-b9f-4,TRIP-b9f7a2-1,2025-09-11 16:38:08,DISTRACTION,0.9,2,CALL
EVT-TRIP-b9f-0,TRIP-b9f7a2-2,2025-09-11 16:37:28,SPEEDING,0.95,3,APP
EVT-TRIP-b9f-1,TRIP-b9f7a2-2,2025-09-11 16:37:38,SPEEDING,0.76,2,CALL
EVT-TRIP-b9f-2,TRIP-b9f7a2-2,2025-09-11 16:37:48,DISTRACTION,1.33,2,CALL
EVT-TRIP-b9f-3,TRIP-b9f7a2-2,2025-09-11 16:37:58,HARD_BRAKE,1.26,2,APP
EVT-TRIP-b9f-4,TRIP-b9f7a2-2,2025-09-11 16:38:08,DISTRACTION,0.77,2,APP
EVT-TRIP-077-0,TRIP-077e99-0,2025-09-11 16:37:28,DISTRACTION,0.89,3,TEXT
EVT-TRIP-077-1,TRIP-077e99-0,2025-09-11 16:37:38,SPEEDING,1.08,3,TEXT
EVT-TRIP-077-2,TRIP-077e99-0,2025-09-11 16:37:48,SPEEDING,0.57,1,CALL
EVT-TRIP-077-3,TRIP-077e99-0,2025-09-11 16:37:58,SPEEDING,1.43,1,APP
EVT-TRIP-077-4,TRIP-077e99-0,2025-09-11 16:38:08,SPEEDING,1.21,3,TEXT
EVT-TRIP-077-0,TRIP-077e99-1,2025-09-11 16:37:28,HARD_BRAKE,0.8,3,NONE
EVT-TRIP-077-1,TRIP-077e99-1,2025-09-11 16:37:38,DISTRACTION,1.01,4,APP
EVT-TRIP-077-2,TRIP-077e99-1,2025-09-11 16:37:48,DISTRACTION,1.25,3,CALL
EVT-TRIP-077-3,TRIP-077e99-1,2025-09-11 16:37:58,DISTRACTION,1.21,1,APP
EVT-TRIP-077-4,TRIP-077e99-1,2025-09-11 16:38:08,HARD_BRAKE,0.96,3,APP
EVT-TRIP-077-0,TRIP-077e99-2,2025-09-11 16:37:28,SPEEDING,0.78,2,TEXT
EVT-TRIP-077-1,TRIP-077e99-2,2025-09-11 16:37:38,DISTRACTION,0.95,1,CALL
EVT-TRIP-077-2,TRIP-077e99-2,2025-09-11 16:37:48,HARD_BRAKE,1.42,5,CALL
EVT-TRIP-077-3,TRIP-077e99-2,2025-09-11 16:37:58,HARD_BRAKE,1.35,5,CALL
EVT-TRIP-077-4,TRIP-077e99-2,2025-09-11 16:38:08,DISTRACTION,1.32,5,APP
EVT-TRIP-d3e-0,TRIP-d3e19e-0,2025-09-11 16:37:28,DISTRACTION,0.99,4,APP
EVT-TRIP-d3e-1,TRIP-d3e19e-0,2025-09-11 16:37:38,HARD_BRAKE,1.47,2,NONE
EVT-TRIP-d3e-2,TRIP-d3e19e-0,2025-09-11 16:37:48,DISTRACTION,0.5,3,CALL
EVT-TRIP-d3e-3,TRIP-d3e19e-0,2025-09-11 16:37:58,SPEEDING,1.06,5,NONE
EVT-TRIP-d3e-0,TRIP-d3e19e-1,2025-09-11 16:37:28,HARD_BRAKE,0.69,3,APP
EVT-TRIP-d3e-1,TRIP-d3e19e-1,2025-09-11 16:37:38,HARD_BRAKE,0.65,3,CALL
EVT-TRIP-d3e-2,TRIP-d3e19e-1,2025-09-11 16:37:48,DISTRACTION,0.8,2,APP
EVT-TRIP-d3e-3,TRIP-d3e19e-1,2025-09-11 16:37:58,SPEEDING,1.03,4,TEXT
EVT-TRIP-d3e-4,TRIP-d3e19e-1,2025-09-11 16:38:08,HARD_BRAKE,0.52,3,APP
EVT-TRIP-d3e-0,TRIP-d3e19e-2,2025-09-11 16:37:28,SPEEDING,0.58,5,CALL
EVT-TRIP-d3e-1,TRIP-d3e19e-2,2025-09-11 16:37:38,HARD_BRAKE,0.77,4,APP
EVT-TRIP-d3e-2,TRIP-d3e19e-2,2025-09-11 16:37:48,SPEEDING,0.52,4,APP
EVT-TRIP-d3e-3,TRIP-d3e19e-2,2025-09-11 16:37:58,SPEEDING,1.14,4,APP
EVT-TRIP-e6b-0,TRIP-e6bfed-0,2025-09-11 16:37:28,DISTRACTION,0.84,5,NONE
EVT-TRIP-e6b-1,TRIP-e6bfed-0,2025-09-11 16:37:38,DISTRACTION,1.3,2,APP
EVT-TRIP-e6b-2,TRIP-e6bfed-0,2025-09-11 16:37:48,HARD_BRAKE,0.74,4,CALL
EVT-TRIP-e6b-0,TRIP-e6bfed-1,2025-09-11 16:37:28,SPEEDING,1.33,5,CALL
EVT-TRIP-e6b-1,TRIP-e6bfed-1,2025-09-11 16:37:38,HARD_BRAKE,1.16,5,NONE
EVT-TRIP-e6b-2,TRIP-e6bfed-1,2025-09-11 16:37:48,SPEEDING,0.92,1,NONE
EVT-TRIP-e6b-3,TRIP-e6bfed-1,2025-09-11 16:37:58,SPEEDING,0.89,3,TEXT
EVT-TRIP-e6b-0,TRIP-e6bfed-2,2025-09-11 16:37:28,SPEEDING,1.33,4,TEXT
EVT-TRIP-e6b-1,TRIP-e6bfed-2,2025-09-11 16:37:38,HARD_BRAKE,1.17,5,CALL
EVT-TRIP-e6b-2,TRIP-e6bfed-2,2025-09-11 16:37:48,HARD_BRAKE,1.36,4,TEXT
EVT-TRIP-e6b-3,TRIP-e6bfed-2,2025-09-11 16:37:58,DISTRACTION,0.73,5,NONE
EVT-TRIP-34b-0,TRIP-34b738-0,2025-09-11 16:37:28,HARD_BRAKE,0.52,3,TEXT
EVT-TRIP-34b-1,TRIP-34b738-0,2025-09-11 16:37:38,DISTRACTION,0.81,2,CALL
EVT-TRIP-34b-2,TRIP-34b738-0,2025-09-11 16:37:48,SPEEDING,1.04,1,TEXT
EVT-TRIP-34b-3,TRIP-34b738-0,2025-09-11 16:37:58,HARD_BRAKE,0.71,2,APP
EVT-TRIP-34b-0,TRIP-34b738-1,2025-09-11 16:37:28,HARD_BRAKE,1.38,5,TEXT
EVT-TRIP-34b-1,TRIP-34b738-1,2025-09-11 16:37:38,DISTRACTION,0.64,1,NONE
EVT-TRIP-34b-0,TRIP-34b738-2,2025-09-11 16:37:28,SPEEDING,0.94,2,NONE
EVT-TRIP-34b-1,TRIP-34b738-2,2025-09-11 16:37:38,DISTRACTION,0.78,5,TEXT
EVT-TRIP-34b-2,TRIP-34b738-2,2025-09-11 16:37:48,DISTRACTION,0.88,5,TEXT
EVT-TRIP-34b-3,TRIP-34b738-2,2025-09-11 16:37:58,HARD_BRAKE,0.65,5,CALL
EVT-TRIP-c57-0,TRIP-c576d8-0,2025-09-11 16:37:28,SPEEDING,0.72,3,CALL
EVT-TRIP-c57-1,TRIP-c576d8-0,2025-09-11 16:37:38,HARD_BRAKE,0.52,3,NONE
EVT-TRIP-c57-2,TRIP-c576d8-0,2025-09-11 16:37:48,HARD_BRAKE,0.61,5,TEXT
EVT-TRIP-c57-3,TRIP-c576d8-0,2025-09-11 16:37:58,HARD_BRAKE,0.91,5,APP
EVT-TRIP-c57-4,TRIP-c576d8-0,2025-09-11 16:38:08,DISTRACTION,0.85,3,APP
EVT-TRIP-c57-0,TRIP-c576d8-1,2025-09-11 16:37:28,DISTRACTION,0.58,4,TEXT
EVT-TRIP-c57-1,TRIP-c576d8-1,2025-09-11 16:37:38,DISTRACTION,0.77,4,NONE
EVT-TRIP-c57-2,TRIP-c576d8-1,2025-09-11 16:37:48,HARD_BRAKE,1.24,5,APP
EVT-TRIP-c57-3,TRIP-c576d8-1,2025-09-11 16:37:58,SPEEDING,1.1,2,NONE
EVT-TRIP-c57-0,TRIP-c576d8-2,2025-09-11 16:37:28,HARD_BRAKE,0.86,2,TEXT
EVT-TRIP-c57-1,TRIP-c576d8-2,2025-09-11 16:37:38,SPEEDING,0.8,2,TEXT
EVT-TRIP-5c1-0,TRIP-5c19c0-0,2025-09-11 16:37:28,SPEEDING,0.81,1,TEXT
EVT-TRIP-5c1-1,TRIP-5c19c0-0,2025-09-11 16:37:38,SPEEDING,0.75,2,APP
EVT-TRIP-5c1-2,TRIP-5c19c0-0,2025-09-11 16:37:48,HARD_BRAKE,0.94,1,NONE
EVT-TRIP-5c1-3,TRIP-5c19c0-0,2025-09-11 16:37:58,HARD_BRAKE,0.66,5,CALL
EVT-TRIP-5c1-4,TRIP-5c19c0-0,2025-09-11 16:38:08,DISTRACTION,0.99,5,APP
EVT-TRIP-5c1-0,TRIP-5c19c0-1,2025-09-11 16:37:28,DISTRACTION,0.69,1,TEXT
EVT-TRIP-5c1-1,TRIP-5c19c0-1,2025-09-11 16:37:38,DISTRACTION,1.34,3,CALL
EVT-TRIP-5c1-0,TRIP-5c19c0-2,2025-09-11 16:37:28,SPEEDING,0.98,2,CALL
EVT-TRIP-5c1-1,TRIP-5c19c0-2,2025-09-11 16:37:38,SPEEDING,0.74,1,APP
EVT-TRIP-5c1-2,TRIP-5c19c0-2,2025-09-11 16:37:48,HARD_BRAKE,1.31,3,APP
EVT-TRIP-5c1-3,TRIP-5c19c0-2,2025-09-11 16:37:58,HARD_BRAKE,0.68,5,CALL
EVT-TRIP-7eb-0,TRIP-7eb4e6-0,2025-09-11 16:37:28,HARD_BRAKE,1.46,1,NONE
EVT-TRIP-7eb-1,TRIP-7eb4e6-0,2025-09-11 16:37:38,SPEEDING,1.32,2,TEXT
EVT-TRIP-7eb-0,TRIP-7eb4e6-1,2025-09-11 16:37:28,DISTRACTION,1.27,4,NONE
EVT-TRIP-7eb-1,TRIP-7eb4e6-1,2025-09-11 16:37:38,SPEEDING,0.65,3,CALL
EVT-TRIP-7eb-2,TRIP-7eb4e6-1,2025-09-11 16:37:48,HARD_BRAKE,1.18,4,CALL
EVT-TRIP-7eb-3,TRIP-7eb4e6-1,2025-09-11 16:37:58,HARD_BRAKE,0.7,5,NONE
EVT-TRIP-7eb-4,TRIP-7eb4e6-1,2025-09-11 16:38:08,HARD_BRAKE,0.7,3,CALL
EVT-TRIP-7eb-0,TRIP-7eb4e6-2,2025-09-11 16:37:28,HARD_BRAKE,1.16,2,TEXT
EVT-TRIP-7eb-1,TRIP-7eb4e6-2,2025-09-11 16:37:38,HARD_BRAKE,0.7,4,APP
EVT-TRIP-7eb-2,TRIP-7eb4e6-2,2025-09-11 16:37:48,HARD_BRAKE,0.98,3,NONE
EVT-TRIP-7eb-3,TRIP-7eb4e6-2,2025-09-11 16:37:58,HARD_BRAKE,0.67,4,NONE
EVT-TRIP-7eb-4,TRIP-7eb4e6-2,2025-09-11 16:38:08,HARD_BRAKE,1.47,2,CALL
EVT-TRIP-463-0,TRIP-463100-0,2025-09-11 16:37:28,DISTRACTION,0.93,3,TEXT
EVT-TRIP-463-1,TRIP-463100-0,2025-09-11 16:37:38,DISTRACTION,1.48,1,APP
EVT-TRIP-463-2,TRIP-463100-0,2025-09-11 16:37:48,SPEEDING,0.88,4,TEXT
EVT-TRIP-463-3,TRIP-463100-0,2025-09-11 16:37:58,HARD_BRAKE,0.7,2,APP
EVT-TRIP-463-0,TRIP-463100-1,2025-09-11 16:37:28,HARD_BRAKE,0.76,5,NONE
EVT-TRIP-463-1,TRIP-463100-1,2025-09-11 16:37:38,SPEEDING,0.57,5,CALL
EVT-TRIP-463-0,TRIP-463100-2,2025-09-11 16:37:28,HARD_BRAKE,1.37,4,CALL
EVT-TRIP-463-1,TRIP-463100-2,2025-09-11 16:37:38,HARD_BRAKE,0.9,4,APP
EVT-TRIP-463-2,TRIP-463100-2,2025-09-11 16:37:48,SPEEDING,0.64,3,APP
EVT-TRIP-463-3,TRIP-463100-2,2025-09-11 16:37:58,DISTRACTION,1.07,4,APP
EVT-TRIP-463-4,TRIP-463100-2,2025-09-11 16:38:08,SPEEDING,0.65,1,NONE
EVT-TRIP-839-0,TRIP-839474-0,2025-09-11 16:37:28,DISTRACTION,1.4,5,APP
EVT-TRIP-839-1,TRIP-839474-0,2025-09-11 16:37:38,DISTRACTION,0.96,2,TEXT
EVT-TRIP-839-2,TRIP-839474-0,2025-09-11 16:37:48,DISTRACTION,0.71,5,NONE
EVT-TRIP-839-0,TRIP-839474-1,2025-09-11 16:37:28,DISTRACTION,0.88,3,CALL
EVT-TRIP-839-1,TRIP-839474-1,2025-09-11 16:37:38,DISTRACTION,0.53,5,CALL
EVT-TRIP-839-2,TRIP-839474-1,2025-09-11 16:37:48,HARD_BRAKE,1.43,4,TEXT
EVT-TRIP-839-3,TRIP-839474-1,2025-09-11 16:37:58,SPEEDING,0.92,1,APP
EVT-TRIP-839-0,TRIP-839474-2,2025-09-11 16:37:28,HARD_BRAKE,1.3,4,CALL
EVT-TRIP-839-1,TRIP-839474-2,2025-09-11 16:37:38,HARD_BRAKE,1.26,1,TEXT
EVT-TRIP-839-2,TRIP-839474-2,2025-09-11 16:37:48,SPEEDING,1.26,1,TEXT
EVT-TRIP-da5-0,TRIP-da5f72-0,2025-09-11 16:37:28,HARD_BRAKE,0.53,4,APP
EVT-TRIP-da5-1,TRIP-da5f72-0,2025-09-11 16:37:38,DISTRACTION,1.46,3,TEXT
EVT-TRIP-da5-0,TRIP-da5f72-1,2025-09-11 16:37:28,HARD_BRAKE,0.93,3,NONE
EVT-TRIP-da5-1,TRIP-da5f72-1,2025-09-11 16:37:38,HARD_BRAKE,0.96,3,NONE
EVT-TRIP-da5-2,TRIP-da5f72-1,2025-09-11 16:37:48,HARD_BRAKE,1.45,5,APP
EVT-TRIP-da5-3,TRIP-da5f72-1,2025-09-11 16:37:58,HARD_BRAKE,0.82,2,APP
EVT-TRIP-da5-4,TRIP-da5f72-1,2025-09-11 16:38:08,SPEEDING,1.4,4,APP
EVT-TRIP-da5-0,TRIP-da5f72-2,2025-09-11 16:37:28,DISTRACTION,1.42,1,TEXT
EVT-TRIP-da5-1,TRIP-da5f72-2,2025-09-11 16:37:38,HARD_BRAKE,0.68,4,APP
EVT-TRIP-da5-2,TRIP-da5f72-2,2025-09-11 16:37:48,DISTRACTION,0.91,4,CALL
EVT-TRIP-035-0,TRIP-035d17-0,2025-09-11 16:37:28,DISTRACTION,0.64,5,NONE
EVT-TRIP-035-1,TRIP-035d17-0,2025-09-11 16:37:38,HARD_BRAKE,0.55,2,TEXT
EVT-TRIP-035-2,TRIP-035d17-0,2025-09-11 16:37:48,HARD_BRAKE,0.67,4,NONE
EVT-TRIP-035-0,TRIP-035d17-1,2025-09-11 16:37:28,HARD_BRAKE,0.89,2,TEXT
EVT-TRIP-035-1,TRIP-035d17-1,2025-09-11 16:37:38,DISTRACTION,0.5,1,NONE
EVT-TRIP-035-2,TRIP-035d17-1,2025-09-11 16:37:48,HARD_BRAKE,0.8,4,CALL
EVT-TRIP-035-3,TRIP-035d17-1,2025-09-11 16:37:58,HARD_BRAKE,0.96,2,TEXT
EVT-TRIP-035-0,TRIP-035d17-2,2025-09-11 16:37:28,HARD_BRAKE,1.14,4,APP
EVT-TRIP-035-1,TRIP-035d17-2,2025-09-11 16:37:38,DISTRACTION,0.75,1,NONE
EVT-TRIP-035-2,TRIP-035d17-2,2025-09-11 16:37:48,HARD_BRAKE,1.39,5,TEXT
EVT-TRIP-035-3,TRIP-035d17-2,2025-09-11 16:37:58,HARD_BRAKE,0.67,3,APP
EVT-TRIP-945-0,TRIP-9450ea-0,2025-09-11 16:37:28,DISTRACTION,0.66,3,NONE
EVT-TRIP-945-1,TRIP-9450ea-0,2025-09-11 16:37:38,DISTRACTION,1.05,3,CALL
EVT-TRIP-945-2,TRIP-9450ea-0,2025-09-11 16:37:48,HARD_BRAKE,0.6,4,NONE
EVT-TRIP-945-0,TRIP-9450ea-1,2025-09-11 16:37:28,SPEEDING,1.03,3,NONE
EVT-TRIP-945-1,TRIP-9450ea-1,2025-09-11 16:37:38,SPEEDING,1.38,1,CALL
EVT-TRIP-945-0,TRIP-9450ea-2,2025-09-11 16:37:28,HARD_BRAKE,0.79,3,TEXT
EVT-TRIP-945-1,TRIP-9450ea-2,2025-09-11 16:37:38,DISTRACTION,1.18,3,CALL
EVT-TRIP-945-2,TRIP-9450ea-2,2025-09-11 16:37:48,SPEEDING,0.88,3,TEXT
EVT-TRIP-945-3,TRIP-9450ea-2,2025-09-11 16:37:58,DISTRACTION,1.31,4,APP
EVT-TRIP-258-0,TRIP-258f5f-0,2025-09-11 16:37:28,SPEEDING,1.11,4,NONE
EVT-TRIP-258-1,TRIP-258f5f-0,2025-09-11 16:37:38,SPEEDING,1.23,5,NONE
EVT-TRIP-258-2,TRIP-258f5f-0,2025-09-11 16:37:48,SPEEDING,0.78,5,APP
EVT-TRIP-258-3,TRIP-258f5f-0,2025-09-11 16:37:58,SPEEDING,0.67,5,CALL
EVT-TRIP-258-4,TRIP-258f5f-0,2025-09-11 16:38:08,HARD_BRAKE,1.41,4,APP
EVT-TRIP-258-0,TRIP-258f5f-1,2025-09-11 16:37:28,DISTRACTION,1.37,4,CALL
EVT-TRIP-258-1,TRIP-258f5f-1,2025-09-11 16:37:38,SPEEDING,1.47,1,TEXT
EVT-TRIP-258-2,TRIP-258f5f-1,2025-09-11 16:37:48,HARD_BRAKE,0.75,4,TEXT
EVT-TRIP-258-0,TRIP-258f5f-2,2025-09-11 16:37:28,DISTRACTION,1.02,5,NONE
EVT-TRIP-258-1,TRIP-258f5f-2,2025-09-11 16:37:38,DISTRACTION,0.92,3,NONE
EVT-TRIP-258-2,TRIP-258f5f-2,2025-09-11 16:37:48,SPEEDING,1.02,3,APP
EVT-TRIP-258-3,TRIP-258f5f-2,2025-09-11 16:37:58,HARD_BRAKE,1.37,5,CALL
EVT-TRIP-258-4,TRIP-258f5f-2,2025-09-11 16:38:08,SPEEDING,0.87,5,CALL
EVT-TRIP-b16-0,TRIP-b162eb-0,2025-09-11 16:37:28,DISTRACTION,0.74,4,CALL
EVT-TRIP-b16-1,TRIP-b162eb-0,2025-09-11 16:37:38,SPEEDING,1.11,2,NONE
EVT-TRIP-b16-2,TRIP-b162eb-0,2025-09-11 16:37:48,HARD_BRAKE,0.61,5,APP
EVT-TRIP-b16-3,TRIP-b162eb-0,2025-09-11 16:37:58,HARD_BRAKE,0.87,2,NONE
EVT-TRIP-b16-4,TRIP-b162eb-0,2025-09-11 16:38:08,HARD_BRAKE,1.06,5,CALL
EVT-TRIP-b16-0,TRIP-b162eb-1,2025-09-11 16:37:28,HARD_BRAKE,0.53,4,APP
EVT-TRIP-b16-1,TRIP-b162eb-1,2025-09-11 16:37:38,HARD_BRAKE,0.59,1,TEXT
EVT-TRIP-b16-2,TRIP-b162eb-1,2025-09-11 16:37:48,SPEEDING,1.02,4,TEXT
EVT-TRIP-b16-0,TRIP-b162eb-2,2025-09-11 16:37:28,SPEEDING,1.23,1,TEXT
EVT-TRIP-b16-1,TRIP-b162eb-2,2025-09-11 16:37:38,SPEEDING,0.6,4,CALL
EVT-TRIP-664-0,TRIP-66431a-0,2025-09-11 16:37:28,HARD_BRAKE,0.58,4,APP
EVT-TRIP-664-1,TRIP-66431a-0,2025-09-11 16:37:38,SPEEDING,1.19,2,APP
EVT-TRIP-664-0,TRIP-66431a-1,2025-09-11 16:37:28,HARD_BRAKE,0.58,3,CALL
EVT-TRIP-664-1,TRIP-66431a-1,2025-09-11 16:37:38,HARD_BRAKE,0.7,5,APP
EVT-TRIP-664-2,TRIP-66431a-1,2025-09-11 16:37:48,DISTRACTION,1.06,1,CALL
EVT-TRIP-664-0,TRIP-66431a-2,2025-09-11 16:37:28,SPEEDING,0.73,4,APP
EVT-TRIP-664-1,TRIP-66431a-2,2025-09-11 16:37:38,DISTRACTION,0.53,4,NONE
EVT-TRIP-2de-0,TRIP-2deb8c-0,2025-09-11 16:37:28,HARD_BRAKE,0.98,3,APP
EVT-TRIP-2de-1,TRIP-2deb8c-0,2025-09-11 16:37:38,SPEEDING,0.78,5,CALL
EVT-TRIP-2de-0,TRIP-2deb8c-1,2025-09-11 16:37:28,HARD_BRAKE,1.14,3,APP
EVT-TRIP-2de-1,TRIP-2deb8c-1,2025-09-11 16:37:38,DISTRACTION,1.01,1,TEXT
EVT-TRIP-2de-0,TRIP-2deb8c-2,2025-09-11 16:37:28,HARD_BRAKE,1.04,4,APP
EVT-TRIP-2de-1,TRIP-2deb8c-2,2025-09-11 16:37:38,DISTRACTION,0.5,4,APP
EVT-TRIP-2de-2,TRIP-2deb8c-2,2025-09-11 16:37:48,SPEEDING,0.6,4,CALL
EVT-TRIP-637-0,TRIP-6370ff-0,2025-09-11 16:37:28,HARD_BRAKE,1.37,3,CALL
EVT-TRIP-637-1,TRIP-6370ff-0,2025-09-11 16:37:38,SPEEDING,0.89,5,CALL
EVT-TRIP-637-2,TRIP-6370ff-0,2025-09-11 16:37:48,DISTRACTION,1.03,3,NONE
EVT-TRIP-637-3,TRIP-6370ff-0,2025-09-11 16:37:58,DISTRACTION,1.38,5,TEXT
EVT-TRIP-637-4,TRIP-6370ff-0,2025-09-11 16:38:08,SPEEDING,0.7,2,NONE
EVT-TRIP-637-0,TRIP-6370ff-1,2025-09-11 16:37:28,HARD_BRAKE,0.52,3,NONE
EVT-TRIP-637-1,TRIP-6370ff-1,2025-09-11 16:37:38,DISTRACTION,0.96,2,NONE
EVT-TRIP-637-0,TRIP-6370ff-2,2025-09-11 16:37:28,HARD_BRAKE,1.16,5,CALL
EVT-TRIP-637-1,TRIP-6370ff-2,2025-09-11 16:37:38,HARD_BRAKE,0.68,2,NONE
EVT-TRIP-2fb-0,TRIP-2fb812-0,2025-09-11 16:37:28,DISTRACTION,1.03,3,NONE
EVT-TRIP-2fb-1,TRIP-2fb812-0,2025-09-11 16:37:38,HARD_BRAKE,1.22,1,NONE
EVT-TRIP-2fb-2,TRIP-2fb812-0,2025-09-11 16:37:48,SPEEDING,0.65,2,APP
EVT-TRIP-2fb-3,TRIP-2fb812-0,2025-09-11 16:37:58,SPEEDING,1.04,4,CALL
EVT-TRIP-2fb-0,TRIP-2fb812-1,2025-09-11 16:37:28,HARD_BRAKE,1.1,1,NONE
EVT-TRIP-2fb-1,TRIP-2fb812-1,2025-09-11 16:37:38,DISTRACTION,1.19,3,APP
EVT-TRIP-2fb-2,TRIP-2fb812-1,2025-09-11 16:37:48,DISTRACTION,1.38,5,APP
EVT-TRIP-2fb-0,TRIP-2fb812-2,2025-09-11 16:37:28,SPEEDING,1.45,4,NONE
EVT-TRIP-2fb-1,TRIP-2fb812-2,2025-09-11 16:37:38,HARD_BRAKE,1.17,2,CALL
EVT-TRIP-2fb-2,TRIP-2fb812-2,2025-09-11 16:37:48,SPEEDING,0.66,3,CALL
EVT-TRIP-2fb-3,TRIP-2fb812-2,2025-09-11 16:37:58,DISTRACTION,0.7,5,CALL
EVT-TRIP-2fb-4,TRIP-2fb812-2,2025-09-11 16:38:08,SPEEDING,1.44,5,NONE
EVT-TRIP-bd4-0,TRIP-bd40ee-0,2025-09-11 16:37:28,SPEEDING,0.97,3,CALL
EVT-TRIP-bd4-1,TRIP-bd40ee-0,2025-09-11 16:37:38,HARD_BRAKE,1.48,1,APP
EVT-TRIP-bd4-2,TRIP-bd40ee-0,2025-09-11 16:37:48,HARD_BRAKE,0.93,1,CALL
EVT-TRIP-bd4-3,TRIP-bd40ee-0,2025-09-11 16:37:58,HARD_BRAKE,0.74,4,NONE
EVT-TRIP-bd4-0,TRIP-bd40ee-1,2025-09-11 16:37:28,DISTRACTION,1.33,4,NONE
EVT-TRIP-bd4-1,TRIP-bd40ee-1,2025-09-11 16:37:38,DISTRACTION,1.11,1,NONE
EVT-TRIP-bd4-2,TRIP-bd40ee-1,2025-09-11 16:37:48,SPEEDING,1.1,3,CALL
EVT-TRIP-bd4-0,TRIP-bd40ee-2,2025-09-11 16:37:28,HARD_BRAKE,0.52,2,CALL
EVT-TRIP-bd4-1,TRIP-bd40ee-2,2025-09-11 16:37:38,SPEEDING,0.69,4,CALL
EVT-TRIP-bd4-2,TRIP-bd40ee-2,2025-09-11 16:37:48,HARD_BRAKE,1.31,3,NONE
EVT-TRIP-3e8-0,TRIP-3e8855-0,2025-09-11 16:37:28,SPEEDING,1.16,4,NONE
EVT-TRIP-3e8-1,TRIP-3e8855-0,2025-09-11 16:37:38,DISTRACTION,1.16,4,CALL
EVT-TRIP-3e8-2,TRIP-3e8855-0,2025-09-11 16:37:48,HARD_BRAKE,0.87,3,CALL
EVT-TRIP-3e8-3,TRIP-3e8855-0,2025-09-11 16:37:58,HARD_BRAKE,1.16,4,APP
EVT-TRIP-3e8-0,TRIP-3e8855-1,2025-09-11 16:37:28,DISTRACTION,0.82,3,APP
EVT-TRIP-3e8-1,TRIP-3e8855-1,2025-09-11 16:37:38,DISTRACTION,0.63,1,NONE
EVT-TRIP-3e8-2,TRIP-3e8855-1,2025-09-11 16:37:48,SPEEDING,1.37,1,CALL
EVT-TRIP-3e8-3,TRIP-3e8855-1,2025-09-11 16:37:58,HARD_BRAKE,1.05,4,NONE
EVT-TRIP-3e8-0,TRIP-3e8855-2,2025-09-11 16:37:28,SPEEDING,0.51,3,APP
EVT-TRIP-3e8-1,TRIP-3e8855-2,2025-09-11 16:37:38,DISTRACTION,0.61,5,NONE
EVT-TRIP-3e8-2,TRIP-3e8855-2,2025-09-11 16:37:48,HARD_BRAKE,0.6,2,CALL
EVT-TRIP-039-0,TRIP-0391ba-0,2025-09-11 16:37:28,SPEEDING,1.23,3,CALL
EVT-TRIP-039-1,TRIP-0391ba-0,2025-09-11 16:37:38,HARD_BRAKE,0.78,2,TEXT
EVT-TRIP-039-2,TRIP-0391ba-0,2025-09-11 16:37:48,HARD_BRAKE,0.85,2,CALL
EVT-TRIP-039-0,TRIP-0391ba-1,2025-09-11 16:37:28,HARD_BRAKE,1.35,4,TEXT
EVT-TRIP-039-1,TRIP-0391ba-1,2025-09-11 16:37:38,HARD_BRAKE,0.95,1,NONE
EVT-TRIP-039-0,TRIP-0391ba-2,2025-09-11 16:37:28,HARD_BRAKE,1.09,3,CALL
EVT-TRIP-039-1,TRIP-0391ba-2,2025-09-11 16:37:38,HARD_BRAKE,0.64,1,CALL
EVT-TRIP-039-2,TRIP-0391ba-2,2025-09-11 16:37:48,SPEEDING,1.47,5,CALL
EVT-TRIP-ff7-0,TRIP-ff7f17-0,2025-09-11 16:37:28,SPEEDING,1.37,1,CALL
EVT-TRIP-ff7-1,TRIP-ff7f17-0,2025-09-11 16:37:38,SPEEDING,0.96,3,CALL
EVT-TRIP-ff7-0,TRIP-ff7f17-1,2025-09-11 16:37:28,SPEEDING,0.81,5,APP
EVT-TRIP-ff7-1,TRIP-ff7f17-1,2025-09-11 16:37:38,HARD_BRAKE,0.92,2,APP
EVT-TRIP-ff7-2,TRIP-ff7f17-1,2025-09-11 16:37:48,SPEEDING,1.27,2,NONE
EVT-TRIP-ff7-3,TRIP-ff7f17-1,2025-09-11 16:37:58,HARD_BRAKE,0.52,4,NONE
EVT-TRIP-ff7-4,TRIP-ff7f17-1,2025-09-11 16:38:08,DISTRACTION,0.58,1,APP
EVT-TRIP-ff7-0,TRIP-ff7f17-2,2025-09-11 16:37:28,DISTRACTION,0.99,1,NONE
EVT-TRIP-ff7-1,TRIP-ff7f17-2,2025-09-11 16:37:38,DISTRACTION,0.7,1,TEXT
EVT-TRIP-ff7-2,TRIP-ff7f17-2,2025-09-11 16:37:48,DISTRACTION,0.77,3,CALL
EVT-TRIP-ff7-3,TRIP-ff7f17-2,2025-09-11 16:37:58,DISTRACTION,0.87,1,CALL
EVT-TRIP-ff7-4,TRIP-ff7f17-2,2025-09-11 16:38:08,HARD_BRAKE,0.72,3,CALL
EVT-TRIP-443-0,TRIP-44370a-0,2025-09-11 16:37:28,HARD_BRAKE,0.84,5,NONE
EVT-TRIP-443-1,TRIP-44370a-0,2025-09-11 16:37:38,DISTRACTION,1.48,1,APP
EVT-TRIP-443-2,TRIP-44370a-0,2025-09-11 16:37:48,HARD_BRAKE,1.28,5,NONE
EVT-TRIP-443-0,TRIP-44370a-1,2025-09-11 16:37:28,DISTRACTION,0.58,3,TEXT
EVT-TRIP-443-1,TRIP-44370a-1,2025-09-11 16:37:38,SPEEDING,1.32,4,CALL
EVT-TRIP-443-0,TRIP-44370a-2,2025-09-11 16:37:28,SPEEDING,0.56,1,NONE
EVT-TRIP-443-1,TRIP-44370a-2,2025-09-11 16:37:38,SPEEDING,0.5,2,APP
EVT-TRIP-443-2,TRIP-44370a-2,2025-09-11 16:37:48,DISTRACTION,1.03,4,APP
EVT-TRIP-443-3,TRIP-44370a-2,2025-09-11 16:37:58,DISTRACTION,1.09,3,APP
EVT-TRIP-ff8-0,TRIP-ff8963-0,2025-09-11 16:37:28,HARD_BRAKE,1.29,3,CALL
EVT-TRIP-ff8-1,TRIP-ff8963-0,2025-09-11 16:37:38,HARD_BRAKE,1.02,5,TEXT
EVT-TRIP-ff8-2,TRIP-ff8963-0,2025-09-11 16:37:48,DISTRACTION,0.77,5,TEXT
EVT-TRIP-ff8-3,TRIP-ff8963-0,2025-09-11 16:37:58,HARD_BRAKE,1.38,1,CALL
EVT-TRIP-ff8-0,TRIP-ff8963-1,2025-09-11 16:37:28,DISTRACTION,1.2,4,CALL
EVT-TRIP-ff8-1,TRIP-ff8963-1,2025-09-11 16:37:38,DISTRACTION,1.44,5,TEXT
EVT-TRIP-ff8-0,TRIP-ff8963-2,2025-09-11 16:37:28,HARD_BRAKE,0.54,4,TEXT
EVT-TRIP-ff8-1,TRIP-ff8963-2,2025-09-11 16:37:38,HARD_BRAKE,1.27,3,TEXT
EVT-TRIP-ff8-2,TRIP-ff8963-2,2025-09-11 16:37:48,SPEEDING,1.24,4,APP
EVT-TRIP-ff8-3,TRIP-ff8963-2,2025-09-11 16:37:58,HARD_BRAKE,1.3,3,TEXT
EVT-TRIP-ff8-4,TRIP-ff8963-2,2025-09-11 16:38:08,HARD_BRAKE,1.18,4,CALL
EVT-TRIP-861-0,TRIP-861a06-0,2025-09-11 16:37:28,SPEEDING,0.79,2,TEXT
EVT-TRIP-861-1,TRIP-861a06-0,2025-09-11 16:37:38,HARD_BRAKE,0.53,2,APP
EVT-TRIP-861-2,TRIP-861a06-0,2025-09-11 16:37:48,SPEEDING,1.26,3,APP
EVT-TRIP-861-0,TRIP-861a06-1,2025-09-11 16:37:28,SPEEDING,1.16,5,CALL
EVT-TRIP-861-1,TRIP-861a06-1,2025-09-11 16:37:38,SPEEDING,1.11,3,NONE
EVT-TRIP-861-2,TRIP-861a06-1,2025-09-11 16:37:48,HARD_BRAKE,1.37,1,NONE
EVT-TRIP-861-3,TRIP-861a06-1,2025-09-11 16:37:58,HARD_BRAKE,1.02,2,TEXT
EVT-TRIP-861-0,TRIP-861a06-2,2025-09-11 16:37:28,HARD_BRAKE,0.88,5,CALL
EVT-TRIP-861-1,TRIP-861a06-2,2025-09-11 16:37:38,DISTRACTION,0.73,3,APP
EVT-TRIP-861-2,TRIP-861a06-2,2025-09-11 16:37:48,SPEEDING,1.35,3,TEXT
EVT-TRIP-861-3,TRIP-861a06-2,2025-09-11 16:37:58,DISTRACTION,0.53,1,CALL
EVT-TRIP-3a7-0,TRIP-3a7cc4-0,2025-09-11 16:37:28,SPEEDING,0.78,2,NONE
EVT-TRIP-3a7-1,TRIP-3a7cc4-0,2025-09-11 16:37:38,HARD_BRAKE,0.71,2,CALL
EVT-TRIP-3a7-2,TRIP-3a7cc4-0,2025-09-11 16:37:48,SPEEDING,1.18,5,NONE
EVT-TRIP-3a7-3,TRIP-3a7cc4-0,2025-09-11 16:37:58,SPEEDING,1.07,5,NONE
EVT-TRIP-3a7-0,TRIP-3a7cc4-1,2025-09-11 16:37:28,SPEEDING,1.12,2,TEXT
EVT-TRIP-3a7-1,TRIP-3a7cc4-1,2025-09-11 16:37:38,DISTRACTION,0.95,2,CALL
EVT-TRIP-3a7-0,TRIP-3a7cc4-2,2025-09-11 16:37:28,SPEEDING,0.9,1,CALL
EVT-TRIP-3a7-1,TRIP-3a7cc4-2,2025-09-11 16:37:38,DISTRACTION,1.49,1,CALL
EVT-TRIP-3a7-2,TRIP-3a7cc4-2,2025-09-11 16:37:48,SPEEDING,0.75,5,TEXT
EVT-TRIP-3a7-3,TRIP-3a7cc4-2,2025-09-11 16:37:58,DISTRACTION,0.71,1,CALL
EVT-TRIP-3a7-4,TRIP-3a7cc4-2,2025-09-11 16:38:08,HARD_BRAKE,1.47,4,TEXT
EVT-TRIP-c32-0,TRIP-c326c4-0,2025-09-11 16:37:28,DISTRACTION,0.99,1,CALL
EVT-TRIP-c32-1,TRIP-c326c4-0,2025-09-11 16:37:38,HARD_BRAKE,1.08,5,APP
EVT-TRIP-c32-2,TRIP-c326c4-0,2025-09-11 16:37:48,DISTRACTION,1.19,3,TEXT
EVT-TRIP-c32-3,TRIP-c326c4-0,2025-09-11 16:37:58,DISTRACTION,1.17,4,TEXT
EVT-TRIP-c32-0,TRIP-c326c4-1,2025-09-11 16:37:28,SPEEDING,0.85,5,NONE
EVT-TRIP-c32-1,TRIP-c326c4-1,2025-09-11 16:37:38,SPEEDING,1.41,2,APP
EVT-TRIP-c32-0,TRIP-c326c4-2,2025-09-11 16:37:28,HARD_BRAKE,0.81,4,TEXT
EVT-TRIP-c32-1,TRIP-c326c4-2,2025-09-11 16:37:38,HARD_BRAKE,0.59,4,APP
EVT-TRIP-3d0-0,TRIP-3d03f9-0,2025-09-11 16:37:28,DISTRACTION,0.96,1,APP
EVT-TRIP-3d0-1,TRIP-3d03f9-0,2025-09-11 16:37:38,SPEEDING,0.65,1,CALL
EVT-TRIP-3d0-2,TRIP-3d03f9-0,2025-09-11 16:37:48,DISTRACTION,1.21,1,TEXT
EVT-TRIP-3d0-3,TRIP-3d03f9-0,2025-09-11 16:37:58,HARD_BRAKE,0.93,4,NONE
EVT-TRIP-3d0-4,TRIP-3d03f9-0,2025-09-11 16:38:08,DISTRACTION,1.33,4,NONE
EVT-TRIP-3d0-0,TRIP-3d03f9-1,2025-09-11 16:37:28,DISTRACTION,0.92,2,TEXT
EVT-TRIP-3d0-1,TRIP-3d03f9-1,2025-09-11 16:37:38,HARD_BRAKE,0.92,1,CALL
EVT-TRIP-3d0-2,TRIP-3d03f9-1,2025-09-11 16:37:48,HARD_BRAKE,0.51,1,TEXT
EVT-TRIP-3d0-3,TRIP-3d03f9-1,2025-09-11 16:37:58,DISTRACTION,0.84,1,TEXT
EVT-TRIP-3d0-0,TRIP-3d03f9-2,2025-09-11 16:37:28,DISTRACTION,0.95,4,TEXT
EVT-TRIP-3d0-1,TRIP-3d03f9-2,2025-09-11 16:37:38,SPEEDING,0.83,2,CALL
EVT-TRIP-3d0-2,TRIP-3d03f9-2,2025-09-11 16:37:48,DISTRACTION,1.29,4,CALL
EVT-TRIP-3c1-0,TRIP-3c1f8f-0,2025-09-11 16:37:28,HARD_BRAKE,1.3,4,CALL
EVT-TRIP-3c1-1,TRIP-3c1f8f-0,2025-09-11 16:37:38,HARD_BRAKE,0.56,3,TEXT
EVT-TRIP-3c1-2,TRIP-3c1f8f-0,2025-09-11 16:37:48,SPEEDING,1.25,1,CALL
EVT-TRIP-3c1-3,TRIP-3c1f8f-0,2025-09-11 16:37:58,HARD_BRAKE,1.16,1,CALL
EVT-TRIP-3c1-0,TRIP-3c1f8f-1,2025-09-11 16:37:28,DISTRACTION,1.31,1,APP
EVT-TRIP-3c1-1,TRIP-3c1f8f-1,2025-09-11 16:37:38,DISTRACTION,0.96,4,APP
EVT-TRIP-3c1-0,TRIP-3c1f8f-2,2025-09-11 16:37:28,SPEEDING,1.45,4,CALL
EVT-TRIP-3c1-1,TRIP-3c1f8f-2,2025-09-11 16:37:38,HARD_BRAKE,1.11,2,NONE
EVT-TRIP-3c1-2,TRIP-3c1f8f-2,2025-09-11 16:37:48,SPEEDING,0.68,2,NONE
EVT-TRIP-3c1-3,TRIP-3c1f8f-2,2025-09-11 16:37:58,HARD_BRAKE,0.65,5,CALL
EVT-TRIP-3c1-4,TRIP-3c1f8f-2,2025-09-11 16:38:08,HARD_BRAKE,0.81,2,CALL
EVT-TRIP-2fa-0,TRIP-2fa063-0,2025-09-11 16:37:28,HARD_BRAKE,1.17,4,APP
EVT-TRIP-2fa-1,TRIP-2fa063-0,2025-09-11 16:37:38,DISTRACTION,0.54,5,CALL
EVT-TRIP-2fa-0,TRIP-2fa063-1,2025-09-11 16:37:28,DISTRACTION,1.45,2,TEXT
EVT-TRIP-2fa-1,TRIP-2fa063-1,2025-09-11 16:37:38,DISTRACTION,0.88,5,NONE
EVT-TRIP-2fa-2,TRIP-2fa063-1,2025-09-11 16:37:48,SPEEDING,0.83,4,CALL
EVT-TRIP-2fa-3,TRIP-2fa063-1,2025-09-11 16:37:58,SPEEDING,0.57,4,TEXT
EVT-TRIP-2fa-0,TRIP-2fa063-2,2025-09-11 16:37:28,DISTRACTION,0.63,3,TEXT
EVT-TRIP-2fa-1,TRIP-2fa063-2,2025-09-11 16:37:38,DISTRACTION,1.22,4,CALL
EVT-TRIP-2fa-2,TRIP-2fa063-2,2025-09-11 16:37:48,DISTRACTION,0.78,2,TEXT
EVT-TRIP-38c-0,TRIP-38c773-0,2025-09-11 16:37:28,HARD_BRAKE,0.94,5,CALL
EVT-TRIP-38c-1,TRIP-38c773-0,2025-09-11 16:37:38,DISTRACTION,1.04,5,APP
EVT-TRIP-38c-0,TRIP-38c773-1,2025-09-11 16:37:28,SPEEDING,0.81,2,NONE
EVT-TRIP-38c-1,TRIP-38c773-1,2025-09-11 16:37:38,SPEEDING,0.64,4,NONE
EVT-TRIP-38c-2,TRIP-38c773-1,2025-09-11 16:37:48,DISTRACTION,0.65,3,CALL
EVT-TRIP-38c-3,TRIP-38c773-1,2025-09-11 16:37:58,HARD_BRAKE,1.14,3,APP
EVT-TRIP-38c-4,TRIP-38c773-1,2025-09-11 16:38:08,DISTRACTION,1.42,5,NONE
EVT-TRIP-38c-0,TRIP-38c773-2,2025-09-11 16:37:28,SPEEDING,0.53,2,NONE
EVT-TRIP-38c-1,TRIP-38c773-2,2025-09-11 16:37:38,SPEEDING,0.98,3,CALL
EVT-TRIP-38c-2,TRIP-38c773-2,2025-09-11 16:37:48,HARD_BRAKE,0.57,5,APP
EVT-TRIP-25d-0,TRIP-25d5f9-0,2025-09-11 16:37:28,DISTRACTION,1.4,3,APP
EVT-TRIP-25d-1,TRIP-25d5f9-0,2025-09-11 16:37:38,DISTRACTION,1.31,2,CALL
EVT-TRIP-25d-2,TRIP-25d5f9-0,2025-09-11 16:37:48,SPEEDING,1.07,4,TEXT
EVT-TRIP-25d-3,TRIP-25d5f9-0,2025-09-11 16:37:58,HARD_BRAKE,0.85,4,APP
EVT-TRIP-25d-0,TRIP-25d5f9-1,2025-09-11 16:37:28,HARD_BRAKE,0.78,1,APP
EVT-TRIP-25d-1,TRIP-25d5f9-1,2025-09-11 16:37:38,DISTRACTION,0.56,2,TEXT
EVT-TRIP-25d-2,TRIP-25d5f9-1,2025-09-11 16:37:48,HARD_BRAKE,1.18,5,NONE
EVT-TRIP-25d-3,TRIP-25d5f9-1,2025-09-11 16:37:58,SPEEDING,1.24,4,TEXT
EVT-TRIP-25d-4,TRIP-25d5f9-1,2025-09-11 16:38:08,HARD_BRAKE,1.01,1,NONE
EVT-TRIP-25d-0,TRIP-25d5f9-2,2025-09-11 16:37:28,HARD_BRAKE,1.18,4,NONE
EVT-TRIP-25d-1,TRIP-25d5f9-2,2025-09-11 16:37:38,HARD_BRAKE,0.68,3,APP
EVT-TRIP-a75-0,TRIP-a75d96-0,2025-09-11 16:37:28,HARD_BRAKE,0.79,3,APP
EVT-TRIP-a75-1,TRIP-a75d96-0,2025-09-11 16:37:38,SPEEDING,0.63,5,APP
EVT-TRIP-a75-2,TRIP-a75d96-0,2025-09-11 16:37:48,HARD_BRAKE,1.0,4,CALL
EVT-TRIP-a75-3,TRIP-a75d96-0,2025-09-11 16:37:58,HARD_BRAKE,0.86,5,CALL
EVT-TRIP-a75-0,TRIP-a75d96-1,2025-09-11 16:37:28,DISTRACTION,1.34,3,CALL
EVT-TRIP-a75-1,TRIP-a75d96-1,2025-09-11 16:37:38,HARD_BRAKE,1.27,1,CALL
EVT-TRIP-a75-2,TRIP-a75d96-1,2025-09-11 16:37:48,SPEEDING,1.42,3,NONE
EVT-TRIP-a75-3,TRIP-a75d96-1,2025-09-11 16:37:58,DISTRACTION,1.04,3,CALL
EVT-TRIP-a75-0,TRIP-a75d96-2,2025-09-11 16:37:28,HARD_BRAKE,1.03,1,NONE
EVT-TRIP-a75-1,TRIP-a75d96-2,2025-09-11 16:37:38,SPEEDING,0.83,4,NONE
EVT-TRIP-a75-2,TRIP-a75d96-2,2025-09-11 16:37:48,DISTRACTION,1.46,3,CALL
EVT-TRIP-30c-0,TRIP-30c996-0,2025-09-11 16:37:28,HARD_BRAKE,0.75,5,APP
EVT-TRIP-30c-1,TRIP-30c996-0,2025-09-11 16:37:38,HARD_BRAKE,0.66,3,TEXT
EVT-TRIP-30c-2,TRIP-30c996-0,2025-09-11 16:37:48,DISTRACTION,1.14,3,NONE
EVT-TRIP-30c-3,TRIP-30c996-0,2025-09-11 16:37:58,SPEEDING,1.29,3,CALL
EVT-TRIP-30c-0,TRIP-30c996-1,2025-09-11 16:37:28,SPEEDING,0.92,5,NONE
EVT-TRIP-30c-1,TRIP-30c996-1,2025-09-11 16:37:38,DISTRACTION,0.5,2,CALL
EVT-TRIP-30c-2,TRIP-30c996-1,2025-09-11 16:37:48,SPEEDING,0.59,4,APP
EVT-TRIP-30c-3,TRIP-30c996-1,2025-09-11 16:37:58,HARD_BRAKE,0.89,3,NONE
EVT-TRIP-30c-0,TRIP-30c996-2,2025-09-11 16:37:28,HARD_BRAKE,1.04,3,APP
EVT-TRIP-30c-1,TRIP-30c996-2,2025-09-11 16:37:38,DISTRACTION,1.36,5,NONE
EVT-TRIP-30c-2,TRIP-30c996-2,2025-09-11 16:37:48,SPEEDING,1.08,3,TEXT
EVT-TRIP-30c-3,TRIP-30c996-2,2025-09-11 16:37:58,HARD_BRAKE,1.31,3,NONE
EVT-TRIP-30c-4,TRIP-30c996-2,2025-09-11 16:38:08,HARD_BRAKE,0.79,2,APP
EVT-TRIP-182-0,TRIP-182508-0,2025-09-11 16:37:28,DISTRACTION,0.98,4,TEXT
EVT-TRIP-182-1,TRIP-182508-0,2025-09-11 16:37:38,DISTRACTION,1.36,1,NONE
EVT-TRIP-182-2,TRIP-182508-0,2025-09-11 16:37:48,HARD_BRAKE,0.54,5,CALL
EVT-TRIP-182-3,TRIP-182508-0,2025-09-11 16:37:58,HARD_BRAKE,0.92,5,TEXT
EVT-TRIP-182-0,TRIP-182508-1,2025-09-11 16:37:28,DISTRACTION,0.99,3,TEXT
EVT-TRIP-182-1,TRIP-182508-1,2025-09-11 16:37:38,SPEEDING,1.45,3,CALL
EVT-TRIP-182-2,TRIP-182508-1,2025-09-11 16:37:48,SPEEDING,0.6,4,NONE
EVT-TRIP-182-3,TRIP-182508-1,2025-09-11 16:37:58,HARD_BRAKE,1.49,2,TEXT
EVT-TRIP-182-4,TRIP-182508-1,2025-09-11 16:38:08,SPEEDING,0.92,5,NONE
EVT-TRIP-182-0,TRIP-182508-2,2025-09-11 16:37:28,DISTRACTION,1.37,1,TEXT
EVT-TRIP-182-1,TRIP-182508-2,2025-09-11 16:37:38,SPEEDING,1.29,3,APP
EVT-TRIP-182-2,TRIP-182508-2,2025-09-11 16:37:48,HARD_BRAKE,1.33,5,NONE
EVT-TRIP-182-3,TRIP-182508-2,2025-09-11 16:37:58,SPEEDING,0.63,1,NONE
EVT-TRIP-182-4,TRIP-182508-2,2025-09-11 16:38:08,SPEEDING,1.09,1,NONE
EVT-TRIP-36d-0,TRIP-36dcc8-0,2025-09-11 16:37:28,DISTRACTION,0.94,4,CALL
EVT-TRIP-36d-1,TRIP-36dcc8-0,2025-09-11 16:37:38,DISTRACTION,0.5,2,NONE
EVT-TRIP-36d-2,TRIP-36dcc8-0,2025-09-11 16:37:48,SPEEDING,0.69,1,NONE
EVT-TRIP-36d-3,TRIP-36dcc8-0,2025-09-11 16:37:58,SPEEDING,0.71,4,APP
EVT-TRIP-36d-4,TRIP-36dcc8-0,2025-09-11 16:38:08,SPEEDING,1.12,5,APP
EVT-TRIP-36d-0,TRIP-36dcc8-1,2025-09-11 16:37:28,HARD_BRAKE,0.55,3,CALL
EVT-TRIP-36d-1,TRIP-36dcc8-1,2025-09-11 16:37:38,DISTRACTION,1.16,5,TEXT
EVT-TRIP-36d-2,TRIP-36dcc8-1,2025-09-11 16:37:48,SPEEDING,1.36,2,TEXT
EVT-TRIP-36d-0,TRIP-36dcc8-2,2025-09-11 16:37:28,HARD_BRAKE,1.27,1,CALL
EVT-TRIP-36d-1,TRIP-36dcc8-2,2025-09-11 16:37:38,SPEEDING,0.74,4,NONE
EVT-TRIP-36d-2,TRIP-36dcc8-2,2025-09-11 16:37:48,DISTRACTION,1.32,4,APP
EVT-TRIP-36d-3,TRIP-36dcc8-2,2025-09-11 16:37:58,HARD_BRAKE,0.56,4,CALL
EVT-TRIP-583-0,TRIP-5832a4-0,2025-09-11 16:37:28,SPEEDING,1.22,1,NONE
EVT-TRIP-583-1,TRIP-5832a4-0,2025-09-11 16:37:38,HARD_BRAKE,1.28,5,APP
EVT-TRIP-583-2,TRIP-5832a4-0,2025-09-11 16:37:48,HARD_BRAKE,0.83,1,TEXT
EVT-TRIP-583-3,TRIP-5832a4-0,2025-09-11 16:37:58,DISTRACTION,0.91,3,APP
EVT-TRIP-583-0,TRIP-5832a4-1,2025-09-11 16:37:28,SPEEDING,1.41,1,APP
EVT-TRIP-583-1,TRIP-5832a4-1,2025-09-11 16:37:38,HARD_BRAKE,1.42,2,CALL
EVT-TRIP-583-2,TRIP-5832a4-1,2025-09-11 16:37:48,DISTRACTION,0.7,2,TEXT
EVT-TRIP-583-3,TRIP-5832a4-1,2025-09-11 16:37:58,SPEEDING,0.72,5,APP
EVT-TRIP-583-4,TRIP-5832a4-1,2025-09-11 16:38:08,DISTRACTION,0.55,3,NONE
EVT-TRIP-583-0,TRIP-5832a4-2,2025-09-11 16:37:28,HARD_BRAKE,1.25,2,CALL
EVT-TRIP-583-1,TRIP-5832a4-2,2025-09-11 16:37:38,DISTRACTION,1.04,3,CALL
EVT-TRIP-583-2,TRIP-5832a4-2,2025-09-11 16:37:48,SPEEDING,0.75,1,TEXT
EVT-TRIP-583-3,TRIP-5832a4-2,2025-09-11 16:37:58,SPEEDING,1.41,2,APP
EVT-TRIP-583-4,TRIP-5832a4-2,2025-09-11 16:38:08,HARD_BRAKE,1.46,5,CALL
EVT-TRIP-44e-0,TRIP-44e1c5-0,2025-09-11 16:37:28,SPEEDING,1.47,4,TEXT
EVT-TRIP-44e-1,TRIP-44e1c5-0,2025-09-11 16:37:38,HARD_BRAKE,1.0,5,TEXT
EVT-TRIP-44e-0,TRIP-44e1c5-1,2025-09-11 16:37:28,HARD_BRAKE,0.99,3,APP
EVT-TRIP-44e-1,TRIP-44e1c5-1,2025-09-11 16:37:38,DISTRACTION,0.86,3,TEXT
EVT-TRIP-44e-2,TRIP-44e1c5-1,2025-09-11 16:37:48,HARD_BRAKE,1.41,4,NONE
EVT-TRIP-44e-3,TRIP-44e1c5-1,2025-09-11 16:37:58,DISTRACTION,0.54,5,APP
EVT-TRIP-44e-4,TRIP-44e1c5-1,2025-09-11 16:38:08,SPEEDING,1.08,2,APP
EVT-TRIP-44e-0,TRIP-44e1c5-2,2025-09-11 16:37:28,HARD_BRAKE,1.32,5,TEXT
EVT-TRIP-44e-1,TRIP-44e1c5-2,2025-09-11 16:37:38,SPEEDING,0.68,1,CALL
EVT-TRIP-44e-2,TRIP-44e1c5-2,2025-09-11 16:37:48,DISTRACTION,0.61,5,APP
EVT-TRIP-44e-3,TRIP-44e1c5-2,2025-09-11 16:37:58,SPEEDING,1.12,3,TEXT
EVT-TRIP-44e-4,TRIP-44e1c5-2,2025-09-11 16:38:08,SPEEDING,1.39,1,APP
EVT-TRIP-840-0,TRIP-840f1b-0,2025-09-11 16:37:28,SPEEDING,0.86,4,APP
EVT-TRIP-840-1,TRIP-840f1b-0,2025-09-11 16:37:38,DISTRACTION,0.92,1,APP
EVT-TRIP-840-2,TRIP-840f1b-0,2025-09-11 16:37:48,HARD_BRAKE,1.4,5,NONE
EVT-TRIP-840-3,TRIP-840f1b-0,2025-09-11 16:37:58,HARD_BRAKE,1.11,1,TEXT
EVT-TRIP-840-4,TRIP-840f1b-0,2025-09-11 16:38:08,SPEEDING,0.98,5,TEXT
EVT-TRIP-840-0,TRIP-840f1b-1,2025-09-11 16:37:28,DISTRACTION,0.51,3,TEXT
EVT-TRIP-840-1,TRIP-840f1b-1,2025-09-11 16:37:38,SPEEDING,1.01,2,NONE
EVT-TRIP-840-0,TRIP-840f1b-2,2025-09-11 16:37:28,SPEEDING,0.85,2,TEXT
EVT-TRIP-840-1,TRIP-840f1b-2,2025-09-11 16:37:38,DISTRACTION,1.1,2,APP
EVT-TRIP-840-2,TRIP-840f1b-2,2025-09-11 16:37:48,DISTRACTION,1.21,5,APP
EVT-TRIP-840-3,TRIP-840f1b-2,2025-09-11 16:37:58,DISTRACTION,1.22,4,NONE
EVT-TRIP-840-4,TRIP-840f1b-2,2025-09-11 16:38:08,HARD_BRAKE,1.37,5,TEXT
EVT-TRIP-73f-0,TRIP-73f78c-0,2025-09-11 16:37:28,SPEEDING,0.6,2,TEXT
EVT-TRIP-73f-1,TRIP-73f78c-0,2025-09-11 16:37:38,DISTRACTION,1.36,5,APP
EVT-TRIP-73f-2,TRIP-73f78c-0,2025-09-11 16:37:48,HARD_BRAKE,1.24,5,NONE
EVT-TRIP-73f-3,TRIP-73f78c-0,2025-09-11 16:37:58,DISTRACTION,1.49,5,CALL
EVT-TRIP-73f-4,TRIP-73f78c-0,2025-09-11 16:38:08,SPEEDING,0.55,2,APP
EVT-TRIP-73f-0,TRIP-73f78c-1,2025-09-11 16:37:28,SPEEDING,1.31,1,APP
EVT-TRIP-73f-1,TRIP-73f78c-1,2025-09-11 16:37:38,DISTRACTION,0.94,4,NONE
EVT-TRIP-73f-2,TRIP-73f78c-1,2025-09-11 16:37:48,HARD_BRAKE,0.9,3,CALL
EVT-TRIP-73f-3,TRIP-73f78c-1,2025-09-11 16:37:58,DISTRACTION,1.45,1,APP
EVT-TRIP-73f-4,TRIP-73f78c-1,2025-09-11 16:38:08,SPEEDING,0.93,2,TEXT
EVT-TRIP-73f-0,TRIP-73f78c-2,2025-09-11 16:37:28,SPEEDING,1.31,2,CALL
EVT-TRIP-73f-1,TRIP-73f78c-2,2025-09-11 16:37:38,HARD_BRAKE,1.34,3,NONE
EVT-TRIP-73f-2,TRIP-73f78c-2,2025-09-11 16:37:48,DISTRACTION,0.92,3,CALL
EVT-TRIP-73f-3,TRIP-73f78c-2,2025-09-11 16:37:58,SPEEDING,1.21,2,NONE
EVT-TRIP-9d8-0,TRIP-9d8dee-0,2025-09-11 16:37:28,HARD_BRAKE,0.55,1,NONE
EVT-TRIP-9d8-1,TRIP-9d8dee-0,2025-09-11 16:37:38,DISTRACTION,0.74,1,CALL
EVT-TRIP-9d8-2,TRIP-9d8dee-0,2025-09-11 16:37:48,HARD_BRAKE,0.69,5,TEXT
EVT-TRIP-9d8-3,TRIP-9d8dee-0,2025-09-11 16:37:58,HARD_BRAKE,1.32,4,NONE
EVT-TRIP-9d8-4,TRIP-9d8dee-0,2025-09-11 16:38:08,SPEEDING,1.21,3,CALL
EVT-TRIP-9d8-0,TRIP-9d8dee-1,2025-09-11 16:37:28,HARD_BRAKE,1.31,3,CALL
EVT-TRIP-9d8-1,TRIP-9d8dee-1,2025-09-11 16:37:38,DISTRACTION,0.7,1,NONE
EVT-TRIP-9d8-2,TRIP-9d8dee-1,2025-09-11 16:37:48,SPEEDING,1.36,4,APP
EVT-TRIP-9d8-3,TRIP-9d8dee-1,2025-09-11 16:37:58,DISTRACTION,1.2,1,NONE
EVT-TRIP-9d8-4,TRIP-9d8dee-1,2025-09-11 16:38:08,HARD_BRAKE,0.53,2,TEXT
EVT-TRIP-9d8-0,TRIP-9d8dee-2,2025-09-11 16:37:28,DISTRACTION,0.6,4,APP
EVT-TRIP-9d8-1,TRIP-9d8dee-2,2025-09-11 16:37:38,HARD_BRAKE,0.97,1,CALL
EVT-TRIP-5e2-0,TRIP-5e2b5c-0,2025-09-11 16:37:28,HARD_BRAKE,0.55,2,APP
EVT-TRIP-5e2-1,TRIP-5e2b5c-0,2025-09-11 16:37:38,DISTRACTION,0.91,4,CALL
EVT-TRIP-5e2-2,TRIP-5e2b5c-0,2025-09-11 16:37:48,SPEEDING,1.44,1,NONE
EVT-TRIP-5e2-3,TRIP-5e2b5c-0,2025-09-11 16:37:58,DISTRACTION,0.99,1,NONE
EVT-TRIP-5e2-4,TRIP-5e2b5c-0,2025-09-11 16:38:08,HARD_BRAKE,1.35,4,APP
EVT-TRIP-5e2-0,TRIP-5e2b5c-1,2025-09-11 16:37:28,DISTRACTION,1.08,1,APP
EVT-TRIP-5e2-1,TRIP-5e2b5c-1,2025-09-11 16:37:38,HARD_BRAKE,1.27,4,TEXT
EVT-TRIP-5e2-2,TRIP-5e2b5c-1,2025-09-11 16:37:48,DISTRACTION,1.22,5,TEXT
EVT-TRIP-5e2-0,TRIP-5e2b5c-2,2025-09-11 16:37:28,SPEEDING,1.47,3,NONE
EVT-TRIP-5e2-1,TRIP-5e2b5c-2,2025-09-11 16:37:38,SPEEDING,0.55,5,TEXT
EVT-TRIP-5e2-2,TRIP-5e2b5c-2,2025-09-11 16:37:48,SPEEDING,0.7,2,TEXT
EVT-TRIP-429-0,TRIP-429431-0,2025-09-11 16:37:28,HARD_BRAKE,1.18,2,NONE
EVT-TRIP-429-1,TRIP-429431-0,2025-09-11 16:37:38,HARD_BRAKE,0.97,5,NONE
EVT-TRIP-429-0,TRIP-429431-1,2025-09-11 16:37:28,HARD_BRAKE,1.11,2,APP
EVT-TRIP-429-1,TRIP-429431-1,2025-09-11 16:37:38,DISTRACTION,1.41,4,TEXT
EVT-TRIP-429-2,TRIP-429431-1,2025-09-11 16:37:48,SPEEDING,1.35,1,TEXT
EVT-TRIP-429-3,TRIP-429431-1,2025-09-11 16:37:58,SPEEDING,1.21,5,CALL
EVT-TRIP-429-4,TRIP-429431-1,2025-09-11 16:38:08,SPEEDING,0.74,3,APP
EVT-TRIP-429-0,TRIP-429431-2,2025-09-11 16:37:28,DISTRACTION,1.13,1,APP
EVT-TRIP-429-1,TRIP-429431-2,2025-09-11 16:37:38,DISTRACTION,1.07,5,APP
EVT-TRIP-429-2,TRIP-429431-2,2025-09-11 16:37:48,DISTRACTION,0.95,1,APP
EVT-TRIP-429-3,TRIP-429431-2,2025-09-11 16:37:58,SPEEDING,0.7,2,NONE
EVT-TRIP-429-4,TRIP-429431-2,2025-09-11 16:38:08,SPEEDING,1.48,5,APP
EVT-TRIP-6c9-0,TRIP-6c9419-0,2025-09-11 16:37:28,DISTRACTION,0.69,5,NONE
EVT-TRIP-6c9-1,TRIP-6c9419-0,2025-09-11 16:37:38,SPEEDING,0.96,4,TEXT
EVT-TRIP-6c9-2,TRIP-6c9419-0,2025-09-11 16:37:48,SPEEDING,1.23,2,APP
EVT-TRIP-6c9-3,TRIP-6c9419-0,2025-09-11 16:37:58,HARD_BRAKE,1.47,3,CALL
EVT-TRIP-6c9-4,TRIP-6c9419-0,2025-09-11 16:38:08,DISTRACTION,0.76,2,TEXT
EVT-TRIP-6c9-0,TRIP-6c9419-1,2025-09-11 16:37:28,DISTRACTION,1.11,2,TEXT
EVT-TRIP-6c9-1,TRIP-6c9419-1,2025-09-11 16:37:38,SPEEDING,1.31,1,TEXT
EVT-TRIP-6c9-2,TRIP-6c9419-1,2025-09-11 16:37:48,SPEEDING,1.31,5,APP
EVT-TRIP-6c9-3,TRIP-6c9419-1,2025-09-11 16:37:58,DISTRACTION,0.59,1,TEXT
EVT-TRIP-6c9-4,TRIP-6c9419-1,2025-09-11 16:38:08,HARD_BRAKE,0.83,1,CALL
EVT-TRIP-6c9-0,TRIP-6c9419-2,2025-09-11 16:37:28,HARD_BRAKE,0.81,5,CALL
EVT-TRIP-6c9-1,TRIP-6c9419-2,2025-09-11 16:37:38,HARD_BRAKE,1.26,2,NONE
EVT-TRIP-c93-0,TRIP-c93dac-0,2025-09-11 16:37:28,SPEEDING,1.27,3,APP
EVT-TRIP-c93-1,TRIP-c93dac-0,2025-09-11 16:37:38,SPEEDING,0.8,1,APP
EVT-TRIP-c93-2,TRIP-c93dac-0,2025-09-11 16:37:48,SPEEDING,0.53,1,CALL
EVT-TRIP-c93-3,TRIP-c93dac-0,2025-09-11 16:37:58,DISTRACTION,0.54,3,NONE
EVT-TRIP-c93-4,TRIP-c93dac-0,2025-09-11 16:38:08,SPEEDING,0.51,5,APP
EVT-TRIP-c93-0,TRIP-c93dac-1,2025-09-11 16:37:28,DISTRACTION,1.42,1,APP
EVT-TRIP-c93-1,TRIP-c93dac-1,2025-09-11 16:37:38,HARD_BRAKE,0.61,1,APP
EVT-TRIP-c93-2,TRIP-c93dac-1,2025-09-11 16:37:48,DISTRACTION,0.55,2,APP
EVT-TRIP-c93-3,TRIP-c93dac-1,2025-09-11 16:37:58,HARD_BRAKE,1.39,2,APP
EVT-TRIP-c93-4,TRIP-c93dac-1,2025-09-11 16:38:08,DISTRACTION,1.35,4,CALL
EVT-TRIP-c93-0,TRIP-c93dac-2,2025-09-11 16:37:28,HARD_BRAKE,0.81,3,CALL
EVT-TRIP-c93-1,TRIP-c93dac-2,2025-09-11 16:37:38,SPEEDING,1.01,5,TEXT
EVT-TRIP-c93-2,TRIP-c93dac-2,2025-09-11 16:37:48,HARD_BRAKE,1.24,5,APP
EVT-TRIP-c93-3,TRIP-c93dac-2,2025-09-11 16:37:58,HARD_BRAKE,0.63,3,NONE
EVT-TRIP-91d-0,TRIP-91d70c-0,2025-09-11 16:37:28,HARD_BRAKE,1.34,4,TEXT
EVT-TRIP-91d-1,TRIP-91d70c-0,2025-09-11 16:37:38,DISTRACTION,0.79,5,APP
EVT-TRIP-91d-2,TRIP-91d70c-0,2025-09-11 16:37:48,DISTRACTION,0.74,1,TEXT
EVT-TRIP-91d-0,TRIP-91d70c-1,2025-09-11 16:37:28,HARD_BRAKE,0.9,4,APP
EVT-TRIP-91d-1,TRIP-91d70c-1,2025-09-11 16:37:38,HARD_BRAKE,1.17,2,TEXT
EVT-TRIP-91d-2,TRIP-91d70c-1,2025-09-11 16:37:48,SPEEDING,1.35,2,TEXT
EVT-TRIP-91d-3,TRIP-91d70c-1,2025-09-11 16:37:58,HARD_BRAKE,0.86,4,TEXT
EVT-TRIP-91d-4,TRIP-91d70c-1,2025-09-11 16:38:08,DISTRACTION,1.47,3,CALL
EVT-TRIP-91d-0,TRIP-91d70c-2,2025-09-11 16:37:28,DISTRACTION,1.01,5,APP
EVT-TRIP-91d-1,TRIP-91d70c-2,2025-09-11 16:37:38,SPEEDING,0.72,2,NONE
EVT-TRIP-91d-2,TRIP-91d70c-2,2025-09-11 16:37:48,DISTRACTION,1.03,1,TEXT
EVT-TRIP-ccb-0,TRIP-ccbe8c-0,2025-09-11 16:37:28,DISTRACTION,0.81,1,NONE
EVT-TRIP-ccb-1,TRIP-ccbe8c-0,2025-09-11 16:37:38,HARD_BRAKE,1.2,5,TEXT
EVT-TRIP-ccb-0,TRIP-ccbe8c-1,2025-09-11 16:37:28,SPEEDING,0.54,2,TEXT
EVT-TRIP-ccb-1,TRIP-ccbe8c-1,2025-09-11 16:37:38,HARD_BRAKE,0.89,4,TEXT
EVT-TRIP-ccb-2,TRIP-ccbe8c-1,2025-09-11 16:37:48,SPEEDING,0.62,2,CALL
EVT-TRIP-ccb-3,TRIP-ccbe8c-1,2025-09-11 16:37:58,DISTRACTION,0.57,3,CALL
EVT-TRIP-ccb-0,TRIP-ccbe8c-2,2025-09-11 16:37:28,HARD_BRAKE,0.85,2,APP
EVT-TRIP-ccb-1,TRIP-ccbe8c-2,2025-09-11 16:37:38,HARD_BRAKE,1.02,5,APP
EVT-TRIP-ccb-2,TRIP-ccbe8c-2,2025-09-11 16:37:48,DISTRACTION,0.8,3,NONE
EVT-TRIP-ccb-3,TRIP-ccbe8c-2,2025-09-11 16:37:58,HARD_BRAKE,1.43,1,APP
EVT-TRIP-ccb-4,TRIP-ccbe8c-2,2025-09-11 16:38:08,DISTRACTION,1.03,2,CALL
EVT-TRIP-cd8-0,TRIP-cd864f-0,2025-09-11 16:37:28,SPEEDING,1.1,1,CALL
EVT-TRIP-cd8-1,TRIP-cd864f-0,2025-09-11 16:37:38,SPEEDING,1.23,4,TEXT
EVT-TRIP-cd8-2,TRIP-cd864f-0,2025-09-11 16:37:48,HARD_BRAKE,1.42,2,CALL
EVT-TRIP-cd8-3,TRIP-cd864f-0,2025-09-11 16:37:58,DISTRACTION,0.87,3,TEXT
EVT-TRIP-cd8-4,TRIP-cd864f-0,2025-09-11 16:38:08,HARD_BRAKE,1.36,1,NONE
EVT-TRIP-cd8-0,TRIP-cd864f-1,2025-09-11 16:37:28,SPEEDING,1.12,1,CALL
EVT-TRIP-cd8-1,TRIP-cd864f-1,2025-09-11 16:37:38,SPEEDING,1.18,1,TEXT
EVT-TRIP-cd8-2,TRIP-cd864f-1,2025-09-11 16:37:48,DISTRACTION,0.58,3,NONE
EVT-TRIP-cd8-0,TRIP-cd864f-2,2025-09-11 16:37:28,SPEEDING,1.27,4,TEXT
EVT-TRIP-cd8-1,TRIP-cd864f-2,2025-09-11 16:37:38,DISTRACTION,0.72,2,NONE
EVT-TRIP-cd8-2,TRIP-cd864f-2,2025-09-11 16:37:48,HARD_BRAKE,1.36,3,CALL
EVT-TRIP-cd8-3,TRIP-cd864f-2,2025-09-11 16:37:58,SPEEDING,0.75,3,CALL
EVT-TRIP-cd8-4,TRIP-cd864f-2,2025-09-11 16:38:08,SPEEDING,0.63,2,APP
EVT-TRIP-a4b-0,TRIP-a4b94d-0,2025-09-11 16:37:28,SPEEDING,0.99,4,APP
EVT-TRIP-a4b-1,TRIP-a4b94d-0,2025-09-11 16:37:38,HARD_BRAKE,0.52,2,TEXT
EVT-TRIP-a4b-2,TRIP-a4b94d-0,2025-09-11 16:37:48,HARD_BRAKE,1.15,3,CALL
EVT-TRIP-a4b-3,TRIP-a4b94d-0,2025-09-11 16:37:58,SPEEDING,1.06,5,CALL
EVT-TRIP-a4b-0,TRIP-a4b94d-1,2025-09-11 16:37:28,HARD_BRAKE,1.03,3,CALL
EVT-TRIP-a4b-1,TRIP-a4b94d-1,2025-09-11 16:37:38,SPEEDING,0.93,4,NONE
EVT-TRIP-a4b-0,TRIP-a4b94d-2,2025-09-11 16:37:28,HARD_BRAKE,1.46,1,CALL
EVT-TRIP-a4b-1,TRIP-a4b94d-2,2025-09-11 16:37:38,DISTRACTION,0.64,1,CALL
EVT-TRIP-a4b-2,TRIP-a4b94d-2,2025-09-11 16:37:48,SPEEDING,0.7,5,APP
EVT-TRIP-a4b-3,TRIP-a4b94d-2,2025-09-11 16:37:58,SPEEDING,0.82,2,NONE
EVT-TRIP-a5b-0,TRIP-a5b828-0,2025-09-11 16:37:28,SPEEDING,1.08,5,CALL
EVT-TRIP-a5b-1,TRIP-a5b828-0,2025-09-11 16:37:38,SPEEDING,1.05,5,TEXT
EVT-TRIP-a5b-2,TRIP-a5b828-0,2025-09-11 16:37:48,HARD_BRAKE,1.17,2,NONE
EVT-TRIP-a5b-3,TRIP-a5b828-0,2025-09-11 16:37:58,SPEEDING,0.52,4,NONE
EVT-TRIP-a5b-4,TRIP-a5b828-0,2025-09-11 16:38:08,DISTRACTION,0.59,2,CALL
EVT-TRIP-a5b-0,TRIP-a5b828-1,2025-09-11 16:37:28,DISTRACTION,1.41,2,CALL
EVT-TRIP-a5b-1,TRIP-a5b828-1,2025-09-11 16:37:38,DISTRACTION,0.71,3,TEXT
EVT-TRIP-a5b-0,TRIP-a5b828-2,2025-09-11 16:37:28,DISTRACTION,1.06,2,CALL
EVT-TRIP-a5b-1,TRIP-a5b828-2,2025-09-11 16:37:38,SPEEDING,1.16,3,APP
EVT-TRIP-87e-0,TRIP-87ef9f-0,2025-09-11 16:37:28,HARD_BRAKE,0.88,1,TEXT
EVT-TRIP-87e-1,TRIP-87ef9f-0,2025-09-11 16:37:38,DISTRACTION,0.91,4,APP
EVT-TRIP-87e-2,TRIP-87ef9f-0,2025-09-11 16:37:48,HARD_BRAKE,0.74,4,APP
EVT-TRIP-87e-0,TRIP-87ef9f-1,2025-09-11 16:37:28,HARD_BRAKE,0.88,1,CALL
EVT-TRIP-87e-1,TRIP-87ef9f-1,2025-09-11 16:37:38,HARD_BRAKE,1.36,1,TEXT
EVT-TRIP-87e-2,TRIP-87ef9f-1,2025-09-11 16:37:48,HARD_BRAKE,0.89,4,TEXT
EVT-TRIP-87e-3,TRIP-87ef9f-1,2025-09-11 16:37:58,HARD_BRAKE,1.47,3,TEXT
EVT-TRIP-87e-4,TRIP-87ef9f-1,2025-09-11 16:38:08,DISTRACTION,1.16,4,CALL
EVT-TRIP-87e-0,TRIP-87ef9f-2,2025-09-11 16:37:28,SPEEDING,0.61,5,CALL
EVT-TRIP-87e-1,TRIP-87ef9f-2,2025-09-11 16:37:38,SPEEDING,0.85,2,CALL
EVT-TRIP-21d-0,TRIP-21d034-0,2025-09-11 16:37:28,SPEEDING,0.88,4,APP
EVT-TRIP-21d-1,TRIP-21d034-0,2025-09-11 16:37:38,SPEEDING,0.92,5,APP
EVT-TRIP-21d-2,TRIP-21d034-0,2025-09-11 16:37:48,HARD_BRAKE,1.16,2,CALL
EVT-TRIP-21d-3,TRIP-21d034-0,2025-09-11 16:37:58,DISTRACTION,0.53,3,APP
EVT-TRIP-21d-0,TRIP-21d034-1,2025-09-11 16:37:28,SPEEDING,1.26,5,CALL
EVT-TRIP-21d-1,TRIP-21d034-1,2025-09-11 16:37:38,HARD_BRAKE,0.61,2,CALL
EVT-TRIP-21d-2,TRIP-21d034-1,2025-09-11 16:37:48,SPEEDING,1.24,4,TEXT
EVT-TRIP-21d-3,TRIP-21d034-1,2025-09-11 16:37:58,HARD_BRAKE,1.17,4,TEXT
EVT-TRIP-21d-4,TRIP-21d034-1,2025-09-11 16:38:08,HARD_BRAKE,0.74,5,NONE
EVT-TRIP-21d-0,TRIP-21d034-2,2025-09-11 16:37:28,SPEEDING,0.98,3,APP
EVT-TRIP-21d-1,TRIP-21d034-2,2025-09-11 16:37:38,HARD_BRAKE,0.81,5,NONE
EVT-TRIP-21d-2,TRIP-21d034-2,2025-09-11 16:37:48,HARD_BRAKE,0.6,4,NONE
EVT-TRIP-21d-3,TRIP-21d034-2,2025-09-11 16:37:58,HARD_BRAKE,1.08,4,APP
EVT-TRIP-21d-4,TRIP-21d034-2,2025-09-11 16:38:08,SPEEDING,1.23,5,NONE
EVT-TRIP-712-0,TRIP-712c91-0,2025-09-11 16:37:28,SPEEDING,0.95,5,NONE
EVT-TRIP-712-1,TRIP-712c91-0,2025-09-11 16:37:38,HARD_BRAKE,0.63,2,APP
EVT-TRIP-712-2,TRIP-712c91-0,2025-09-11 16:37:48,DISTRACTION,0.63,3,TEXT
EVT-TRIP-712-3,TRIP-712c91-0,2025-09-11 16:37:58,SPEEDING,0.63,2,CALL
EVT-TRIP-712-0,TRIP-712c91-1,2025-09-11 16:37:28,SPEEDING,1.02,2,TEXT
EVT-TRIP-712-1,TRIP-712c91-1,2025-09-11 16:37:38,SPEEDING,0.76,5,APP
EVT-TRIP-712-2,TRIP-712c91-1,2025-09-11 16:37:48,SPEEDING,1.04,4,CALL
EVT-TRIP-712-0,TRIP-712c91-2,2025-09-11 16:37:28,HARD_BRAKE,0.72,3,NONE
EVT-TRIP-712-1,TRIP-712c91-2,2025-09-11 16:37:38,SPEEDING,1.17,2,TEXT
EVT-TRIP-837-0,TRIP-837843-0,2025-09-11 16:37:28,HARD_BRAKE,1.29,3,APP
EVT-TRIP-837-1,TRIP-837843-0,2025-09-11 16:37:38,DISTRACTION,1.23,4,CALL
EVT-TRIP-837-2,TRIP-837843-0,2025-09-11 16:37:48,HARD_BRAKE,0.95,5,NONE
EVT-TRIP-837-3,TRIP-837843-0,2025-09-11 16:37:58,SPEEDING,1.5,1,CALL
EVT-TRIP-837-0,TRIP-837843-1,2025-09-11 16:37:28,DISTRACTION,1.34,4,TEXT
EVT-TRIP-837-1,TRIP-837843-1,2025-09-11 16:37:38,HARD_BRAKE,1.41,4,CALL
EVT-TRIP-837-0,TRIP-837843-2,2025-09-11 16:37:28,SPEEDING,0.73,1,NONE
EVT-TRIP-837-1,TRIP-837843-2,2025-09-11 16:37:38,DISTRACTION,1.06,4,CALL
EVT-TRIP-837-2,TRIP-837843-2,2025-09-11 16:37:48,DISTRACTION,0.53,4,APP
EVT-TRIP-837-3,TRIP-837843-2,2025-09-11 16:37:58,DISTRACTION,1.38,3,APP
EVT-TRIP-a39-0,TRIP-a39652-0,2025-09-11 16:37:28,HARD_BRAKE,0.85,2,NONE
EVT-TRIP-a39-1,TRIP-a39652-0,2025-09-11 16:37:38,DISTRACTION,1.24,3,CALL
EVT-TRIP-a39-2,TRIP-a39652-0,2025-09-11 16:37:48,HARD_BRAKE,0.52,5,CALL
EVT-TRIP-a39-3,TRIP-a39652-0,2025-09-11 16:37:58,SPEEDING,0.56,4,NONE
EVT-TRIP-a39-0,TRIP-a39652-1,2025-09-11 16:37:28,HARD_BRAKE,0.96,1,APP
EVT-TRIP-a39-1,TRIP-a39652-1,2025-09-11 16:37:38,DISTRACTION,0.89,1,APP
EVT-TRIP-a39-2,TRIP-a39652-1,2025-09-11 16:37:48,DISTRACTION,0.82,1,CALL
EVT-TRIP-a39-3,TRIP-a39652-1,2025-09-11 16:37:58,DISTRACTION,1.36,4,TEXT
EVT-TRIP-a39-0,TRIP-a39652-2,2025-09-11 16:37:28,DISTRACTION,0.74,4,CALL
EVT-TRIP-a39-1,TRIP-a39652-2,2025-09-11 16:37:38,SPEEDING,0.92,5,APP
EVT-TRIP-a39-2,TRIP-a39652-2,2025-09-11 16:37:48,DISTRACTION,0.77,2,NONE
EVT-TRIP-a39-3,TRIP-a39652-2,2025-09-11 16:37:58,HARD_BRAKE,0.79,2,TEXT
EVT-TRIP-a39-4,TRIP-a39652-2,2025-09-11 16:38:08,DISTRACTION,1.21,3,APP
EVT-TRIP-ce9-0,TRIP-ce9bf2-0,2025-09-11 16:37:28,SPEEDING,1.27,2,TEXT
EVT-TRIP-ce9-1,TRIP-ce9bf2-0,2025-09-11 16:37:38,HARD_BRAKE,0.66,3,APP
EVT-TRIP-ce9-2,TRIP-ce9bf2-0,2025-09-11 16:37:48,DISTRACTION,0.59,2,NONE
EVT-TRIP-ce9-0,TRIP-ce9bf2-1,2025-09-11 16:37:28,DISTRACTION,0.53,3,CALL
EVT-TRIP-ce9-1,TRIP-ce9bf2-1,2025-09-11 16:37:38,SPEEDING,0.53,3,CALL
EVT-TRIP-ce9-2,TRIP-ce9bf2-1,2025-09-11 16:37:48,SPEEDING,1.2,1,CALL
EVT-TRIP-ce9-3,TRIP-ce9bf2-1,2025-09-11 16:37:58,HARD_BRAKE,0.57,2,APP
EVT-TRIP-ce9-0,TRIP-ce9bf2-2,2025-09-11 16:37:28,DISTRACTION,1.38,1,TEXT
EVT-TRIP-ce9-1,TRIP-ce9bf2-2,2025-09-11 16:37:38,DISTRACTION,0.76,1,TEXT
EVT-TRIP-ce9-2,TRIP-ce9bf2-2,2025-09-11 16:37:48,DISTRACTION,1.1,1,NONE
EVT-TRIP-ce9-3,TRIP-ce9bf2-2,2025-09-11 16:37:58,SPEEDING,0.86,2,APP
EVT-TRIP-7e2-0,TRIP-7e20b9-0,2025-09-11 16:37:28,HARD_BRAKE,0.97,1,TEXT
EVT-TRIP-7e2-1,TRIP-7e20b9-0,2025-09-11 16:37:38,HARD_BRAKE,0.65,4,CALL
EVT-TRIP-7e2-2,TRIP-7e20b9-0,2025-09-11 16:37:48,HARD_BRAKE,1.31,3,TEXT
EVT-TRIP-7e2-3,TRIP-7e20b9-0,2025-09-11 16:37:58,SPEEDING,0.59,1,CALL
EVT-TRIP-7e2-0,TRIP-7e20b9-1,2025-09-11 16:37:28,HARD_BRAKE,1.17,5,TEXT
EVT-TRIP-7e2-1,TRIP-7e20b9-1,2025-09-11 16:37:38,SPEEDING,1.43,1,NONE
EVT-TRIP-7e2-0,TRIP-7e20b9-2,2025-09-11 16:37:28,SPEEDING,1.32,1,APP
EVT-TRIP-7e2-1,TRIP-7e20b9-2,2025-09-11 16:37:38,SPEEDING,1.09,5,CALL
EVT-TRIP-7e2-2,TRIP-7e20b9-2,2025-09-11 16:37:48,DISTRACTION,0.79,3,TEXT
EVT-TRIP-7e2-3,TRIP-7e20b9-2,2025-09-11 16:37:58,HARD_BRAKE,1.3,2,APP
EVT-TRIP-556-0,TRIP-55634e-0,2025-09-11 16:37:28,DISTRACTION,0.58,5,APP
EVT-TRIP-556-1,TRIP-55634e-0,2025-09-11 16:37:38,SPEEDING,1.48,5,NONE
EVT-TRIP-556-2,TRIP-55634e-0,2025-09-11 16:37:48,HARD_BRAKE,1.15,2,APP
EVT-TRIP-556-3,TRIP-55634e-0,2025-09-11 16:37:58,HARD_BRAKE,0.76,1,APP
EVT-TRIP-556-4,TRIP-55634e-0,2025-09-11 16:38:08,HARD_BRAKE,1.33,3,APP
EVT-TRIP-556-0,TRIP-55634e-1,2025-09-11 16:37:28,SPEEDING,1.16,2,APP
EVT-TRIP-556-1,TRIP-55634e-1,2025-09-11 16:37:38,DISTRACTION,0.99,2,NONE
EVT-TRIP-556-0,TRIP-55634e-2,2025-09-11 16:37:28,DISTRACTION,1.25,4,TEXT
EVT-TRIP-556-1,TRIP-55634e-2,2025-09-11 16:37:38,DISTRACTION,0.91,1,TEXT
EVT-TRIP-556-2,TRIP-55634e-2,2025-09-11 16:37:48,HARD_BRAKE,0.83,3,APP
EVT-TRIP-556-3,TRIP-55634e-2,2025-09-11 16:37:58,HARD_BRAKE,1.29,4,APP
EVT-TRIP-2a9-0,TRIP-2a935a-0,2025-09-11 16:37:28,HARD_BRAKE,1.4,3,CALL
EVT-TRIP-2a9-1,TRIP-2a935a-0,2025-09-11 16:37:38,HARD_BRAKE,0.88,4,CALL
EVT-TRIP-2a9-2,TRIP-2a935a-0,2025-09-11 16:37:48,HARD_BRAKE,1.22,3,CALL
EVT-TRIP-2a9-3,TRIP-2a935a-0,2025-09-11 16:37:58,SPEEDING,1.09,4,APP
EVT-TRIP-2a9-4,TRIP-2a935a-0,2025-09-11 16:38:08,SPEEDING,0.88,5,CALL
EVT-TRIP-2a9-0,TRIP-2a935a-1,2025-09-11 16:37:28,HARD_BRAKE,1.05,5,CALL
EVT-TRIP-2a9-1,TRIP-2a935a-1,2025-09-11 16:37:38,HARD_BRAKE,0.58,1,NONE
EVT-TRIP-2a9-2,TRIP-2a935a-1,2025-09-11 16:37:48,HARD_BRAKE,0.94,3,NONE
EVT-TRIP-2a9-3,TRIP-2a935a-1,2025-09-11 16:37:58,DISTRACTION,0.53,1,TEXT
EVT-TRIP-2a9-0,TRIP-2a935a-2,2025-09-11 16:37:28,HARD_BRAKE,1.48,2,TEXT
EVT-TRIP-2a9-1,TRIP-2a935a-2,2025-09-11 16:37:38,SPEEDING,0.89,5,CALL
EVT-TRIP-2a9-2,TRIP-2a935a-2,2025-09-11 16:37:48,DISTRACTION,0.65,4,CALL
EVT-TRIP-84c-0,TRIP-84c5b2-0,2025-09-11 16:37:28,SPEEDING,0.64,2,NONE
EVT-TRIP-84c-1,TRIP-84c5b2-0,2025-09-11 16:37:38,SPEEDING,1.29,4,APP
EVT-TRIP-84c-0,TRIP-84c5b2-1,2025-09-11 16:37:28,HARD_BRAKE,1.09,3,TEXT
EVT-TRIP-84c-1,TRIP-84c5b2-1,2025-09-11 16:37:38,SPEEDING,0.88,4,TEXT
EVT-TRIP-84c-2,TRIP-84c5b2-1,2025-09-11 16:37:48,SPEEDING,1.19,1,TEXT
EVT-TRIP-84c-3,TRIP-84c5b2-1,2025-09-11 16:37:58,HARD_BRAKE,0.85,2,NONE
EVT-TRIP-84c-0,TRIP-84c5b2-2,2025-09-11 16:37:28,HARD_BRAKE,1.17,3,CALL
EVT-TRIP-84c-1,TRIP-84c5b2-2,2025-09-11 16:37:38,DISTRACTION,0.95,1,CALL
EVT-TRIP-84c-2,TRIP-84c5b2-2,2025-09-11 16:37:48,SPEEDING,0.82,2,CALL
EVT-TRIP-84c-3,TRIP-84c5b2-2,2025-09-11 16:37:58,HARD_BRAKE,0.6,2,CALL
EVT-TRIP-84c-4,TRIP-84c5b2-2,2025-09-11 16:38:08,HARD_BRAKE,1.0,5,APP
EVT-TRIP-e1c-0,TRIP-e1c734-0,2025-09-11 16:37:28,SPEEDING,1.34,4,TEXT
EVT-TRIP-e1c-1,TRIP-e1c734-0,2025-09-11 16:37:38,HARD_BRAKE,0.61,4,CALL
EVT-TRIP-e1c-2,TRIP-e1c734-0,2025-09-11 16:37:48,SPEEDING,0.62,1,NONE
EVT-TRIP-e1c-3,TRIP-e1c734-0,2025-09-11 16:37:58,HARD_BRAKE,1.25,5,CALL
EVT-TRIP-e1c-0,TRIP-e1c734-1,2025-09-11 16:37:28,SPEEDING,0.88,1,APP
EVT-TRIP-e1c-1,TRIP-e1c734-1,2025-09-11 16:37:38,DISTRACTION,0.51,2,TEXT
EVT-TRIP-e1c-2,TRIP-e1c734-1,2025-09-11 16:37:48,HARD_BRAKE,1.08,4,TEXT
EVT-TRIP-e1c-0,TRIP-e1c734-2,2025-09-11 16:37:28,DISTRACTION,1.26,1,NONE
EVT-TRIP-e1c-1,TRIP-e1c734-2,2025-09-11 16:37:38,DISTRACTION,0.57,5,NONE
EVT-TRIP-ee1-0,TRIP-ee1757-0,2025-09-11 16:37:28,DISTRACTION,0.95,4,APP
EVT-TRIP-ee1-1,TRIP-ee1757-0,2025-09-11 16:37:38,HARD_BRAKE,1.35,4,TEXT
EVT-TRIP-ee1-0,TRIP-ee1757-1,2025-09-11 16:37:28,SPEEDING,1.15,2,TEXT
EVT-TRIP-ee1-1,TRIP-ee1757-1,2025-09-11 16:37:38,DISTRACTION,1.23,1,CALL
EVT-TRIP-ee1-2,TRIP-ee1757-1,2025-09-11 16:37:48,SPEEDING,0.96,4,TEXT
EVT-TRIP-ee1-3,TRIP-ee1757-1,2025-09-11 16:37:58,DISTRACTION,0.91,4,NONE
EVT-TRIP-ee1-4,TRIP-ee1757-1,2025-09-11 16:38:08,DISTRACTION,1.35,4,NONE
EVT-TRIP-ee1-0,TRIP-ee1757-2,2025-09-11 16:37:28,HARD_BRAKE,1.07,2,TEXT
EVT-TRIP-ee1-1,TRIP-ee1757-2,2025-09-11 16:37:38,HARD_BRAKE,1.17,2,APP
EVT-TRIP-ee1-2,TRIP-ee1757-2,2025-09-11 16:37:48,SPEEDING,0.88,5,TEXT
EVT-TRIP-26e-0,TRIP-26ed0f-0,2025-09-11 16:37:28,SPEEDING,1.45,2,TEXT
EVT-TRIP-26e-1,TRIP-26ed0f-0,2025-09-11 16:37:38,SPEEDING,0.97,4,TEXT
EVT-TRIP-26e-2,TRIP-26ed0f-0,2025-09-11 16:37:48,DISTRACTION,0.75,4,CALL
EVT-TRIP-26e-3,TRIP-26ed0f-0,2025-09-11 16:37:58,DISTRACTION,0.88,3,CALL
EVT-TRIP-26e-4,TRIP-26ed0f-0,2025-09-11 16:38:08,SPEEDING,0.7,3,TEXT
EVT-TRIP-26e-0,TRIP-26ed0f-1,2025-09-11 16:37:28,DISTRACTION,0.72,3,CALL
EVT-TRIP-26e-1,TRIP-26ed0f-1,2025-09-11 16:37:38,HARD_BRAKE,0.89,1,NONE
EVT-TRIP-26e-2,TRIP-26ed0f-1,2025-09-11 16:37:48,SPEEDING,1.12,2,TEXT
EVT-TRIP-26e-3,TRIP-26ed0f-1,2025-09-11 16:37:58,HARD_BRAKE,1.0,3,NONE
EVT-TRIP-26e-0,TRIP-26ed0f-2,2025-09-11 16:37:28,SPEEDING,0.77,2,NONE
EVT-TRIP-26e-1,TRIP-26ed0f-2,2025-09-11 16:37:38,SPEEDING,1.23,1,APP
EVT-TRIP-c6b-0,TRIP-c6ba1b-0,2025-09-11 16:37:28,DISTRACTION,0.86,3,TEXT
EVT-TRIP-c6b-1,TRIP-c6ba1b-0,2025-09-11 16:37:38,HARD_BRAKE,0.5,3,APP
EVT-TRIP-c6b-0,TRIP-c6ba1b-1,2025-09-11 16:37:28,HARD_BRAKE,0.61,2,TEXT
EVT-TRIP-c6b-1,TRIP-c6ba1b-1,2025-09-11 16:37:38,HARD_BRAKE,1.21,5,CALL
EVT-TRIP-c6b-2,TRIP-c6ba1b-1,2025-09-11 16:37:48,SPEEDING,0.93,4,APP
EVT-TRIP-c6b-0,TRIP-c6ba1b-2,2025-09-11 16:37:28,DISTRACTION,1.5,3,APP
EVT-TRIP-c6b-1,TRIP-c6ba1b-2,2025-09-11 16:37:38,SPEEDING,1.02,2,TEXT
EVT-TRIP-cb0-0,TRIP-cb06c4-0,2025-09-11 16:37:28,HARD_BRAKE,1.1,1,CALL
EVT-TRIP-cb0-1,TRIP-cb06c4-0,2025-09-11 16:37:38,DISTRACTION,0.93,2,CALL
EVT-TRIP-cb0-0,TRIP-cb06c4-1,2025-09-11 16:37:28,HARD_BRAKE,1.29,5,NONE
EVT-TRIP-cb0-1,TRIP-cb06c4-1,2025-09-11 16:37:38,SPEEDING,1.38,2,CALL
EVT-TRIP-cb0-2,TRIP-cb06c4-1,2025-09-11 16:37:48,SPEEDING,0.68,4,APP
EVT-TRIP-cb0-3,TRIP-cb06c4-1,2025-09-11 16:37:58,HARD_BRAKE,0.5,2,APP
EVT-TRIP-cb0-4,TRIP-cb06c4-1,2025-09-11 16:38:08,HARD_BRAKE,1.44,2,APP
EVT-TRIP-cb0-0,TRIP-cb06c4-2,2025-09-11 16:37:28,DISTRACTION,1.26,2,TEXT
EVT-TRIP-cb0-1,TRIP-cb06c4-2,2025-09-11 16:37:38,HARD_BRAKE,0.87,2,TEXT
EVT-TRIP-cb0-2,TRIP-cb06c4-2,2025-09-11 16:37:48,HARD_BRAKE,0.67,4,CALL
EVT-TRIP-cb0-3,TRIP-cb06c4-2,2025-09-11 16:37:58,DISTRACTION,1.0,3,CALL
EVT-TRIP-fec-0,TRIP-fecab0-0,2025-09-11 16:37:28,HARD_BRAKE,0.71,2,TEXT
EVT-TRIP-fec-1,TRIP-fecab0-0,2025-09-11 16:37:38,HARD_BRAKE,0.89,3,APP
EVT-TRIP-fec-2,TRIP-fecab0-0,2025-09-11 16:37:48,HARD_BRAKE,1.25,2,NONE
EVT-TRIP-fec-3,TRIP-fecab0-0,2025-09-11 16:37:58,DISTRACTION,0.92,4,NONE
EVT-TRIP-fec-0,TRIP-fecab0-1,2025-09-11 16:37:28,SPEEDING,1.21,2,CALL
EVT-TRIP-fec-1,TRIP-fecab0-1,2025-09-11 16:37:38,SPEEDING,1.22,3,APP
EVT-TRIP-fec-2,TRIP-fecab0-1,2025-09-11 16:37:48,DISTRACTION,1.33,1,CALL
EVT-TRIP-fec-3,TRIP-fecab0-1,2025-09-11 16:37:58,SPEEDING,1.01,4,TEXT
EVT-TRIP-fec-4,TRIP-fecab0-1,2025-09-11 16:38:08,SPEEDING,0.89,3,TEXT
EVT-TRIP-fec-0,TRIP-fecab0-2,2025-09-11 16:37:28,HARD_BRAKE,0.58,2,TEXT
EVT-TRIP-fec-1,TRIP-fecab0-2,2025-09-11 16:37:38,SPEEDING,0.69,2,TEXT
EVT-TRIP-fec-2,TRIP-fecab0-2,2025-09-11 16:37:48,HARD_BRAKE,1.2,3,TEXT
EVT-TRIP-fec-3,TRIP-fecab0-2,2025-09-11 16:37:58,SPEEDING,1.0,4,TEXT
EVT-TRIP-e06-0,TRIP-e065ed-0,2025-09-11 16:37:28,SPEEDING,1.44,4,CALL
EVT-TRIP-e06-1,TRIP-e065ed-0,2025-09-11 16:37:38,SPEEDING,0.7,3,CALL
EVT-TRIP-e06-0,TRIP-e065ed-1,2025-09-11 16:37:28,HARD_BRAKE,0.99,3,TEXT
EVT-TRIP-e06-1,TRIP-e065ed-1,2025-09-11 16:37:38,HARD_BRAKE,0.57,1,NONE
EVT-TRIP-e06-2,TRIP-e065ed-1,2025-09-11 16:37:48,SPEEDING,1.28,3,NONE
EVT-TRIP-e06-0,TRIP-e065ed-2,2025-09-11 16:37:28,SPEEDING,1.06,4,APP
EVT-TRIP-e06-1,TRIP-e065ed-2,2025-09-11 16:37:38,SPEEDING,1.0,5,CALL
EVT-TRIP-e06-2,TRIP-e065ed-2,2025-09-11 16:37:48,HARD_BRAKE,0.87,2,TEXT
EVT-TRIP-e06-3,TRIP-e065ed-2,2025-09-11 16:37:58,HARD_BRAKE,1.16,4,CALL
EVT-TRIP-4ec-0,TRIP-4ec672-0,2025-09-11 16:37:28,DISTRACTION,1.44,2,NONE
EVT-TRIP-4ec-1,TRIP-4ec672-0,2025-09-11 16:37:38,HARD_BRAKE,1.23,1,CALL
EVT-TRIP-4ec-2,TRIP-4ec672-0,2025-09-11 16:37:48,HARD_BRAKE,0.68,3,CALL
EVT-TRIP-4ec-0,TRIP-4ec672-1,2025-09-11 16:37:28,HARD_BRAKE,1.05,1,APP
EVT-TRIP-4ec-1,TRIP-4ec672-1,2025-09-11 16:37:38,SPEEDING,0.67,1,TEXT
EVT-TRIP-4ec-2,TRIP-4ec672-1,2025-09-11 16:37:48,DISTRACTION,0.95,5,APP
EVT-TRIP-4ec-3,TRIP-4ec672-1,2025-09-11 16:37:58,HARD_BRAKE,0.93,2,NONE
EVT-TRIP-4ec-0,TRIP-4ec672-2,2025-09-11 16:37:28,HARD_BRAKE,1.42,5,NONE
EVT-TRIP-4ec-1,TRIP-4ec672-2,2025-09-11 16:37:38,SPEEDING,0.92,1,CALL
EVT-TRIP-1ba-0,TRIP-1bad94-0,2025-09-11 16:37:28,HARD_BRAKE,1.14,4,CALL
EVT-TRIP-1ba-1,TRIP-1bad94-0,2025-09-11 16:37:38,DISTRACTION,1.34,2,CALL
EVT-TRIP-1ba-2,TRIP-1bad94-0,2025-09-11 16:37:48,SPEEDING,1.3,2,NONE
EVT-TRIP-1ba-3,TRIP-1bad94-0,2025-09-11 16:37:58,SPEEDING,0.62,3,TEXT
EVT-TRIP-1ba-4,TRIP-1bad94-0,2025-09-11 16:38:08,HARD_BRAKE,0.76,2,TEXT
EVT-TRIP-1ba-0,TRIP-1bad94-1,2025-09-11 16:37:28,DISTRACTION,1.32,4,CALL
EVT-TRIP-1ba-1,TRIP-1bad94-1,2025-09-11 16:37:38,SPEEDING,1.1,5,CALL
EVT-TRIP-1ba-2,TRIP-1bad94-1,2025-09-11 16:37:48,SPEEDING,0.58,2,TEXT
EVT-TRIP-1ba-0,TRIP-1bad94-2,2025-09-11 16:37:28,DISTRACTION,1.06,1,NONE
EVT-TRIP-1ba-1,TRIP-1bad94-2,2025-09-11 16:37:38,DISTRACTION,0.52,3,APP
EVT-TRIP-712-0,TRIP-712ceb-0,2025-09-11 16:37:28,SPEEDING,0.53,4,NONE
EVT-TRIP-712-1,TRIP-712ceb-0,2025-09-11 16:37:38,SPEEDING,1.07,4,NONE
EVT-TRIP-712-2,TRIP-712ceb-0,2025-09-11 16:37:48,DISTRACTION,1.13,4,CALL
EVT-TRIP-712-3,TRIP-712ceb-0,2025-09-11 16:37:58,HARD_BRAKE,1.44,5,NONE
EVT-TRIP-712-4,TRIP-712ceb-0,2025-09-11 16:38:08,HARD_BRAKE,0.95,2,CALL
EVT-TRIP-712-0,TRIP-712ceb-1,2025-09-11 16:37:28,DISTRACTION,0.87,3,APP
EVT-TRIP-712-1,TRIP-712ceb-1,2025-09-11 16:37:38,SPEEDING,0.53,1,TEXT
EVT-TRIP-712-0,TRIP-712ceb-2,2025-09-11 16:37:28,HARD_BRAKE,1.41,4,NONE
EVT-TRIP-712-1,TRIP-712ceb-2,2025-09-11 16:37:38,SPEEDING,1.03,4,TEXT
EVT-TRIP-712-2,TRIP-712ceb-2,2025-09-11 16:37:48,SPEEDING,0.97,5,CALL
EVT-TRIP-712-3,TRIP-712ceb-2,2025-09-11 16:37:58,SPEEDING,0.84,2,TEXT
EVT-TRIP-5f2-0,TRIP-5f2fb7-0,2025-09-11 16:37:28,HARD_BRAKE,1.49,3,APP
EVT-TRIP-5f2-1,TRIP-5f2fb7-0,2025-09-11 16:37:38,SPEEDING,0.99,5,CALL
EVT-TRIP-5f2-2,TRIP-5f2fb7-0,2025-09-11 16:37:48,SPEEDING,0.86,4,APP
EVT-TRIP-5f2-3,TRIP-5f2fb7-0,2025-09-11 16:37:58,HARD_BRAKE,0.91,3,TEXT
EVT-TRIP-5f2-4,TRIP-5f2fb7-0,2025-09-11 16:38:08,HARD_BRAKE,1.04,1,TEXT
EVT-TRIP-5f2-0,TRIP-5f2fb7-1,2025-09-11 16:37:28,SPEEDING,1.07,1,CALL
EVT-TRIP-5f2-1,TRIP-5f2fb7-1,2025-09-11 16:37:38,DISTRACTION,1.2,4,NONE
EVT-TRIP-5f2-2,TRIP-5f2fb7-1,2025-09-11 16:37:48,HARD_BRAKE,0.76,1,TEXT
EVT-TRIP-5f2-0,TRIP-5f2fb7-2,2025-09-11 16:37:28,DISTRACTION,1.03,5,APP
EVT-TRIP-5f2-1,TRIP-5f2fb7-2,2025-09-11 16:37:38,DISTRACTION,1.42,4,CALL
EVT-TRIP-5f2-2,TRIP-5f2fb7-2,2025-09-11 16:37:48,HARD_BRAKE,0.69,2,APP
EVT-TRIP-5f2-3,TRIP-5f2fb7-2,2025-09-11 16:37:58,HARD_BRAKE,0.88,5,NONE
EVT-TRIP-5f2-4,TRIP-5f2fb7-2,2025-09-11 16:38:08,DISTRACTION,0.72,3,CALL
EVT-TRIP-278-0,TRIP-278db7-0,2025-09-11 16:37:28,HARD_BRAKE,0.84,2,NONE
EVT-TRIP-278-1,TRIP-278db7-0,2025-09-11 16:37:38,SPEEDING,0.61,2,TEXT
EVT-TRIP-278-0,TRIP-278db7-1,2025-09-11 16:37:28,DISTRACTION,1.07,3,TEXT
EVT-TRIP-278-1,TRIP-278db7-1,2025-09-11 16:37:38,SPEEDING,1.17,1,TEXT
EVT-TRIP-278-2,TRIP-278db7-1,2025-09-11 16:37:48,DISTRACTION,1.03,1,CALL
EVT-TRIP-278-3,TRIP-278db7-1,2025-09-11 16:37:58,SPEEDING,0.76,2,APP
EVT-TRIP-278-4,TRIP-278db7-1,2025-09-11 16:38:08,DISTRACTION,1.31,5,TEXT
EVT-TRIP-278-0,TRIP-278db7-2,2025-09-11 16:37:28,SPEEDING,1.21,2,CALL
EVT-TRIP-278-1,TRIP-278db7-2,2025-09-11 16:37:38,HARD_BRAKE,1.37,5,CALL
EVT-TRIP-278-2,TRIP-278db7-2,2025-09-11 16:37:48,HARD_BRAKE,1.42,1,TEXT
EVT-TRIP-af8-0,TRIP-af857c-0,2025-09-11 16:37:28,SPEEDING,1.12,3,TEXT
EVT-TRIP-af8-1,TRIP-af857c-0,2025-09-11 16:37:38,HARD_BRAKE,0.78,3,CALL
EVT-TRIP-af8-2,TRIP-af857c-0,2025-09-11 16:37:48,DISTRACTION,0.57,1,CALL
EVT-TRIP-af8-0,TRIP-af857c-1,2025-09-11 16:37:28,HARD_BRAKE,1.24,5,APP
EVT-TRIP-af8-1,TRIP-af857c-1,2025-09-11 16:37:38,DISTRACTION,0.55,5,TEXT
EVT-TRIP-af8-2,TRIP-af857c-1,2025-09-11 16:37:48,SPEEDING,0.92,4,APP
EVT-TRIP-af8-3,TRIP-af857c-1,2025-09-11 16:37:58,DISTRACTION,0.5,4,APP
EVT-TRIP-af8-0,TRIP-af857c-2,2025-09-11 16:37:28,SPEEDING,0.84,1,NONE
EVT-TRIP-af8-1,TRIP-af857c-2,2025-09-11 16:37:38,SPEEDING,1.4,1,APP
EVT-TRIP-720-0,TRIP-720d3a-0,2025-09-11 16:37:28,SPEEDING,1.4,5,APP
EVT-TRIP-720-1,TRIP-720d3a-0,2025-09-11 16:37:38,SPEEDING,0.71,5,CALL
EVT-TRIP-720-2,TRIP-720d3a-0,2025-09-11 16:37:48,DISTRACTION,0.8,2,CALL
EVT-TRIP-720-0,TRIP-720d3a-1,2025-09-11 16:37:28,SPEEDING,1.26,5,CALL
EVT-TRIP-720-1,TRIP-720d3a-1,2025-09-11 16:37:38,SPEEDING,0.9,2,TEXT
EVT-TRIP-720-0,TRIP-720d3a-2,2025-09-11 16:37:28,HARD_BRAKE,1.33,2,CALL
EVT-TRIP-720-1,TRIP-720d3a-2,2025-09-11 16:37:38,SPEEDING,0.83,4,TEXT
EVT-TRIP-19f-0,TRIP-19f7fd-0,2025-09-11 16:37:28,HARD_BRAKE,0.82,4,APP
EVT-TRIP-19f-1,TRIP-19f7fd-0,2025-09-11 16:37:38,SPEEDING,1.07,5,TEXT
EVT-TRIP-19f-2,TRIP-19f7fd-0,2025-09-11 16:37:48,DISTRACTION,0.93,2,CALL
EVT-TRIP-19f-0,TRIP-19f7fd-1,2025-09-11 16:37:28,SPEEDING,1.24,3,APP
EVT-TRIP-19f-1,TRIP-19f7fd-1,2025-09-11 16:37:38,SPEEDING,0.89,5,APP
EVT-TRIP-19f-2,TRIP-19f7fd-1,2025-09-11 16:37:48,SPEEDING,0.57,3,APP
EVT-TRIP-19f-3,TRIP-19f7fd-1,2025-09-11 16:37:58,SPEEDING,0.75,3,TEXT
EVT-TRIP-19f-4,TRIP-19f7fd-1,2025-09-11 16:38:08,DISTRACTION,0.63,5,CALL
EVT-TRIP-19f-0,TRIP-19f7fd-2,2025-09-11 16:37:28,HARD_BRAKE,0.9,4,CALL
EVT-TRIP-19f-1,TRIP-19f7fd-2,2025-09-11 16:37:38,SPEEDING,1.13,3,CALL
EVT-TRIP-0cd-0,TRIP-0cd799-0,2025-09-11 16:37:28,SPEEDING,1.36,4,CALL
EVT-TRIP-0cd-1,TRIP-0cd799-0,2025-09-11 16:37:38,DISTRACTION,1.05,4,NONE
EVT-TRIP-0cd-2,TRIP-0cd799-0,2025-09-11 16:37:48,SPEEDING,0.73,1,TEXT
EVT-TRIP-0cd-3,TRIP-0cd799-0,2025-09-11 16:37:58,SPEEDING,0.87,5,TEXT
EVT-TRIP-0cd-0,TRIP-0cd799-1,2025-09-11 16:37:28,DISTRACTION,0.79,3,TEXT
EVT-TRIP-0cd-1,TRIP-0cd799-1,2025-09-11 16:37:38,SPEEDING,1.14,4,CALL
EVT-TRIP-0cd-0,TRIP-0cd799-2,2025-09-11 16:37:28,HARD_BRAKE,0.89,5,TEXT
EVT-TRIP-0cd-1,TRIP-0cd799-2,2025-09-11 16:37:38,SPEEDING,1.2,5,CALL
EVT-TRIP-0cd-2,TRIP-0cd799-2,2025-09-11 16:37:48,HARD_BRAKE,1.46,3,NONE
EVT-TRIP-0cd-3,TRIP-0cd799-2,2025-09-11 16:37:58,DISTRACTION,0.93,1,NONE
EVT-TRIP-9a5-0,TRIP-9a5987-0,2025-09-11 16:37:28,HARD_BRAKE,0.57,1,NONE
EVT-TRIP-9a5-1,TRIP-9a5987-0,2025-09-11 16:37:38,DISTRACTION,0.64,3,NONE
EVT-TRIP-9a5-0,TRIP-9a5987-1,2025-09-11 16:37:28,SPEEDING,0.99,5,APP
EVT-TRIP-9a5-1,TRIP-9a5987-1,2025-09-11 16:37:38,SPEEDING,1.24,4,NONE
EVT-TRIP-9a5-2,TRIP-9a5987-1,2025-09-11 16:37:48,DISTRACTION,1.0,3,TEXT
EVT-TRIP-9a5-0,TRIP-9a5987-2,2025-09-11 16:37:28,SPEEDING,1.09,3,NONE
EVT-TRIP-9a5-1,TRIP-9a5987-2,2025-09-11 16:37:38,SPEEDING,1.23,4,NONE
EVT-TRIP-278-0,TRIP-278c8a-0,2025-09-11 16:37:28,HARD_BRAKE,1.12,4,TEXT
EVT-TRIP-278-1,TRIP-278c8a-0,2025-09-11 16:37:38,SPEEDING,1.41,2,APP
EVT-TRIP-278-2,TRIP-278c8a-0,2025-09-11 16:37:48,HARD_BRAKE,0.92,5,APP
EVT-TRIP-278-3,TRIP-278c8a-0,2025-09-11 16:37:58,DISTRACTION,1.24,4,NONE
EVT-TRIP-278-0,TRIP-278c8a-1,2025-09-11 16:37:28,SPEEDING,0.66,1,TEXT
EVT-TRIP-278-1,TRIP-278c8a-1,2025-09-11 16:37:38,DISTRACTION,0.98,1,CALL
EVT-TRIP-278-2,TRIP-278c8a-1,2025-09-11 16:37:48,HARD_BRAKE,0.81,3,TEXT
EVT-TRIP-278-0,TRIP-278c8a-2,2025-09-11 16:37:28,HARD_BRAKE,1.07,2,NONE
EVT-TRIP-278-1,TRIP-278c8a-2,2025-09-11 16:37:38,HARD_BRAKE,1.08,3,TEXT
EVT-TRIP-8ba-0,TRIP-8baaff-0,2025-09-11 16:37:28,DISTRACTION,1.18,4,APP
EVT-TRIP-8ba-1,TRIP-8baaff-0,2025-09-11 16:37:38,HARD_BRAKE,0.51,2,APP
EVT-TRIP-8ba-2,TRIP-8baaff-0,2025-09-11 16:37:48,DISTRACTION,1.28,1,TEXT
EVT-TRIP-8ba-3,TRIP-8baaff-0,2025-09-11 16:37:58,DISTRACTION,1.03,2,NONE
EVT-TRIP-8ba-0,TRIP-8baaff-1,2025-09-11 16:37:28,SPEEDING,1.09,1,NONE
EVT-TRIP-8ba-1,TRIP-8baaff-1,2025-09-11 16:37:38,SPEEDING,1.12,4,CALL
EVT-TRIP-8ba-2,TRIP-8baaff-1,2025-09-11 16:37:48,SPEEDING,1.43,4,TEXT
EVT-TRIP-8ba-3,TRIP-8baaff-1,2025-09-11 16:37:58,SPEEDING,1.19,3,CALL
EVT-TRIP-8ba-0,TRIP-8baaff-2,2025-09-11 16:37:28,HARD_BRAKE,0.66,3,CALL
EVT-TRIP-8ba-1,TRIP-8baaff-2,2025-09-11 16:37:38,DISTRACTION,0.8,4,APP
EVT-TRIP-46e-0,TRIP-46e0ef-0,2025-09-11 16:37:28,HARD_BRAKE,0.9,3,APP
EVT-TRIP-46e-1,TRIP-46e0ef-0,2025-09-11 16:37:38,HARD_BRAKE,1.22,2,CALL
EVT-TRIP-46e-0,TRIP-46e0ef-1,2025-09-11 16:37:28,HARD_BRAKE,0.79,3,TEXT
EVT-TRIP-46e-1,TRIP-46e0ef-1,2025-09-11 16:37:38,SPEEDING,0.61,3,CALL
EVT-TRIP-46e-2,TRIP-46e0ef-1,2025-09-11 16:37:48,SPEEDING,1.14,4,CALL
EVT-TRIP-46e-3,TRIP-46e0ef-1,2025-09-11 16:37:58,HARD_BRAKE,1.3,1,TEXT
EVT-TRIP-46e-4,TRIP-46e0ef-1,2025-09-11 16:38:08,SPEEDING,0.88,4,NONE
EVT-TRIP-46e-0,TRIP-46e0ef-2,2025-09-11 16:37:28,HARD_BRAKE,0.62,4,APP
EVT-TRIP-46e-1,TRIP-46e0ef-2,2025-09-11 16:37:38,SPEEDING,1.3,5,APP
